1629335410.909132,0.000000,-1.008904,-0.503772,0.200640,
1629335410.914686,0.000000,-1.009140,-0.503589,0.200699,
1629335410.920239,0.000000,-1.009009,-0.503720,0.200660,
1629335410.925797,0.000000,-1.009075,-0.503725,0.200855,
1629335410.931350,0.000000,-1.008989,-0.503719,0.200643,
1629335410.936907,0.000000,-1.009129,-0.503624,0.200811,
1629335410.942467,0.000000,-1.009069,-0.503714,0.200722,
1629335410.948031,0.000000,-1.008969,-0.503779,0.200640,
1629335410.953580,0.000000,-1.009074,-0.503687,0.200720,
1629335410.959130,0.000000,-1.009178,-0.503684,0.200834,
1629335410.964692,0.000000,-1.008945,-0.503663,0.200624,
1629335410.970240,0.000000,-1.009387,-0.503567,0.200809,
1629335410.975799,0.000000,-1.009063,-0.503709,0.200722,
1629335410.981363,0.000000,-1.008952,-0.503733,0.200621,
1629335410.986912,0.000000,-1.009068,-0.503698,0.200709,
1629335410.992467,0.000000,-1.008996,-0.503720,0.200649,
1629335410.998029,0.000000,-1.009172,-0.503680,0.200842,
1629335411.003577,0.000000,-1.008991,-0.503704,0.200640,
1629335411.009137,0.000000,-1.009127,-0.503797,0.200871,
1629335411.014694,0.000000,-1.008985,-0.503728,0.200756,
1629335411.020241,0.000000,-1.009054,-0.503597,0.200623,
1629335411.025810,0.000000,-1.009075,-0.503701,0.200722,
1629335411.031364,0.000000,-1.008921,-0.503836,0.200667,
1629335411.036907,0.000000,-1.009002,-0.503774,0.200876,
1629335411.042546,0.000000,-1.008988,-0.503712,0.200653,
1629335411.048033,0.000000,-1.008977,-0.503720,0.200642,
1629335411.053578,0.000000,-1.009056,-0.503726,0.200620,
1629335411.059143,0.000000,-1.009163,-0.503677,0.200717,
1629335421.597992,0.000000,-1.009036,-0.503663,0.200838,
1629335421.603541,0.000000,-1.009048,-0.503728,0.200612,
1629335421.609103,0.000000,-1.008970,-0.503725,0.200615,
1629335421.614655,0.000000,-1.009055,-0.503749,0.200726,
1629335421.620215,0.000000,-1.008960,-0.503725,0.200604,
1629335421.625764,0.000000,-1.009074,-0.503714,0.200728,
1629335421.631326,0.000000,-1.008891,-0.503779,0.200649,
1629335421.636904,0.000000,-1.009097,-0.503715,0.200738,
1629335421.642449,0.000000,-1.008989,-0.503719,0.200653,
1629335421.647997,0.000000,-1.008984,-0.503764,0.200659,
1629335421.698019,0.000000,-1.009293,-0.503714,0.200762,
1629335421.703578,0.000000,-1.008967,-0.503721,0.200615,
1629335421.709130,0.000000,-1.008804,-0.503834,0.200595,
1629335421.714700,0.000000,-1.008616,-0.503829,0.200569,
1629335421.720256,0.000000,-1.008027,-0.503963,0.200451,
1629335421.725818,0.000000,-1.007665,-0.503812,0.200419,
1629335421.731433,0.000000,-1.007253,-0.503902,0.200585,
1629335421.736906,0.000000,-1.006450,-0.504037,0.200468,
1629335421.742471,0.000000,-1.005866,-0.504111,0.200529,
1629335421.748027,0.000000,-1.005144,-0.504280,0.200666,
1629335421.798035,0.000000,-0.999247,-0.505347,0.200981,
1629335421.803583,0.000000,-0.998486,-0.505440,0.200845,
1629335421.809142,0.000000,-0.997689,-0.505452,0.200713,
1629335421.814691,0.000000,-0.996709,-0.505569,0.200468,
1629335421.820259,0.000000,-0.995932,-0.505670,0.200440,
1629335421.825813,0.000000,-0.995214,-0.505711,0.200404,
1629335421.831370,0.000000,-0.994587,-0.505832,0.200288,
1629335421.836926,0.000000,-0.993528,-0.506053,0.200341,
1629335421.842476,0.000000,-0.992865,-0.506181,0.200433,
1629335421.848032,0.000000,-0.992202,-0.506357,0.200289,
1629335421.898014,0.000000,-0.985895,-0.507605,0.200536,
1629335421.903580,0.000000,-0.985158,-0.508034,0.200506,
1629335421.909161,0.000000,-0.984465,-0.508191,0.200499,
1629335421.914709,0.000000,-0.983719,-0.508246,0.200448,
1629335421.920241,0.000000,-0.982896,-0.508423,0.200406,
1629335421.925804,0.000000,-0.982111,-0.508569,0.200310,
1629335421.931360,0.000000,-0.981304,-0.508757,0.200239,
1629335421.936924,0.000000,-0.980781,-0.508939,0.200271,
1629335421.942464,0.000000,-0.980059,-0.509101,0.200318,
1629335421.948040,0.000000,-0.979188,-0.509314,0.200387,
1629335421.998032,0.000000,-0.972759,-0.510990,0.200496,
1629335422.003613,0.000000,-0.972225,-0.511230,0.200558,
1629335422.009245,0.000000,-0.971510,-0.511438,0.200551,
1629335422.014694,0.000000,-0.970673,-0.511568,0.200437,
1629335422.020247,0.000000,-0.969853,-0.511656,0.200316,
1629335422.025810,0.000000,-0.968882,-0.511752,0.200062,
1629335422.031381,0.000000,-0.968113,-0.512074,0.200176,
1629335422.036915,0.000000,-0.967404,-0.512021,0.200133,
1629335422.042470,0.000000,-0.966699,-0.512229,0.200007,
1629335422.048207,0.000000,-0.965863,-0.512651,0.199982,
1629335422.098008,0.000000,-0.959823,-0.514591,0.200383,
1629335422.103577,0.000000,-0.959144,-0.514820,0.200417,
1629335422.109128,0.000000,-0.958800,-0.515208,0.200633,
1629335422.114684,0.000000,-0.957997,-0.515346,0.200560,
1629335422.120238,0.000000,-0.957256,-0.515546,0.200494,
1629335422.125799,0.000000,-0.956278,-0.515645,0.200222,
1629335422.131351,0.000000,-0.955403,-0.515876,0.200044,
1629335422.136908,0.000000,-0.954668,-0.515996,0.200161,
1629335422.142562,0.000000,-0.953761,-0.516075,0.199899,
1629335422.148034,0.000000,-0.953148,-0.516259,0.200012,
1629335422.198017,0.000000,-0.947029,-0.518679,0.200110,
1629335422.203569,0.000000,-0.946448,-0.518910,0.200123,
1629335422.209124,0.000000,-0.945771,-0.519171,0.200095,
1629335422.214680,0.000000,-0.945056,-0.519403,0.200078,
1629335422.220234,0.000000,-0.944456,-0.519776,0.200166,
1629335422.225799,0.000000,-0.943660,-0.520032,0.200086,
1629335422.231360,0.000000,-0.942926,-0.520180,0.199978,
1629335422.236906,0.000000,-0.942170,-0.520424,0.199911,
1629335422.242462,0.000000,-0.941357,-0.520642,0.199804,
1629335422.248075,0.000000,-0.940614,-0.521064,0.199785,
1629335422.297977,0.000000,-0.934819,-0.523467,0.200181,
1629335422.303575,0.000000,-0.934094,-0.523872,0.200203,
1629335422.309120,0.000000,-0.933439,-0.524140,0.200172,
1629335422.314677,0.000000,-0.932675,-0.524486,0.200159,
1629335422.320233,0.000000,-0.931940,-0.524773,0.200059,
1629335422.325790,0.000000,-0.931179,-0.525058,0.200031,
1629335422.331357,0.000000,-0.930538,-0.525281,0.200070,
1629335422.336919,0.000000,-0.929899,-0.525449,0.200039,
1629335422.342464,0.000000,-0.929126,-0.525716,0.199913,
1629335422.348026,0.000000,-0.928394,-0.525982,0.199968,
1629335422.398021,0.000000,-0.922549,-0.528836,0.200171,
1629335422.403556,0.000000,-0.921796,-0.529226,0.200025,
1629335422.409115,0.000000,-0.921203,-0.529533,0.199993,
1629335422.414675,0.000000,-0.920555,-0.530034,0.200107,
1629335422.420311,0.000000,-0.920015,-0.530134,0.200114,
1629335422.425777,0.000000,-0.919263,-0.530462,0.200117,
1629335422.431337,0.000000,-0.918564,-0.530722,0.200081,
1629335422.436906,0.000000,-0.917738,-0.531037,0.199876,
1629335422.442455,0.000000,-0.916748,-0.531581,0.199709,
1629335422.448005,0.000000,-0.915961,-0.531850,0.199689,
1629335422.498015,0.000000,-0.910408,-0.534770,0.199769,
1629335422.503577,0.000000,-0.909936,-0.535074,0.199941,
1629335422.509133,0.000000,-0.909342,-0.535391,0.199945,
1629335422.514683,0.000000,-0.908511,-0.535887,0.199774,
1629335422.520233,0.000000,-0.907795,-0.536356,0.199663,
1629335422.525803,0.000000,-0.907064,-0.536677,0.199569,
1629335422.531366,0.000000,-0.906452,-0.536949,0.199571,
1629335422.536899,0.000000,-0.905950,-0.537030,0.199667,
1629335422.542461,0.000000,-0.905278,-0.537312,0.199624,
1629335422.548018,0.000000,-0.904501,-0.537756,0.199605,
1629335422.598012,0.000000,-0.899155,-0.541106,0.199879,
1629335422.603570,0.000000,-0.898426,-0.541386,0.199797,
1629335422.609110,0.000000,-0.897709,-0.542097,0.199735,
1629335422.614677,0.000000,-0.896927,-0.542498,0.199716,
1629335422.620239,0.000000,-0.896288,-0.542939,0.199732,
1629335422.625806,0.000000,-0.895549,-0.543342,0.199679,
1629335422.631347,0.000000,-0.894886,-0.543674,0.199614,
1629335422.636896,0.000000,-0.894140,-0.544061,0.199515,
1629335422.642453,0.000000,-0.893406,-0.544323,0.199296,
1629335422.648014,0.000000,-0.892738,-0.544678,0.199240,
1629335422.698111,0.000000,-0.887331,-0.548254,0.199461,
1629335422.703645,0.000000,-0.886871,-0.548676,0.199567,
1629335422.709143,0.000000,-0.886017,-0.549127,0.199402,
1629335422.714708,0.000000,-0.885436,-0.549478,0.199335,
1629335422.720276,0.000000,-0.884748,-0.550042,0.199360,
1629335422.725820,0.000000,-0.884183,-0.550130,0.199398,
1629335422.731374,0.000000,-0.883351,-0.550611,0.199223,
1629335422.736931,0.000000,-0.882684,-0.550939,0.199162,
1629335422.742494,0.000000,-0.882090,-0.551115,0.199218,
1629335422.748043,0.000000,-0.881305,-0.551660,0.199123,
1629335422.798044,0.000000,-0.876147,-0.555362,0.199480,
1629335422.803651,0.000000,-0.875589,-0.555798,0.199487,
1629335422.809152,0.000000,-0.874887,-0.556334,0.199468,
1629335422.814719,0.000000,-0.874315,-0.556744,0.199480,
1629335422.820262,0.000000,-0.873728,-0.557190,0.199511,
1629335422.825804,0.000000,-0.873078,-0.557747,0.199375,
1629335422.831368,0.000000,-0.872389,-0.558204,0.199315,
1629335422.837085,0.000000,-0.871731,-0.558457,0.199227,
1629335422.842479,0.000000,-0.871061,-0.558905,0.199169,
1629335422.848029,0.000000,-0.870382,-0.559552,0.199143,
1629335422.898039,0.000000,-0.865251,-0.563455,0.199445,
1629335422.903578,0.000000,-0.864588,-0.564171,0.199352,
1629335422.909164,0.000000,-0.864001,-0.564674,0.199278,
1629335422.914717,0.000000,-0.863439,-0.565125,0.199275,
1629335422.920272,0.000000,-0.862812,-0.565629,0.199262,
1629335422.925774,0.000000,-0.862363,-0.565522,0.199411,
1629335422.931328,0.000000,-0.861705,-0.566025,0.199455,
1629335422.936932,0.000000,-0.861139,-0.566535,0.199481,
1629335422.942475,0.000000,-0.860443,-0.566974,0.199399,
1629335422.948001,0.000000,-0.859803,-0.567408,0.199297,
1629335422.998005,0.000000,-0.854667,-0.572073,0.199495,
1629335423.003562,0.000000,-0.854182,-0.572363,0.199514,
1629335423.009130,0.000000,-0.853626,-0.572805,0.199518,
1629335423.014663,0.000000,-0.853004,-0.573350,0.199505,
1629335423.020214,0.000000,-0.852364,-0.573813,0.199499,
1629335423.025785,0.000000,-0.851799,-0.574259,0.199481,
1629335423.031360,0.000000,-0.851216,-0.574702,0.199425,
1629335423.036921,0.000000,-0.850436,-0.575578,0.199179,
1629335423.042468,0.000000,-0.849734,-0.576143,0.199085,
1629335423.048059,0.000000,-0.849103,-0.576606,0.199022,
1629335423.098043,0.000000,-0.844381,-0.581200,0.199385,
1629335423.103580,0.000000,-0.843876,-0.581670,0.199378,
1629335423.109163,0.000000,-0.843340,-0.582173,0.199353,
1629335423.114759,0.000000,-0.842792,-0.582737,0.199332,
1629335423.120261,0.000000,-0.842202,-0.582936,0.199451,
1629335423.125807,0.000000,-0.841555,-0.583458,0.199309,
1629335423.131357,0.000000,-0.840888,-0.583907,0.199198,
1629335423.136911,0.000000,-0.840362,-0.584327,0.199211,
1629335423.142482,0.000000,-0.839636,-0.584825,0.199085,
1629335423.148036,0.000000,-0.838989,-0.585336,0.199014,
1629335423.198032,0.000000,-0.834513,-0.590511,0.199124,
1629335423.203583,0.000000,-0.834449,-0.590105,0.199771,
1629335423.209153,0.000000,-0.833902,-0.590747,0.199709,
1629335423.214696,0.000000,-0.833393,-0.591251,0.199775,
1629335423.220271,0.000000,-0.832612,-0.592109,0.199578,
1629335423.225802,0.000000,-0.832227,-0.592541,0.199693,
1629335423.231351,0.000000,-0.831564,-0.592790,0.199551,
1629335423.236886,0.000000,-0.830794,-0.593586,0.199198,
1629335423.242433,0.000000,-0.830147,-0.594248,0.198954,
1629335423.248000,0.000000,-0.829551,-0.594790,0.198887,
1629335423.297988,0.000000,-0.825194,-0.599958,0.199161,
1629335423.303571,0.000000,-0.824710,-0.600522,0.199076,
1629335423.309103,0.000000,-0.824324,-0.601138,0.199123,
1629335423.314660,0.000000,-0.823772,-0.601613,0.199135,
1629335423.320216,0.000000,-0.823240,-0.602135,0.199122,
1629335423.325768,0.000000,-0.822700,-0.602667,0.199078,
1629335423.331317,0.000000,-0.822152,-0.603267,0.198997,
1629335423.336880,0.000000,-0.821386,-0.603920,0.198740,
1629335423.342473,0.000000,-0.820803,-0.604510,0.198663,
1629335423.348019,0.000000,-0.820252,-0.605077,0.198630,
1629335423.398031,0.000000,-0.816130,-0.609918,0.198862,
1629335423.403614,0.000000,-0.815664,-0.610503,0.198881,
1629335423.409135,0.000000,-0.815211,-0.611921,0.198537,
1629335423.414687,0.000000,-0.814785,-0.612383,0.198585,
1629335423.420246,0.000000,-0.814357,-0.612823,0.198633,
1629335423.425803,0.000000,-0.814167,-0.612775,0.199127,
1629335423.431362,0.000000,-0.813618,-0.613398,0.199047,
1629335423.436916,0.000000,-0.812738,-0.614545,0.198626,
1629335423.442468,0.000000,-0.812241,-0.615124,0.198523,
1629335423.448015,0.000000,-0.811774,-0.615585,0.198535,
1629335423.498012,0.000000,-0.807607,-0.620394,0.198493,
1629335423.503567,0.000000,-0.807408,-0.620738,0.198817,
1629335423.509132,0.000000,-0.807060,-0.621324,0.198987,
1629335423.514718,0.000000,-0.806436,-0.622676,0.198398,
1629335423.520236,0.000000,-0.805987,-0.623258,0.198369,
1629335423.525797,0.000000,-0.805636,-0.623682,0.198559,
1629335423.531443,0.000000,-0.805145,-0.623980,0.198683,
1629335423.536914,0.000000,-0.804607,-0.624892,0.198579,
1629335423.542464,0.000000,-0.803953,-0.625536,0.198306,
1629335423.548034,0.000000,-0.803550,-0.625707,0.198355,
1629335423.598027,0.000000,-0.799803,-0.631582,0.198495,
1629335423.603586,0.000000,-0.799436,-0.632157,0.198484,
1629335423.609156,0.000000,-0.799083,-0.632663,0.198524,
1629335423.614716,0.000000,-0.798898,-0.633084,0.198829,
1629335423.620249,0.000000,-0.798460,-0.633663,0.198756,
1629335423.625797,0.000000,-0.798081,-0.634172,0.198888,
1629335423.631360,0.000000,-0.797193,-0.635392,0.198226,
1629335423.636911,0.000000,-0.796708,-0.636047,0.198181,
1629335423.642463,0.000000,-0.796222,-0.636693,0.198057,
1629335423.648023,0.000000,-0.795865,-0.637195,0.198203,
1629335423.698070,0.000000,-0.792368,-0.641795,0.198975,
1629335423.703573,0.000000,-0.792112,-0.643066,0.198746,
1629335423.709177,0.000000,-0.791860,-0.642999,0.198974,
1629335423.714699,0.000000,-0.791490,-0.643611,0.198911,
1629335423.720249,0.000000,-0.790923,-0.645054,0.198461,
1629335423.725807,0.000000,-0.790442,-0.645273,0.198649,
1629335423.731364,0.000000,-0.790327,-0.645425,0.199087,
1629335423.736928,0.000000,-0.789797,-0.646355,0.198790,
1629335423.742464,0.000000,-0.789250,-0.646937,0.198413,
1629335423.748024,0.000000,-0.788668,-0.647521,0.198351,
1629335423.797986,0.000000,-0.785129,-0.653210,0.198414,
1629335423.803545,0.000000,-0.784864,-0.653793,0.198521,
1629335423.809169,0.000000,-0.784548,-0.654363,0.198518,
1629335423.814657,0.000000,-0.784292,-0.655760,0.198194,
1629335423.820211,0.000000,-0.783944,-0.656399,0.198200,
1629335423.825758,0.000000,-0.783599,-0.657104,0.198285,
1629335423.831315,0.000000,-0.783194,-0.657656,0.198160,
1629335423.836874,0.000000,-0.782815,-0.658347,0.198254,
1629335423.842430,0.000000,-0.782453,-0.658823,0.198257,
1629335423.847987,0.000000,-0.782171,-0.659474,0.198449,
1629335423.898019,0.000000,-0.778820,-0.665286,0.198230,
1629335423.903567,0.000000,-0.778635,-0.665845,0.198368,
1629335423.909135,0.000000,-0.778426,-0.666378,0.198381,
1629335423.914690,0.000000,-0.777890,-0.666977,0.197919,
1629335423.920243,0.000000,-0.777607,-0.667649,0.198042,
1629335423.925823,0.000000,-0.777353,-0.668197,0.198037,
1629335423.931357,0.000000,-0.776825,-0.668998,0.197875,
1629335423.936918,0.000000,-0.776520,-0.669783,0.198031,
1629335423.942502,0.000000,-0.776101,-0.670583,0.198016,
1629335423.948167,0.000000,-0.775628,-0.671580,0.198000,
1629335423.997981,0.000000,-0.772879,-0.677245,0.198283,
1629335424.003539,0.000000,-0.772406,-0.677910,0.197957,
1629335424.009090,0.000000,-0.772229,-0.678503,0.197978,
1629335424.014644,0.000000,-0.772017,-0.679044,0.198029,
1629335424.020201,0.000000,-0.771669,-0.679689,0.197980,
1629335424.025746,0.000000,-0.771378,-0.680246,0.197840,
1629335424.031348,0.000000,-0.771074,-0.681028,0.197912,
1629335424.036866,0.000000,-0.770814,-0.681715,0.197945,
1629335424.042422,0.000000,-0.770491,-0.682369,0.197885,
1629335424.047986,0.000000,-0.770055,-0.683045,0.197686,
1629335424.098015,0.000000,-0.767152,-0.689376,0.197620,
1629335424.103560,0.000000,-0.766991,-0.689985,0.197678,
1629335424.109164,0.000000,-0.766715,-0.690551,0.197791,
1629335424.114660,0.000000,-0.766436,-0.691249,0.197682,
1629335424.120219,0.000000,-0.766271,-0.691820,0.197779,
1629335424.125778,0.000000,-0.765920,-0.692548,0.197553,
1629335424.131348,0.000000,-0.765662,-0.693198,0.197565,
1629335424.136899,0.000000,-0.765428,-0.694036,0.197648,
1629335424.142461,0.000000,-0.765086,-0.695064,0.197564,
1629335424.148015,0.000000,-0.764729,-0.695748,0.197465,
1629335424.198041,0.000000,-0.762482,-0.701893,0.197639,
1629335424.203595,0.000000,-0.762229,-0.702566,0.197688,
1629335424.209146,0.000000,-0.762037,-0.703199,0.197686,
1629335424.214700,0.000000,-0.761837,-0.703868,0.197712,
1629335424.220249,0.000000,-0.761614,-0.704614,0.197676,
1629335424.225895,0.000000,-0.761397,-0.705161,0.197599,
1629335424.231365,0.000000,-0.761145,-0.705974,0.197634,
1629335424.236929,0.000000,-0.760873,-0.706680,0.197613,
1629335424.242473,0.000000,-0.760581,-0.707455,0.197563,
1629335424.248033,0.000000,-0.760301,-0.708173,0.197526,
1629335424.298009,0.000000,-0.758106,-0.714456,0.197405,
1629335424.303576,0.000000,-0.757949,-0.715095,0.197456,
1629335424.309127,0.000000,-0.757779,-0.715809,0.197502,
1629335424.314672,0.000000,-0.757550,-0.716490,0.197457,
1629335424.320231,0.000000,-0.757360,-0.717077,0.197477,
1629335424.325798,0.000000,-0.757155,-0.717787,0.197434,
1629335424.331357,0.000000,-0.756931,-0.718403,0.197316,
1629335424.336919,0.000000,-0.756851,-0.719046,0.197621,
1629335424.342474,0.000000,-0.756359,-0.719933,0.197312,
1629335424.348101,0.000000,-0.756131,-0.720680,0.197189,
1629335424.397987,0.000000,-0.754103,-0.727383,0.197098,
1629335424.403548,0.000000,-0.753949,-0.727998,0.197169,
1629335424.409113,0.000000,-0.753840,-0.728564,0.197249,
1629335424.414654,0.000000,-0.753519,-0.729387,0.196950,
1629335424.420214,0.000000,-0.753375,-0.730067,0.196934,
1629335424.425770,0.000000,-0.753248,-0.730780,0.196979,
1629335424.431322,0.000000,-0.753026,-0.731506,0.196954,
1629335424.436879,0.000000,-0.753020,-0.732063,0.197168,
1629335424.442432,0.000000,-0.753017,-0.732610,0.197468,
1629335424.448002,0.000000,-0.752669,-0.733448,0.197193,
1629335424.498021,0.000000,-0.750633,-0.740513,0.196713,
1629335424.503670,0.000000,-0.750722,-0.741085,0.196966,
1629335424.509128,0.000000,-0.750644,-0.741718,0.197009,
1629335424.514694,0.000000,-0.750529,-0.742386,0.197021,
1629335424.520255,0.000000,-0.750561,-0.742845,0.197312,
1629335424.525789,0.000000,-0.750430,-0.743534,0.197320,
1629335424.531353,0.000000,-0.750183,-0.744333,0.197120,
1629335424.536908,0.000000,-0.750006,-0.745044,0.197088,
1629335424.542471,0.000000,-0.749724,-0.745916,0.196939,
1629335424.548029,0.000000,-0.749546,-0.746791,0.196915,
1629335424.598089,0.000000,-0.748263,-0.753464,0.197050,
1629335424.603581,0.000000,-0.748179,-0.754051,0.197097,
1629335424.609150,0.000000,-0.748110,-0.754617,0.197048,
1629335424.614751,0.000000,-0.748071,-0.755405,0.197199,
1629335424.620261,0.000000,-0.747777,-0.756218,0.196881,
1629335424.625792,0.000000,-0.747666,-0.757077,0.196864,
1629335424.631346,0.000000,-0.747533,-0.757814,0.196804,
1629335424.636897,0.000000,-0.747442,-0.758564,0.196830,
1629335424.642533,0.000000,-0.747263,-0.759457,0.196738,
1629335424.648017,0.000000,-0.747115,-0.760015,0.196703,
1629335424.698025,0.000000,-0.746008,-0.767034,0.196493,
1629335424.703570,0.000000,-0.745926,-0.767727,0.196545,
1629335424.709172,0.000000,-0.745878,-0.768402,0.196568,
1629335424.714716,0.000000,-0.745871,-0.769185,0.196618,
1629335424.720232,0.000000,-0.745779,-0.769889,0.196736,
1629335424.725794,0.000000,-0.745658,-0.770710,0.196668,
1629335424.731364,0.000000,-0.745599,-0.771428,0.196620,
1629335424.736909,0.000000,-0.745509,-0.772157,0.196598,
1629335424.742455,0.000000,-0.745344,-0.772987,0.196431,
1629335424.748054,0.000000,-0.745213,-0.773885,0.196378,
1629335424.798023,0.000000,-0.744598,-0.780733,0.196502,
1629335424.803562,0.000000,-0.744583,-0.781351,0.196570,
1629335424.809116,0.000000,-0.744491,-0.782020,0.196440,
1629335424.814669,0.000000,-0.744547,-0.782752,0.196663,
1629335424.820230,0.000000,-0.744454,-0.783454,0.196553,
1629335424.825778,0.000000,-0.744371,-0.784175,0.196481,
1629335424.831335,0.000000,-0.744281,-0.784986,0.196424,
1629335424.836892,0.000000,-0.744213,-0.785734,0.196328,
1629335424.842445,0.000000,-0.744134,-0.786520,0.196244,
1629335424.848018,0.000000,-0.744094,-0.787388,0.196188,
1629335424.898023,0.000000,-0.743598,-0.794373,0.196092,
1629335424.903562,0.000000,-0.743619,-0.794943,0.196224,
1629335424.909113,0.000000,-0.743616,-0.795552,0.196232,
1629335424.914679,0.000000,-0.743621,-0.796152,0.196267,
1629335424.920337,0.000000,-0.743762,-0.797264,0.196446,
1629335424.925823,0.000000,-0.743584,-0.797845,0.196172,
1629335424.931341,0.000000,-0.743529,-0.798440,0.196203,
1629335424.936885,0.000000,-0.743492,-0.799247,0.196119,
1629335424.942445,0.000000,-0.743456,-0.800170,0.195945,
1629335424.948010,0.000000,-0.743441,-0.801009,0.196091,
1629335424.998011,0.000000,-0.743150,-0.807763,0.195726,
1629335425.003570,0.000000,-0.743240,-0.808513,0.195869,
1629335425.009126,0.000000,-0.743285,-0.809092,0.195939,
1629335425.014677,0.000000,-0.743277,-0.809710,0.195943,
1629335425.020226,0.000000,-0.743318,-0.810355,0.195972,
1629335425.025781,0.000000,-0.743370,-0.811000,0.196088,
1629335425.031334,0.000000,-0.743425,-0.811680,0.196175,
1629335425.036889,0.000000,-0.743443,-0.812452,0.196158,
1629335425.042497,0.000000,-0.743291,-0.813425,0.195832,
1629335425.048023,0.000000,-0.743280,-0.814215,0.195780,
1629335425.098011,0.000000,-0.743505,-0.821092,0.195763,
1629335425.103570,0.000000,-0.743552,-0.821661,0.195713,
1629335425.109118,0.000000,-0.743588,-0.822338,0.195853,
1629335425.114676,0.000000,-0.743697,-0.822935,0.195857,
1629335425.120210,0.000000,-0.743750,-0.823694,0.195829,
1629335425.125771,0.000000,-0.743776,-0.824419,0.195770,
1629335425.131326,0.000000,-0.743751,-0.825266,0.195615,
1629335425.136885,0.000000,-0.743802,-0.825978,0.195682,
1629335425.142450,0.000000,-0.743806,-0.826657,0.195608,
1629335425.148009,0.000000,-0.743858,-0.827369,0.195638,
1629335425.198091,0.000000,-0.744275,-0.834367,0.195638,
1629335425.203582,0.000000,-0.744404,-0.834973,0.195794,
1629335425.209130,0.000000,-0.744480,-0.835708,0.195817,
1629335425.214670,0.000000,-0.744543,-0.836345,0.195783,
1629335425.220223,0.000000,-0.744707,-0.837046,0.195866,
1629335425.225785,0.000000,-0.744758,-0.837717,0.195830,
1629335425.231328,0.000000,-0.744765,-0.838431,0.195788,
1629335425.236885,0.000000,-0.745001,-0.839182,0.195888,
1629335425.242465,0.000000,-0.744953,-0.839853,0.195758,
1629335425.248057,0.000000,-0.744966,-0.840585,0.195778,
1629335425.298007,0.000000,-0.745449,-0.847774,0.195114,
1629335425.303576,0.000000,-0.745627,-0.848447,0.195269,
1629335425.309121,0.000000,-0.745910,-0.849053,0.195512,
1629335425.314678,0.000000,-0.745914,-0.849833,0.195279,
1629335425.320235,0.000000,-0.746081,-0.850431,0.195329,
1629335425.325788,0.000000,-0.746336,-0.851086,0.195495,
1629335425.331343,0.000000,-0.746330,-0.851675,0.195388,
1629335425.336970,0.000000,-0.746462,-0.852303,0.195415,
1629335425.342449,0.000000,-0.746566,-0.853087,0.195470,
1629335425.347995,0.000000,-0.746720,-0.853959,0.195468,
1629335425.398002,0.000000,-0.747432,-0.860770,0.195006,
1629335425.403546,0.000000,-0.747551,-0.861549,0.194991,
1629335425.409107,0.000000,-0.747844,-0.862208,0.195150,
1629335425.414738,0.000000,-0.748134,-0.862879,0.195331,
1629335425.420230,0.000000,-0.748256,-0.863142,0.195499,
1629335425.425813,0.000000,-0.748334,-0.864065,0.195235,
1629335425.431330,0.000000,-0.748479,-0.864695,0.195217,
1629335425.436899,0.000000,-0.748613,-0.865385,0.195223,
1629335425.442454,0.000000,-0.748735,-0.866126,0.195230,
1629335425.447973,0.000000,-0.748974,-0.867013,0.195326,
1629335425.497977,0.000000,-0.749846,-0.874091,0.194621,
1629335425.503542,0.000000,-0.750122,-0.874780,0.194845,
1629335425.509093,0.000000,-0.750408,-0.875381,0.194951,
1629335425.514644,0.000000,-0.750582,-0.875986,0.194966,
1629335425.520213,0.000000,-0.750824,-0.876619,0.194883,
1629335425.525756,0.000000,-0.751085,-0.876967,0.195172,
1629335425.531381,0.000000,-0.751199,-0.877703,0.195060,
1629335425.536879,0.000000,-0.751355,-0.878514,0.194962,
1629335425.542581,0.000000,-0.751422,-0.879209,0.194985,
1629335425.548013,0.000000,-0.751609,-0.879947,0.195015,
1629335425.598001,0.000000,-0.752891,-0.886939,0.194474,
1629335425.603561,0.000000,-0.753328,-0.887686,0.194639,
1629335425.609184,0.000000,-0.753647,-0.888302,0.194864,
1629335425.614780,0.000000,-0.753868,-0.888949,0.194903,
1629335425.620232,0.000000,-0.754001,-0.889194,0.195042,
1629335425.625794,0.000000,-0.754141,-0.889893,0.195075,
1629335425.631334,0.000000,-0.754198,-0.890728,0.194732,
1629335425.636918,0.000000,-0.754366,-0.891364,0.194661,
1629335425.642431,0.000000,-0.754719,-0.892237,0.194756,
1629335425.648026,0.000000,-0.755081,-0.893118,0.194862,
1629335425.698009,0.000000,-0.756528,-0.899913,0.194256,
1629335425.703561,0.000000,-0.756747,-0.900498,0.194347,
1629335425.709119,0.000000,-0.756947,-0.901249,0.194336,
1629335425.714673,0.000000,-0.757140,-0.901741,0.194393,
1629335425.720228,0.000000,-0.757382,-0.902328,0.194448,
1629335425.725768,0.000000,-0.757596,-0.902911,0.194449,
1629335425.731334,0.000000,-0.757911,-0.903363,0.194588,
1629335425.736879,0.000000,-0.758238,-0.904043,0.194513,
1629335425.742438,0.000000,-0.758491,-0.904608,0.194645,
1629335425.748027,0.000000,-0.758731,-0.905279,0.194568,
1629335425.797979,0.000000,-0.760562,-0.912386,0.194028,
1629335425.803532,0.000000,-0.761120,-0.912735,0.194570,
1629335425.809077,0.000000,-0.761195,-0.913511,0.194296,
1629335425.814635,0.000000,-0.761476,-0.914077,0.194404,
1629335425.820188,0.000000,-0.761779,-0.914674,0.194473,
1629335425.825749,0.000000,-0.762163,-0.915782,0.194307,
1629335425.831305,0.000000,-0.762469,-0.916105,0.194640,
1629335425.836871,0.000000,-0.762521,-0.916679,0.194398,
1629335425.842411,0.000000,-0.762634,-0.917099,0.194414,
1629335425.847975,0.000000,-0.762945,-0.917871,0.194488,
1629335425.897987,0.000000,-0.765544,-0.924836,0.194127,
1629335425.903523,0.000000,-0.765813,-0.925463,0.194234,
1629335425.909080,0.000000,-0.766115,-0.926043,0.194303,
1629335425.914642,0.000000,-0.766349,-0.926802,0.194128,
1629335425.920254,0.000000,-0.766632,-0.927208,0.194293,
1629335425.925761,0.000000,-0.767077,-0.927645,0.194604,
1629335425.931306,0.000000,-0.767500,-0.928337,0.194799,
1629335425.936869,0.000000,-0.767668,-0.929073,0.194549,
1629335425.942430,0.000000,-0.767964,-0.929566,0.194548,
1629335425.947984,0.000000,-0.768140,-0.930451,0.194255,
1629335425.997991,0.000000,-0.770987,-0.937038,0.194158,
1629335426.003552,0.000000,-0.771370,-0.937724,0.194290,
1629335426.009102,0.000000,-0.771731,-0.938262,0.194490,
1629335426.014663,0.000000,-0.772066,-0.938788,0.194629,
1629335426.020225,0.000000,-0.772332,-0.939259,0.194613,
1629335426.025779,0.000000,-0.772465,-0.939884,0.194260,
1629335426.031440,0.000000,-0.772707,-0.940511,0.194197,
1629335426.036889,0.000000,-0.773009,-0.940955,0.194177,
1629335426.042452,0.000000,-0.773252,-0.941746,0.194114,
1629335426.048041,0.000000,-0.773881,-0.942160,0.194380,
1629335426.098011,0.000000,-0.776621,-0.949104,0.193901,
1629335426.103550,0.000000,-0.776989,-0.949717,0.193918,
1629335426.109111,0.000000,-0.777416,-0.950380,0.194062,
1629335426.114654,0.000000,-0.777731,-0.950786,0.194123,
1629335426.120221,0.000000,-0.778011,-0.951399,0.194111,
1629335426.125781,0.000000,-0.778434,-0.952011,0.194366,
1629335426.131321,0.000000,-0.778778,-0.952676,0.194282,
1629335426.136878,0.000000,-0.779095,-0.953370,0.194099,
1629335426.142435,0.000000,-0.779454,-0.953858,0.194271,
1629335426.148091,0.000000,-0.779784,-0.954456,0.194245,
1629335426.197955,0.000000,-0.783167,-0.961111,0.193930,
1629335426.203521,0.000000,-0.783716,-0.961580,0.194105,
1629335426.209075,0.000000,-0.783936,-0.962130,0.194027,
1629335426.214630,0.000000,-0.784342,-0.962621,0.194275,
1629335426.220186,0.000000,-0.784776,-0.963262,0.194331,
1629335426.225742,0.000000,-0.785175,-0.963787,0.194348,
1629335426.231297,0.000000,-0.785549,-0.964340,0.194388,
1629335426.236932,0.000000,-0.786091,-0.964953,0.194474,
1629335426.242402,0.000000,-0.786481,-0.965530,0.194526,
1629335426.247972,0.000000,-0.786577,-0.966311,0.194254,
1629335426.297988,0.000000,-0.790136,-0.972964,0.193749,
1629335426.303547,0.000000,-0.790782,-0.973304,0.193988,
1629335426.309242,0.000000,-0.791169,-0.973904,0.194055,
1629335426.314653,0.000000,-0.791468,-0.974438,0.194028,
1629335426.320210,0.000000,-0.791809,-0.975019,0.193952,
1629335426.325830,0.000000,-0.792165,-0.975544,0.193971,
1629335426.331318,0.000000,-0.792570,-0.976137,0.193945,
1629335426.336886,0.000000,-0.793134,-0.976646,0.194205,
1629335426.342434,0.000000,-0.793441,-0.977273,0.194116,
1629335426.348017,0.000000,-0.794014,-0.977759,0.194271,
1629335426.397989,0.000000,-0.797768,-0.984065,0.193744,
1629335426.403568,0.000000,-0.798173,-0.984576,0.193723,
1629335426.409100,0.000000,-0.798676,-0.985132,0.193925,
1629335426.414651,0.000000,-0.798998,-0.985739,0.193822,
1629335426.420213,0.000000,-0.799372,-0.986236,0.193831,
1629335426.425822,0.000000,-0.799759,-0.986746,0.193832,
1629335426.431371,0.000000,-0.800265,-0.987343,0.194001,
1629335426.436932,0.000000,-0.800721,-0.987921,0.194014,
1629335426.442489,0.000000,-0.801089,-0.988450,0.194017,
1629335426.448126,0.000000,-0.801574,-0.989050,0.193991,
1629335426.498036,0.000000,-0.805693,-0.995290,0.193439,
1629335426.503610,0.000000,-0.806229,-0.995667,0.193770,
1629335426.509155,0.000000,-0.806609,-0.996269,0.193721,
1629335426.514753,0.000000,-0.807100,-0.996721,0.193906,
1629335426.520264,0.000000,-0.807513,-0.997294,0.193787,
1629335426.525851,0.000000,-0.808067,-0.997697,0.194063,
1629335426.531362,0.000000,-0.808264,-0.998247,0.193715,
1629335426.536920,0.000000,-0.808773,-0.998819,0.193805,
1629335426.542472,0.000000,-0.809205,-0.999312,0.193772,
1629335426.548034,0.000000,-0.809662,-0.999828,0.193805,
1629335426.598032,0.000000,-0.814026,-1.005597,0.193658,
1629335426.603595,0.000000,-0.814485,-1.006087,0.193713,
1629335426.609163,0.000000,-0.814971,-1.006567,0.193807,
1629335426.614778,0.000000,-0.815511,-1.007033,0.193964,
1629335426.620272,0.000000,-0.815853,-1.007418,0.193811,
1629335426.625829,0.000000,-0.816493,-1.008109,0.193815,
1629335426.631373,0.000000,-0.816969,-1.008632,0.193893,
1629335426.636935,0.000000,-0.817423,-1.009065,0.193905,
1629335426.642483,0.000000,-0.817862,-1.009515,0.194037,
1629335426.648090,0.000000,-0.818314,-1.010072,0.194031,
1629335426.698037,0.000000,-0.822700,-1.015698,0.193302,
1629335426.703609,0.000000,-0.823163,-1.016266,0.193286,
1629335426.709149,0.000000,-0.823595,-1.016754,0.193323,
1629335426.714706,0.000000,-0.824137,-1.017245,0.193493,
1629335426.720258,0.000000,-0.824693,-1.017799,0.193573,
1629335426.725911,0.000000,-0.825257,-1.018115,0.193867,
1629335426.731397,0.000000,-0.825820,-1.018519,0.193936,
1629335426.736935,0.000000,-0.826284,-1.018987,0.193944,
1629335426.742491,0.000000,-0.826774,-1.019575,0.193896,
1629335426.748042,0.000000,-0.827309,-1.020112,0.193947,
1629335426.798031,0.000000,-0.831912,-1.025315,0.193471,
1629335426.803594,0.000000,-0.832451,-1.025818,0.193545,
1629335426.809150,0.000000,-0.832843,-1.026474,0.193338,
1629335426.814676,0.000000,-0.833414,-1.026847,0.193552,
1629335426.820221,0.000000,-0.833825,-1.027253,0.193518,
1629335426.825772,0.000000,-0.834454,-1.027753,0.193610,
1629335426.831318,0.000000,-0.834919,-1.028168,0.193600,
1629335426.836886,0.000000,-0.835399,-1.028713,0.193566,
1629335426.842439,0.000000,-0.835930,-1.029150,0.193572,
1629335426.847999,0.000000,-0.836507,-1.029725,0.193497,
1629335426.897999,0.000000,-0.841363,-1.034786,0.192917,
1629335426.903568,0.000000,-0.841964,-1.035303,0.192920,
1629335426.909117,0.000000,-0.842479,-1.035762,0.192991,
1629335426.914681,0.000000,-0.843014,-1.036149,0.193137,
1629335426.920263,0.000000,-0.843598,-1.036498,0.193336,
1629335426.925820,0.000000,-0.844114,-1.036942,0.193363,
1629335426.931390,0.000000,-0.844671,-1.037536,0.193281,
1629335426.936938,0.000000,-0.845296,-1.037812,0.193561,
1629335426.942486,0.000000,-0.845695,-1.038358,0.193309,
1629335426.948035,0.000000,-0.846225,-1.038808,0.193288,
1629335426.998045,0.000000,-0.851283,-1.043585,0.192826,
1629335427.003695,0.000000,-0.851874,-1.044042,0.192856,
1629335427.009168,0.000000,-0.852370,-1.044434,0.192992,
1629335427.014719,0.000000,-0.853003,-1.044981,0.193041,
1629335427.020272,0.000000,-0.853663,-1.045242,0.193435,
1629335427.025829,0.000000,-0.854128,-1.045563,0.193530,
1629335427.031384,0.000000,-0.854721,-1.045943,0.193622,
1629335427.036932,0.000000,-0.855258,-1.046356,0.193577,
1629335427.042482,0.000000,-0.855707,-1.047017,0.193199,
1629335427.048043,0.000000,-0.856203,-1.047360,0.193181,
1629335427.098031,0.000000,-0.861463,-1.051702,0.192962,
1629335427.103587,0.000000,-0.862187,-1.052164,0.193075,
1629335427.109163,0.000000,-0.862873,-1.052839,0.192962,
1629335427.114711,0.000000,-0.863466,-1.053264,0.193053,
1629335427.120319,0.000000,-0.864004,-1.053603,0.193247,
1629335427.125828,0.000000,-0.864608,-1.053905,0.193397,
1629335427.131365,0.000000,-0.865203,-1.054353,0.193345,
1629335427.136923,0.000000,-0.865792,-1.054842,0.193309,
1629335427.142561,0.000000,-0.866377,-1.055225,0.193279,
1629335427.148030,0.000000,-0.866902,-1.055596,0.193234,
1629335427.198044,0.000000,-0.872292,-1.059748,0.192859,
1629335427.203583,0.000000,-0.872885,-1.060240,0.192813,
1629335427.209138,0.000000,-0.873555,-1.060785,0.192691,
1629335427.214696,0.000000,-0.874227,-1.061186,0.192795,
1629335427.220251,0.000000,-0.874860,-1.061589,0.192999,
1629335427.225805,0.000000,-0.875584,-1.062053,0.193121,
1629335427.231375,0.000000,-0.876094,-1.062245,0.193320,
1629335427.236911,0.000000,-0.876631,-1.062686,0.193235,
1629335427.242474,0.000000,-0.877169,-1.062980,0.193330,
1629335427.248025,0.000000,-0.877764,-1.063199,0.193414,
1629335427.297987,0.000000,-0.883239,-1.067345,0.192712,
1629335427.303543,0.000000,-0.883941,-1.067911,0.192630,
1629335427.309104,0.000000,-0.884635,-1.068384,0.192683,
1629335427.314659,0.000000,-0.885249,-1.068786,0.192713,
1629335427.320213,0.000000,-0.886014,-1.068861,0.193199,
1629335427.325768,0.000000,-0.886698,-1.069154,0.193354,
1629335427.331324,0.000000,-0.887280,-1.069454,0.193381,
1629335427.336879,0.000000,-0.887827,-1.069867,0.193330,
1629335427.342402,0.000000,-0.888282,-1.070353,0.192957,
1629335427.347979,0.000000,-0.888920,-1.070650,0.193013,
1629335427.397998,0.000000,-0.894421,-1.074379,0.192531,
1629335427.403560,0.000000,-0.895109,-1.074763,0.192595,
1629335427.409119,0.000000,-0.895708,-1.075038,0.192804,
1629335427.414671,0.000000,-0.896617,-1.075207,0.193405,
1629335427.420302,0.000000,-0.897108,-1.075745,0.192959,
1629335427.425788,0.000000,-0.897730,-1.076054,0.193081,
1629335427.431339,0.000000,-0.898246,-1.076544,0.192865,
1629335427.436893,0.000000,-0.898792,-1.076789,0.192990,
1629335427.442448,0.000000,-0.899348,-1.077092,0.193035,
1629335427.448029,0.000000,-0.899937,-1.077371,0.193052,
1629335427.498029,0.000000,-0.905832,-1.081035,0.192428,
1629335427.503621,0.000000,-0.906494,-1.081370,0.192402,
1629335427.509157,0.000000,-0.907183,-1.081775,0.192355,
1629335427.514706,0.000000,-0.908027,-1.082030,0.192609,
1629335427.520275,0.000000,-0.908853,-1.082108,0.193140,
1629335427.525821,0.000000,-0.909519,-1.082399,0.193214,
1629335427.531370,0.000000,-0.910108,-1.082662,0.193254,
1629335427.536923,0.000000,-0.910615,-1.083102,0.192909,
1629335427.542474,0.000000,-0.911354,-1.083122,0.193380,
1629335427.548045,0.000000,-0.912128,-1.083322,0.193466,
1629335427.598002,0.000000,-0.918003,-1.086803,0.192720,
1629335427.603555,0.000000,-0.918745,-1.087362,0.192487,
1629335427.609117,0.000000,-0.919574,-1.087342,0.192982,
1629335427.614668,0.000000,-0.920326,-1.087695,0.193067,
1629335427.620233,0.000000,-0.920996,-1.087876,0.193261,
1629335427.625777,0.000000,-0.921693,-1.088172,0.193342,
1629335427.631351,0.000000,-0.922164,-1.088492,0.193267,
1629335427.636904,0.000000,-0.922939,-1.088635,0.193522,
1629335427.642461,0.000000,-0.923547,-1.088970,0.193467,
1629335427.648000,0.000000,-0.924134,-1.089209,0.193479,
1629335427.698133,0.000000,-0.930381,-1.092210,0.193199,
1629335427.703600,0.000000,-0.931013,-1.092535,0.193086,
1629335427.709169,0.000000,-0.931710,-1.092913,0.192964,
1629335427.714704,0.000000,-0.932447,-1.093213,0.192963,
1629335427.720273,0.000000,-0.933151,-1.093542,0.192917,
1629335427.725868,0.000000,-0.933791,-1.094022,0.192693,
1629335427.731391,0.000000,-0.934525,-1.094150,0.193085,
1629335427.736936,0.000000,-0.935051,-1.094748,0.192614,
1629335427.742489,0.000000,-0.935645,-1.094895,0.192718,
1629335427.748101,0.000000,-0.936280,-1.095108,0.192743,
1629335427.798024,0.000000,-0.942559,-1.097832,0.192279,
1629335427.803578,0.000000,-0.943361,-1.097986,0.192405,
1629335427.809124,0.000000,-0.944459,-1.097973,0.192947,
1629335427.814686,0.000000,-0.945221,-1.098341,0.192867,
1629335427.820238,0.000000,-0.945914,-1.098614,0.192893,
1629335427.825787,0.000000,-0.946556,-1.098749,0.193012,
1629335427.831426,0.000000,-0.947134,-1.099208,0.192870,
1629335427.836905,0.000000,-0.947609,-1.099412,0.192746,
1629335427.842459,0.000000,-0.948191,-1.099595,0.192764,
1629335427.848047,0.000000,-0.948791,-1.099799,0.192766,
1629335427.898047,0.000000,-0.955473,-1.101710,0.193005,
1629335427.903595,0.000000,-0.956108,-1.102453,0.192425,
1629335427.909181,0.000000,-0.956836,-1.102699,0.192367,
1629335427.914720,0.000000,-0.957978,-1.102958,0.192506,
1629335427.920267,0.000000,-0.958533,-1.102995,0.192746,
1629335427.925828,0.000000,-0.959248,-1.103463,0.192471,
1629335427.931376,0.000000,-0.960067,-1.103389,0.193092,
1629335427.936931,0.000000,-0.960647,-1.103490,0.193110,
1629335427.942486,0.000000,-0.961237,-1.103650,0.193125,
1629335427.948085,0.000000,-0.961800,-1.103971,0.193005,
1629335427.998033,0.000000,-0.968582,-1.106258,0.192364,
1629335428.003586,0.000000,-0.969302,-1.106541,0.192350,
1629335428.009149,0.000000,-0.970002,-1.106741,0.192305,
1629335428.014699,0.000000,-0.970757,-1.106853,0.192334,
1629335428.020267,0.000000,-0.971559,-1.107002,0.192512,
1629335428.025816,0.000000,-0.972180,-1.107168,0.192432,
1629335428.031371,0.000000,-0.972839,-1.107170,0.192653,
1629335428.036916,0.000000,-0.973574,-1.107288,0.192832,
1629335428.042474,0.000000,-0.974099,-1.107501,0.192696,
1629335428.048022,0.000000,-0.974870,-1.107789,0.192657,
1629335428.098040,0.000000,-0.981556,-1.109898,0.191962,
1629335428.103595,0.000000,-0.982558,-1.109800,0.192573,
1629335428.109241,0.000000,-0.983392,-1.110031,0.192469,
1629335428.114710,0.000000,-0.983919,-1.110301,0.192338,
1629335428.120266,0.000000,-0.984592,-1.110434,0.192395,
1629335428.125818,0.000000,-0.985170,-1.110462,0.192474,
1629335428.131380,0.000000,-0.986028,-1.110584,0.192537,
1629335428.136964,0.000000,-0.986682,-1.110734,0.192677,
1629335428.142489,0.000000,-0.987304,-1.110821,0.192724,
1629335428.148083,0.000000,-0.987970,-1.110933,0.192744,
1629335428.198045,0.000000,-0.994807,-1.112433,0.192487,
1629335428.203594,0.000000,-0.995587,-1.112627,0.192464,
1629335428.209144,0.000000,-0.996340,-1.112765,0.192348,
1629335428.214708,0.000000,-0.997033,-1.112535,0.192867,
1629335428.220264,0.000000,-0.997804,-1.112613,0.192884,
1629335428.225816,0.000000,-0.998505,-1.112729,0.192861,
1629335428.231375,0.000000,-0.999241,-1.113107,0.192669,
1629335428.236992,0.000000,-0.999960,-1.113062,0.192841,
1629335428.242486,0.000000,-1.000629,-1.113157,0.192844,
1629335428.248135,0.000000,-1.001375,-1.113224,0.192893,
1629335428.298031,0.000000,-1.007901,-1.114187,0.192903,
1629335428.303596,0.000000,-1.008572,-1.114704,0.192321,
1629335428.309157,0.000000,-1.009248,-1.114832,0.192267,
1629335428.314711,0.000000,-1.009963,-1.114918,0.192279,
1629335428.320251,0.000000,-1.010908,-1.115083,0.192305,
1629335428.325805,0.000000,-1.011575,-1.115135,0.192395,
1629335428.331373,0.000000,-1.012275,-1.115157,0.192536,
1629335428.336933,0.000000,-1.012852,-1.115137,0.192661,
1629335428.342483,0.000000,-1.013375,-1.115193,0.192658,
1629335428.348031,0.000000,-1.014156,-1.115243,0.192821,
1629335428.398036,0.000000,-1.020813,-1.116044,0.192618,
1629335428.403608,0.000000,-1.021426,-1.116161,0.192529,
1629335428.409157,0.000000,-1.022431,-1.116386,0.192491,
1629335428.414701,0.000000,-1.023225,-1.116538,0.192365,
1629335428.420254,0.000000,-1.024015,-1.116497,0.192480,
1629335428.425808,0.000000,-1.024838,-1.116522,0.192626,
1629335428.431371,0.000000,-1.025651,-1.116531,0.192730,
1629335428.436920,0.000000,-1.026324,-1.116612,0.192766,
1629335428.442481,0.000000,-1.026787,-1.116239,0.193163,
1629335428.448037,0.000000,-1.027503,-1.116285,0.193192,
1629335428.498030,0.000000,-1.034250,-1.116721,0.193182,
1629335428.503590,0.000000,-1.035017,-1.116816,0.193097,
1629335428.509144,0.000000,-1.035689,-1.116941,0.192970,
1629335428.514693,0.000000,-1.036430,-1.117169,0.192760,
1629335428.520250,0.000000,-1.037127,-1.117236,0.192766,
1629335428.525890,0.000000,-1.037944,-1.117278,0.192813,
1629335428.531359,0.000000,-1.038772,-1.117273,0.192892,
1629335428.536922,0.000000,-1.039376,-1.117176,0.193017,
1629335428.542472,0.000000,-1.040013,-1.117175,0.193066,
1629335428.548032,0.000000,-1.040720,-1.117207,0.192998,
1629335428.598054,0.000000,-1.047262,-1.117625,0.192723,
1629335428.603585,0.000000,-1.048048,-1.117683,0.192612,
1629335428.609149,0.000000,-1.048652,-1.117574,0.192791,
1629335428.614699,0.000000,-1.049714,-1.117440,0.192735,
1629335428.620261,0.000000,-1.050391,-1.117519,0.192647,
1629335428.625810,0.000000,-1.051330,-1.117198,0.192952,
1629335428.631365,0.000000,-1.051997,-1.117490,0.192918,
1629335428.636924,0.000000,-1.052475,-1.117818,0.192720,
1629335428.642475,0.000000,-1.053101,-1.117806,0.192635,
1629335428.648035,0.000000,-1.054001,-1.117503,0.192797,
1629335428.698035,0.000000,-1.060415,-1.117402,0.192920,
1629335428.703585,0.000000,-1.061151,-1.117496,0.192705,
1629335428.709141,0.000000,-1.062130,-1.117595,0.192712,
1629335428.714696,0.000000,-1.062918,-1.117649,0.192622,
1629335428.720248,0.000000,-1.063583,-1.117558,0.192562,
1629335428.725805,0.000000,-1.064351,-1.117561,0.192690,
1629335428.731369,0.000000,-1.065068,-1.117475,0.192587,
1629335428.736916,0.000000,-1.065820,-1.117339,0.192734,
1629335428.742475,0.000000,-1.066632,-1.117076,0.192952,
1629335428.748033,0.000000,-1.067439,-1.116927,0.193324,
1629335428.798021,0.000000,-1.073823,-1.116647,0.193045,
1629335428.803674,0.000000,-1.074648,-1.116451,0.193162,
1629335428.809233,0.000000,-1.075467,-1.116397,0.193195,
1629335428.814695,0.000000,-1.076255,-1.116537,0.193005,
1629335428.820246,0.000000,-1.077100,-1.116619,0.192775,
1629335428.825819,0.000000,-1.077901,-1.116516,0.192870,
1629335428.831364,0.000000,-1.078682,-1.116138,0.193181,
1629335428.836946,0.000000,-1.079462,-1.115986,0.193255,
1629335428.842469,0.000000,-1.080206,-1.115946,0.193172,
1629335428.848030,0.000000,-1.080944,-1.115708,0.193308,
1629335428.898019,0.000000,-1.087098,-1.114883,0.193425,
1629335428.903663,0.000000,-1.087937,-1.115082,0.193141,
1629335428.909124,0.000000,-1.088687,-1.115068,0.193081,
1629335428.914677,0.000000,-1.089434,-1.115093,0.192935,
1629335428.920237,0.000000,-1.090238,-1.115040,0.192848,
1629335428.925812,0.000000,-1.091064,-1.115014,0.192777,
1629335428.931371,0.000000,-1.091804,-1.114946,0.192776,
1629335428.936920,0.000000,-1.092528,-1.114847,0.192822,
1629335428.942557,0.000000,-1.093278,-1.114712,0.193017,
1629335428.948064,0.000000,-1.093882,-1.114536,0.193122,
1629335428.998030,0.000000,-1.099972,-1.113378,0.193140,
1629335429.003639,0.000000,-1.100735,-1.113328,0.193045,
1629335429.009150,0.000000,-1.101516,-1.113161,0.193278,
1629335429.014695,0.000000,-1.102303,-1.113080,0.193213,
1629335429.020500,0.000000,-1.103073,-1.113008,0.193166,
1629335429.025819,0.000000,-1.103919,-1.112951,0.193110,
1629335429.031368,0.000000,-1.104630,-1.112703,0.193182,
1629335429.036912,0.000000,-1.105372,-1.112715,0.193129,
1629335429.042502,0.000000,-1.106044,-1.112548,0.193220,
1629335429.048036,0.000000,-1.106705,-1.112378,0.193305,
1629335429.098024,0.000000,-1.112926,-1.111004,0.193485,
1629335429.103574,0.000000,-1.113733,-1.110808,0.193486,
1629335429.109131,0.000000,-1.114591,-1.110713,0.193287,
1629335429.114694,0.000000,-1.115264,-1.110793,0.193116,
1629335429.120260,0.000000,-1.116049,-1.110682,0.193200,
1629335429.125811,0.000000,-1.116832,-1.110584,0.193155,
1629335429.131361,0.000000,-1.117733,-1.110453,0.193060,
1629335429.136899,0.000000,-1.118428,-1.110226,0.193196,
1629335429.142465,0.000000,-1.119002,-1.110078,0.193268,
1629335429.148038,0.000000,-1.119706,-1.109918,0.193124,
