1624912844.000000,445271043.000000,-0.000051,0.000002,0.000000,0.000000,0.000000,-0.040428,0.999182,0.000767,0.000000,0.000000,0.000000,0.000000,-0.000029,
1624912844.000000,478271043.000000,-0.000076,0.000004,0.000000,0.000000,0.000000,-0.040429,0.999182,-0.000767,0.000000,0.000000,0.000000,0.000000,-0.000065,
1624912844.000000,512271043.000000,-0.000076,0.000004,0.000000,0.000000,0.000000,-0.040428,0.999182,0.000000,0.000000,0.000000,0.000000,0.000000,0.000091,
1624912854.000000,851101902.000000,-0.000076,0.000004,0.000000,0.000000,0.000000,-0.040444,0.999182,0.000000,0.000000,0.000000,0.000000,0.000000,0.000202,
1624912854.000000,884101902.000000,-0.000076,0.000004,0.000000,0.000000,0.000000,-0.040444,0.999182,0.000000,0.000000,0.000000,0.000000,0.000000,-0.000014,
1624912854.000000,917101902.000000,-0.000076,0.000004,0.000000,0.000000,0.000000,-0.040448,0.999182,0.000000,0.000000,0.000000,0.000000,0.000000,-0.000195,
1624912854.000000,950101902.000000,-0.000076,0.000004,0.000000,0.000000,0.000000,-0.040445,0.999182,0.000000,0.000000,0.000000,0.000000,0.000000,0.000166,
1624912854.000000,983101902.000000,-0.000076,0.000004,0.000000,0.000000,0.000000,-0.040444,0.999182,0.000000,0.000000,0.000000,0.000000,0.000000,0.000065,
1624912855.000000,16101902.000000,-0.000076,0.000004,0.000000,0.000000,0.000000,-0.040446,0.999182,0.000000,0.000000,0.000000,0.000000,0.000000,-0.000130,
1624912855.000000,50101902.000000,-0.000076,0.000004,0.000000,0.000000,0.000000,-0.040444,0.999182,0.000000,0.000000,0.000000,0.000000,0.000000,0.000098,
1624912855.000000,83101902.000000,-0.000076,0.000004,0.000000,0.000000,0.000000,-0.040443,0.999182,0.000000,0.000000,0.000000,0.000000,0.000000,0.000072,
1624912855.000000,116101902.000000,-0.000051,0.000002,0.000000,0.000000,0.000000,-0.040445,0.999182,0.000767,0.000000,0.000000,0.000000,0.000000,-0.000137,
1624912855.000000,149101902.000000,-0.000076,0.000004,0.000000,0.000000,0.000000,-0.040445,0.999182,-0.000767,0.000000,0.000000,0.000000,0.000000,0.000036,
1624912855.000000,182101902.000000,-0.000051,0.000002,0.000000,0.000000,0.000000,-0.040447,0.999182,0.000767,0.000000,0.000000,0.000000,0.000000,-0.000152,
1624912855.000000,215101902.000000,-0.000076,0.000004,0.000000,0.000000,0.000000,-0.040443,0.999182,-0.000767,0.000000,0.000000,0.000000,0.000000,0.000260,
1624912855.000000,248101902.000000,0.000631,-0.000053,0.000000,0.000000,0.000000,-0.041027,0.999158,0.021476,0.000000,0.000000,0.000000,0.000000,-0.035409,
1624912855.000000,282101902.000000,0.002244,-0.000193,0.000000,0.000000,0.000000,-0.045434,0.998967,0.047644,0.000000,0.000000,0.000000,0.000000,-0.259491,
1624912855.000000,315101902.000000,0.004260,-0.000390,0.000000,0.000000,0.000000,-0.051872,0.998654,0.061359,0.000000,0.000000,0.000000,0.000000,-0.390624,
1624912855.000000,348101902.000000,0.006272,-0.000614,0.000000,0.000000,0.000000,-0.058812,0.998269,0.061359,0.000000,0.000000,0.000000,0.000000,-0.421257,
1624912855.000000,381101902.000000,0.008356,-0.000876,0.000000,0.000000,0.000000,-0.065994,0.997820,0.063660,0.000000,0.000000,0.000000,0.000000,-0.436169,
1624912855.000000,414101902.000000,0.010487,-0.001174,0.000000,0.000000,0.000000,-0.073115,0.997324,0.065194,0.000000,0.000000,0.000000,0.000000,-0.432585,
1624912855.000000,447101902.000000,0.012588,-0.001499,0.000000,0.000000,0.000000,-0.080094,0.996787,0.064427,0.000000,0.000000,0.000000,0.000000,-0.424226,
1624912855.000000,481101902.000000,0.014685,-0.001854,0.000000,0.000000,0.000000,-0.087380,0.996175,0.062532,0.000000,0.000000,0.000000,0.000000,-0.430128,
1624912855.000000,514101902.000000,0.016775,-0.002239,0.000000,0.000000,0.000000,-0.094634,0.995512,0.064427,0.000000,0.000000,0.000000,0.000000,-0.441436,
1624912855.000000,547101902.000000,0.018811,-0.002644,0.000000,0.000000,0.000000,-0.101559,0.994830,0.062893,0.000000,0.000000,0.000000,0.000000,-0.421734,
1624912855.000000,580101902.000000,0.020915,-0.003094,0.000000,0.000000,0.000000,-0.108833,0.994060,0.065194,0.000000,0.000000,0.000000,0.000000,-0.443307,
1624912855.000000,613101902.000000,0.022962,-0.003564,0.000000,0.000000,0.000000,-0.116080,0.993240,0.063660,0.000000,0.000000,0.000000,0.000000,-0.442021,
1624912855.000000,646101902.000000,0.020946,-0.003071,0.000000,0.000000,0.000000,0.123003,-0.992406,0.062893,0.000000,0.000000,0.000000,0.000000,189.976959,
1624912855.000000,679101902.000000,0.023078,-0.003625,0.000000,0.000000,0.000000,0.130319,-0.991472,0.066728,0.000000,0.000000,0.000000,0.000000,-0.447049,
1624912855.000000,713101902.000000,0.025079,-0.004175,0.000000,0.000000,0.000000,0.137513,-0.990500,0.061043,0.000000,0.000000,0.000000,0.000000,-0.427022,
1624912855.000000,746101902.000000,0.027047,-0.004748,0.000000,0.000000,0.000000,0.144320,-0.989531,0.062126,0.000000,0.000000,0.000000,0.000000,-0.416669,
1624912855.000000,779101902.000000,0.029153,-0.005392,0.000000,0.000000,0.000000,0.151444,-0.988466,0.066728,0.000000,0.000000,0.000000,0.000000,-0.436552,
1624912855.000000,812101902.000000,0.031081,-0.006012,0.000000,0.000000,0.000000,0.158600,-0.987343,0.061359,0.000000,0.000000,0.000000,0.000000,-0.439008,
1624912855.000000,845101902.000000,0.033071,-0.006684,0.000000,0.000000,0.000000,0.165446,-0.986219,0.063660,0.000000,0.000000,0.000000,0.000000,-0.420491,
1624912855.000000,878101902.000000,0.035076,-0.007392,0.000000,0.000000,0.000000,0.172636,-0.984986,0.064427,0.000000,0.000000,0.000000,0.000000,-0.442115,
1624912855.000000,912101902.000000,0.037093,-0.008139,0.000000,0.000000,0.000000,0.179918,-0.983682,0.063277,0.000000,0.000000,0.000000,0.000000,-0.435170,
1624912855.000000,945101902.000000,0.039029,-0.008887,0.000000,0.000000,0.000000,0.186840,-0.982390,0.062893,0.000000,0.000000,0.000000,0.000000,-0.426733,
1624912855.000000,978101902.000000,0.041048,-0.009701,0.000000,0.000000,0.000000,0.193978,-0.981006,0.065961,0.000000,0.000000,0.000000,0.000000,-0.440691,
1624912856.000000,11101902.000000,0.043055,-0.010545,0.000000,0.000000,0.000000,0.201468,-0.979495,0.065961,0.000000,0.000000,0.000000,0.000000,-0.463124,
1624912856.000000,44101902.000000,0.045025,-0.011408,0.000000,0.000000,0.000000,0.208533,-0.978015,0.065194,0.000000,0.000000,0.000000,0.000000,-0.437433,
1624912856.000000,78101902.000000,0.047029,-0.012321,0.000000,0.000000,0.000000,0.215699,-0.976460,0.064766,0.000000,0.000000,0.000000,0.000000,-0.431369,
1624912856.000000,111101902.000000,0.048951,-0.013231,0.000000,0.000000,0.000000,0.222971,-0.974825,0.064427,0.000000,0.000000,0.000000,0.000000,-0.451738,
1624912856.000000,144101902.000000,0.050881,-0.014180,0.000000,0.000000,0.000000,0.229917,-0.973210,0.065194,0.000000,0.000000,0.000000,0.000000,-0.432166,
1624912856.000000,177101902.000000,0.052821,-0.015168,0.000000,0.000000,0.000000,0.237036,-0.971501,0.065961,0.000000,0.000000,0.000000,0.000000,-0.443748,
1624912856.000000,210101902.000000,0.054678,-0.016150,0.000000,0.000000,0.000000,0.244294,-0.969701,0.063660,0.000000,0.000000,0.000000,0.000000,-0.453176,
1624912856.000000,243101902.000000,0.056543,-0.017170,0.000000,0.000000,0.000000,0.251193,-0.967937,0.064427,0.000000,0.000000,0.000000,0.000000,-0.431545,
1624912856.000000,277101902.000000,0.058504,-0.018280,0.000000,0.000000,0.000000,0.258325,-0.966058,0.066254,0.000000,0.000000,0.000000,0.000000,-0.433866,
1624912856.000000,310101902.000000,0.060316,-0.019342,0.000000,0.000000,0.000000,0.265581,-0.964088,0.063660,0.000000,0.000000,0.000000,0.000000,-0.455683,
1624912856.000000,343101902.000000,0.062113,-0.020431,0.000000,0.000000,0.000000,0.272531,-0.962147,0.063660,0.000000,0.000000,0.000000,0.000000,-0.437325,
1624912856.000000,376101902.000000,0.064001,-0.021613,0.000000,0.000000,0.000000,0.279568,-0.960126,0.067495,0.000000,0.000000,0.000000,0.000000,-0.443733,
1624912856.000000,409101902.000000,0.065807,-0.022781,0.000000,0.000000,0.000000,0.286706,-0.958018,0.065194,0.000000,0.000000,0.000000,0.000000,-0.451088,
1624912856.000000,442101902.000000,0.067554,-0.023948,0.000000,0.000000,0.000000,0.293517,-0.955954,0.063660,0.000000,0.000000,0.000000,0.000000,-0.431299,
1624912856.000000,476101902.000000,0.069347,-0.025183,0.000000,0.000000,0.000000,0.300546,-0.953767,0.064021,0.000000,0.000000,0.000000,0.000000,-0.432989,
1624912856.000000,509101902.000000,0.071080,-0.026414,0.000000,0.000000,0.000000,0.307572,-0.951525,0.064427,0.000000,0.000000,0.000000,0.000000,-0.446977,
1624912856.000000,542101902.000000,0.072754,-0.027641,0.000000,0.000000,0.000000,0.314234,-0.949346,0.062893,0.000000,0.000000,0.000000,0.000000,-0.424840,
1624912856.000000,575101902.000000,0.074471,-0.028937,0.000000,0.000000,0.000000,0.321075,-0.947054,0.065194,0.000000,0.000000,0.000000,0.000000,-0.437260,
1624912856.000000,608101902.000000,0.076130,-0.030227,0.000000,0.000000,0.000000,0.327990,-0.944681,0.063660,0.000000,0.000000,0.000000,0.000000,-0.443061,
1624912856.000000,641101902.000000,0.077769,-0.031540,0.000000,0.000000,0.000000,0.334569,-0.942371,0.063660,0.000000,0.000000,0.000000,0.000000,-0.422586,
1624912856.000000,675101902.000000,0.079429,-0.032909,0.000000,0.000000,0.000000,0.341348,-0.939937,0.063277,0.000000,0.000000,0.000000,0.000000,-0.423677,
1624912856.000000,708101902.000000,0.081011,-0.034252,0.000000,0.000000,0.000000,0.348190,-0.937424,0.062893,0.000000,0.000000,0.000000,0.000000,-0.441761,
1624912856.000000,741101902.000000,0.082593,-0.035635,0.000000,0.000000,0.000000,0.354718,-0.934973,0.063660,0.000000,0.000000,0.000000,0.000000,-0.422608,
1624912856.000000,774101902.000000,0.084193,-0.037073,0.000000,0.000000,0.000000,0.361421,-0.932403,0.065194,0.000000,0.000000,0.000000,0.000000,-0.435063,
1624912856.000000,803097993.000000,0.085771,-0.038535,0.000000,0.000000,0.000000,0.368232,-0.929734,0.065194,0.000000,0.000000,0.000000,0.000000,-0.443343,
1624912856.000000,837097993.000000,0.087256,-0.039949,0.000000,0.000000,0.000000,0.374760,-0.927122,0.060299,0.000000,0.000000,0.000000,0.000000,-0.413649,
1624912856.000000,870097993.000000,0.088774,-0.041437,0.000000,0.000000,0.000000,0.381385,-0.924416,0.064427,0.000000,0.000000,0.000000,0.000000,-0.433705,
1624912856.000000,903097993.000000,0.090270,-0.042948,0.000000,0.000000,0.000000,0.388214,-0.921569,0.064427,0.000000,0.000000,0.000000,0.000000,-0.448415,
1624912856.000000,936097993.000000,0.091710,-0.044443,0.000000,0.000000,0.000000,0.394654,-0.918830,0.062893,0.000000,0.000000,0.000000,0.000000,-0.424147,
1624912856.000000,969097993.000000,0.093163,-0.045995,0.000000,0.000000,0.000000,0.401203,-0.915989,0.064427,0.000000,0.000000,0.000000,0.000000,-0.432629,
1624912857.000000,3097993.000000,0.094593,-0.047568,0.000000,0.000000,0.000000,0.407985,-0.912989,0.062532,0.000000,0.000000,0.000000,0.000000,-0.436222,
1624912857.000000,36097993.000000,0.095983,-0.049143,0.000000,0.000000,0.000000,0.414386,-0.910101,0.063660,0.000000,0.000000,0.000000,0.000000,-0.425613,
1624912857.000000,69097993.000000,0.097368,-0.050757,0.000000,0.000000,0.000000,0.420889,-0.907112,0.064427,0.000000,0.000000,0.000000,0.000000,-0.433770,
1624912857.000000,102097993.000000,0.098744,-0.052410,0.000000,0.000000,0.000000,0.427647,-0.903946,0.065194,0.000000,0.000000,0.000000,0.000000,-0.452273,
1624912857.000000,135097993.000000,0.100081,-0.054063,0.000000,0.000000,0.000000,0.434043,-0.900892,0.064427,0.000000,0.000000,0.000000,0.000000,-0.429529,
1624912857.000000,168097993.000000,0.101379,-0.055715,0.000000,0.000000,0.000000,0.440421,-0.897791,0.063660,0.000000,0.000000,0.000000,0.000000,-0.429840,
1624912857.000000,202097993.000000,0.102683,-0.057427,0.000000,0.000000,0.000000,0.447111,-0.894479,0.063277,0.000000,0.000000,0.000000,0.000000,-0.439118,
1624912857.000000,235097993.000000,0.103932,-0.059116,0.000000,0.000000,0.000000,0.453455,-0.891279,0.063660,0.000000,0.000000,0.000000,0.000000,-0.430649,
1624912857.000000,268097993.000000,0.105171,-0.060843,0.000000,0.000000,0.000000,0.459734,-0.888057,0.064427,0.000000,0.000000,0.000000,0.000000,-0.427716,
1624912857.000000,301097993.000000,0.106386,-0.062588,0.000000,0.000000,0.000000,0.466361,-0.884595,0.064427,0.000000,0.000000,0.000000,0.000000,-0.453140,
1624912857.000000,334097993.000000,0.107546,-0.064309,0.000000,0.000000,0.000000,0.472604,-0.881275,0.062893,0.000000,0.000000,0.000000,0.000000,-0.428561,
1624912857.000000,367097993.000000,0.108683,-0.066046,0.000000,0.000000,0.000000,0.478686,-0.877986,0.062893,0.000000,0.000000,0.000000,0.000000,-0.418988,
1624912857.000000,401097993.000000,0.109848,-0.067884,0.000000,0.000000,0.000000,0.485147,-0.874433,0.064021,0.000000,0.000000,0.000000,0.000000,-0.433747,
1624912857.000000,434097993.000000,0.110921,-0.069631,0.000000,0.000000,0.000000,0.491378,-0.870946,0.062126,0.000000,0.000000,0.000000,0.000000,-0.432766,
1624912857.000000,467097993.000000,0.111995,-0.071437,0.000000,0.000000,0.000000,0.497449,-0.867494,0.063660,0.000000,0.000000,0.000000,0.000000,-0.423244,
1624912857.000000,500097993.000000,0.113067,-0.073302,0.000000,0.000000,0.000000,0.503825,-0.863805,0.065194,0.000000,0.000000,0.000000,0.000000,-0.446464,
1624912857.000000,533097993.000000,0.114088,-0.075138,0.000000,0.000000,0.000000,0.510096,-0.860117,0.063660,0.000000,0.000000,0.000000,0.000000,-0.440915,
1624912857.000000,567097993.000000,0.115095,-0.077010,0.000000,0.000000,0.000000,0.516141,-0.856503,0.062532,0.000000,0.000000,0.000000,0.000000,-0.414287,
1624912857.000000,600097993.000000,0.116086,-0.078920,0.000000,0.000000,0.000000,0.522447,-0.852672,0.065194,0.000000,0.000000,0.000000,0.000000,-0.447187,
1624912857.000000,633097993.000000,0.117026,-0.080799,0.000000,0.000000,0.000000,0.528703,-0.848807,0.063660,0.000000,0.000000,0.000000,0.000000,-0.445669,
1624912857.000000,666097993.000000,0.117939,-0.082691,0.000000,0.000000,0.000000,0.534679,-0.845055,0.063660,0.000000,0.000000,0.000000,0.000000,-0.427622,
1624912857.000000,699097993.000000,0.118868,-0.084687,0.000000,0.000000,0.000000,0.540886,-0.841096,0.066728,0.000000,0.000000,0.000000,0.000000,-0.446197,
1624912857.000000,732097993.000000,0.119746,-0.086651,0.000000,0.000000,0.000000,0.547083,-0.837079,0.065194,0.000000,0.000000,0.000000,0.000000,-0.447577,
1624912857.000000,766097993.000000,0.120585,-0.088605,0.000000,0.000000,0.000000,0.553042,-0.833153,0.062532,0.000000,0.000000,0.000000,0.000000,-0.419757,
1624912857.000000,799097993.000000,0.121415,-0.090617,0.000000,0.000000,0.000000,0.559231,-0.829012,0.065961,0.000000,0.000000,0.000000,0.000000,-0.451370,
1624912857.000000,832097993.000000,0.122206,-0.092618,0.000000,0.000000,0.000000,0.565335,-0.824862,0.065194,0.000000,0.000000,0.000000,0.000000,-0.447317,
1624912857.000000,865097993.000000,0.122959,-0.094606,0.000000,0.000000,0.000000,0.571250,-0.820776,0.064427,0.000000,0.000000,0.000000,0.000000,-0.435670,
1624912857.000000,898097993.000000,0.123709,-0.096677,0.000000,0.000000,0.000000,0.577376,-0.816478,0.066728,0.000000,0.000000,0.000000,0.000000,-0.453537,
1624912857.000000,932097993.000000,0.124402,-0.098686,0.000000,0.000000,0.000000,0.583444,-0.812154,0.062532,0.000000,0.000000,0.000000,0.000000,-0.438326,
1624912857.000000,965097993.000000,0.125082,-0.100754,0.000000,0.000000,0.000000,0.589302,-0.807913,0.065961,0.000000,0.000000,0.000000,0.000000,-0.438271,
1624912857.000000,998097993.000000,0.125724,-0.102808,0.000000,0.000000,0.000000,0.595300,-0.803503,0.065194,0.000000,0.000000,0.000000,0.000000,-0.451225,
1624912858.000000,31097993.000000,0.126328,-0.104846,0.000000,0.000000,0.000000,0.601189,-0.799107,0.064427,0.000000,0.000000,0.000000,0.000000,-0.445416,
1624912858.000000,64097993.000000,0.126903,-0.106893,0.000000,0.000000,0.000000,0.606915,-0.794767,0.064427,0.000000,0.000000,0.000000,0.000000,-0.435417,
1624912858.000000,97097993.000000,0.127460,-0.108997,0.000000,0.000000,0.000000,0.612794,-0.790243,0.065961,0.000000,0.000000,0.000000,0.000000,-0.449556,
1624912858.000000,131097993.000000,0.127981,-0.111085,0.000000,0.000000,0.000000,0.618511,-0.785776,0.063277,0.000000,0.000000,0.000000,0.000000,-0.426783,
1624912858.000000,164097993.000000,0.128460,-0.113130,0.000000,0.000000,0.000000,0.624057,-0.781379,0.063660,0.000000,0.000000,0.000000,0.000000,-0.428995,
1624912858.000000,197097993.000000,0.128915,-0.115207,0.000000,0.000000,0.000000,0.629760,-0.776790,0.064427,0.000000,0.000000,0.000000,0.000000,-0.443610,
1624912858.000000,230097993.000000,0.129334,-0.117265,0.000000,0.000000,0.000000,0.635341,-0.772232,0.063660,0.000000,0.000000,0.000000,0.000000,-0.436718,
1624912858.000000,263097993.000000,0.129720,-0.119305,0.000000,0.000000,0.000000,0.640723,-0.767772,0.062893,0.000000,0.000000,0.000000,0.000000,-0.423605,
1624912858.000000,297097993.000000,0.130094,-0.121449,0.000000,0.000000,0.000000,0.646346,-0.763045,0.064021,0.000000,0.000000,0.000000,0.000000,-0.432120,
1624912858.000000,330097993.000000,0.130420,-0.123499,0.000000,0.000000,0.000000,0.651849,-0.758348,0.062893,0.000000,0.000000,0.000000,0.000000,-0.438481,
1624912858.000000,363097993.000000,0.130721,-0.125578,0.000000,0.000000,0.000000,0.657126,-0.753781,0.063660,0.000000,0.000000,0.000000,0.000000,-0.422958,
1624912858.000000,396097993.000000,0.131002,-0.127736,0.000000,0.000000,0.000000,0.662611,-0.748964,0.065961,0.000000,0.000000,0.000000,0.000000,-0.442436,
1624912858.000000,429097993.000000,0.131243,-0.129823,0.000000,0.000000,0.000000,0.668056,-0.744111,0.063660,0.000000,0.000000,0.000000,0.000000,-0.442039,
1624912858.000000,463097993.000000,0.131449,-0.131863,0.000000,0.000000,0.000000,0.673252,-0.739413,0.060299,0.000000,0.000000,0.000000,0.000000,-0.412043,
1624912858.000000,496097993.000000,0.131639,-0.134057,0.000000,0.000000,0.000000,0.678628,-0.734482,0.066728,0.000000,0.000000,0.000000,0.000000,-0.442115,
1624912858.000000,529097993.000000,0.131786,-0.136102,0.000000,0.000000,0.000000,0.683986,-0.729495,0.062126,0.000000,0.000000,0.000000,0.000000,-0.443603,
1624912858.000000,562097993.000000,0.131905,-0.138174,0.000000,0.000000,0.000000,0.689039,-0.724725,0.062893,0.000000,0.000000,0.000000,0.000000,-0.421181,
1624912858.000000,595097993.000000,0.131999,-0.140349,0.000000,0.000000,0.000000,0.694283,-0.719702,0.065961,0.000000,0.000000,0.000000,0.000000,-0.440113,
1624912858.000000,628097993.000000,0.132058,-0.142423,0.000000,0.000000,0.000000,0.699593,-0.714541,0.062893,0.000000,0.000000,0.000000,0.000000,-0.448740,
1624912858.000000,662097993.000000,0.132088,-0.144524,0.000000,0.000000,0.000000,0.704531,-0.709673,0.061788,0.000000,0.000000,0.000000,0.000000,-0.407885,
1624912858.000000,695097993.000000,0.132088,-0.146701,0.000000,0.000000,0.000000,0.709688,-0.704516,0.065961,0.000000,0.000000,0.000000,0.000000,-0.442014,
1624912858.000000,728097993.000000,0.132057,-0.148826,0.000000,0.000000,0.000000,0.714923,-0.699203,0.064427,0.000000,0.000000,0.000000,0.000000,-0.452038,
1624912858.000000,761097993.000000,0.131995,-0.150926,0.000000,0.000000,0.000000,0.719805,-0.694177,0.063660,0.000000,0.000000,0.000000,0.000000,-0.424645,
1624912858.000000,794097993.000000,0.131902,-0.153076,0.000000,0.000000,0.000000,0.724778,-0.688982,0.065194,0.000000,0.000000,0.000000,0.000000,-0.435851,
1624912858.000000,827097993.000000,0.131780,-0.155173,0.000000,0.000000,0.000000,0.729858,-0.683599,0.063660,0.000000,0.000000,0.000000,0.000000,-0.448595,
1624912858.000000,861097993.000000,0.131630,-0.157243,0.000000,0.000000,0.000000,0.734617,-0.678482,0.061043,0.000000,0.000000,0.000000,0.000000,-0.411076,
1624912858.000000,894097993.000000,0.131441,-0.159412,0.000000,0.000000,0.000000,0.739520,-0.673135,0.065961,0.000000,0.000000,0.000000,0.000000,-0.439655,
1624912858.000000,927097993.000000,0.131226,-0.161527,0.000000,0.000000,0.000000,0.744504,-0.667618,0.064427,0.000000,0.000000,0.000000,0.000000,-0.450561,
1624912858.000000,960097993.000000,0.130989,-0.163563,0.000000,0.000000,0.000000,0.749168,-0.662380,0.062126,0.000000,0.000000,0.000000,0.000000,-0.425046,
1624912858.000000,993097993.000000,0.130711,-0.165696,0.000000,0.000000,0.000000,0.753848,-0.657049,0.065194,0.000000,0.000000,0.000000,0.000000,-0.429916,
1624912859.000000,27097993.000000,0.130408,-0.167775,0.000000,0.000000,0.000000,0.758683,-0.651460,0.061788,0.000000,0.000000,0.000000,0.000000,-0.434725,
1624912859.000000,60097993.000000,0.130084,-0.169800,0.000000,0.000000,0.000000,0.763262,-0.646090,0.062126,0.000000,0.000000,0.000000,0.000000,-0.427745,
1624912859.000000,93097993.000000,0.129714,-0.171919,0.000000,0.000000,0.000000,0.767839,-0.640643,0.065194,0.000000,0.000000,0.000000,0.000000,-0.431216,
1624912859.000000,126097993.000000,0.129317,-0.174008,0.000000,0.000000,0.000000,0.772560,-0.634941,0.064427,0.000000,0.000000,0.000000,0.000000,-0.448621,
1624912859.000000,159097993.000000,0.128906,-0.176016,0.000000,0.000000,0.000000,0.777097,-0.629381,0.062126,0.000000,0.000000,0.000000,0.000000,-0.434897,
1624912859.000000,192097993.000000,0.128438,-0.178142,0.000000,0.000000,0.000000,0.781555,-0.623836,0.065961,0.000000,0.000000,0.000000,0.000000,-0.431198,
1624912859.000000,226097993.000000,0.127946,-0.180236,0.000000,0.000000,0.000000,0.786182,-0.617995,0.063277,0.000000,0.000000,0.000000,0.000000,-0.438319,
1624912859.000000,259097993.000000,0.127441,-0.182250,0.000000,0.000000,0.000000,0.790604,-0.612328,0.062893,0.000000,0.000000,0.000000,0.000000,-0.435663,
1624912859.000000,292097993.000000,0.126888,-0.184329,0.000000,0.000000,0.000000,0.794996,-0.606615,0.065194,0.000000,0.000000,0.000000,0.000000,-0.436743,
1624912859.000000,329954030.000000,0.126305,-0.186400,0.000000,0.000000,0.000000,0.799472,-0.600703,0.065194,0.000000,0.000000,0.000000,0.000000,-0.449397,
1624912859.000000,362954030.000000,0.125684,-0.188486,0.000000,0.000000,0.000000,0.803840,-0.594845,0.065961,0.000000,0.000000,0.000000,0.000000,-0.442881,
1624912859.000000,395954030.000000,0.125040,-0.190539,0.000000,0.000000,0.000000,0.808122,-0.589016,0.065194,0.000000,0.000000,0.000000,0.000000,-0.438380,
1624912859.000000,429954030.000000,0.124366,-0.192582,0.000000,0.000000,0.000000,0.812512,-0.582944,0.063277,0.000000,0.000000,0.000000,0.000000,-0.440752,
1624912859.000000,462954030.000000,0.123670,-0.194591,0.000000,0.000000,0.000000,0.816729,-0.577022,0.064427,0.000000,0.000000,0.000000,0.000000,-0.440590,
1624912859.000000,495954030.000000,0.122937,-0.196613,0.000000,0.000000,0.000000,0.820887,-0.571090,0.065194,0.000000,0.000000,0.000000,0.000000,-0.439030,
1624912859.000000,528954030.000000,0.122174,-0.198625,0.000000,0.000000,0.000000,0.825161,-0.564897,0.065194,0.000000,0.000000,0.000000,0.000000,-0.456066,
1624912859.000000,561954030.000000,0.121381,-0.200625,0.000000,0.000000,0.000000,0.829237,-0.558897,0.065194,0.000000,0.000000,0.000000,0.000000,-0.439575,
1624912859.000000,594954030.000000,0.120549,-0.202636,0.000000,0.000000,0.000000,0.833298,-0.552825,0.065961,0.000000,0.000000,0.000000,0.000000,-0.442765,
1624912859.000000,628954030.000000,0.119698,-0.204612,0.000000,0.000000,0.000000,0.837402,-0.546588,0.063277,0.000000,0.000000,0.000000,0.000000,-0.439195,
1624912859.000000,661954030.000000,0.118828,-0.206552,0.000000,0.000000,0.000000,0.841302,-0.540566,0.064427,0.000000,0.000000,0.000000,0.000000,-0.434789,
1624912859.000000,694954030.000000,0.117909,-0.208526,0.000000,0.000000,0.000000,0.845163,-0.534508,0.065961,0.000000,0.000000,0.000000,0.000000,-0.435392,
1624912859.000000,727954030.000000,0.116984,-0.210440,0.000000,0.000000,0.000000,0.849140,-0.528167,0.064427,0.000000,0.000000,0.000000,0.000000,-0.453653,
1624912859.000000,760954030.000000,0.116065,-0.212272,0.000000,0.000000,0.000000,0.852836,-0.522179,0.062126,0.000000,0.000000,0.000000,0.000000,-0.426433,
1624912859.000000,794954030.000000,0.115061,-0.214204,0.000000,0.000000,0.000000,0.856545,-0.516072,0.064021,0.000000,0.000000,0.000000,0.000000,-0.420349,
1624912859.000000,827954030.000000,0.114066,-0.216054,0.000000,0.000000,0.000000,0.860336,-0.509727,0.063660,0.000000,0.000000,0.000000,0.000000,-0.447970,
1624912859.000000,860954030.000000,0.113043,-0.217889,0.000000,0.000000,0.000000,0.863938,-0.503599,0.063660,0.000000,0.000000,0.000000,0.000000,-0.430765,
1624912859.000000,893954030.000000,0.111970,-0.219754,0.000000,0.000000,0.000000,0.867485,-0.497463,0.065194,0.000000,0.000000,0.000000,0.000000,-0.429554,
1624912859.000000,926954030.000000,0.110896,-0.221559,0.000000,0.000000,0.000000,0.871125,-0.491062,0.063660,0.000000,0.000000,0.000000,0.000000,-0.446255,
1624912859.000000,959954030.000000,0.109795,-0.223348,0.000000,0.000000,0.000000,0.874581,-0.484879,0.063660,0.000000,0.000000,0.000000,0.000000,-0.429302,
1624912859.000000,993954030.000000,0.108656,-0.225144,0.000000,0.000000,0.000000,0.877977,-0.478703,0.062532,0.000000,0.000000,0.000000,0.000000,-0.414603,
1624912860.000000,26954030.000000,0.107492,-0.226922,0.000000,0.000000,0.000000,0.881476,-0.472230,0.064427,0.000000,0.000000,0.000000,0.000000,-0.445937,
1624912860.000000,59954030.000000,0.106344,-0.228621,0.000000,0.000000,0.000000,0.884807,-0.465958,0.062126,0.000000,0.000000,0.000000,0.000000,-0.430425,
1624912860.000000,92954030.000000,0.105129,-0.230366,0.000000,0.000000,0.000000,0.888051,-0.459746,0.064427,0.000000,0.000000,0.000000,0.000000,-0.424696,
1624912860.000000,125954030.000000,0.103859,-0.232134,0.000000,0.000000,0.000000,0.891427,-0.453165,0.065961,0.000000,0.000000,0.000000,0.000000,-0.448281,
1624912860.000000,158954030.000000,0.102639,-0.233781,0.000000,0.000000,0.000000,0.894635,-0.446798,0.062126,0.000000,0.000000,0.000000,0.000000,-0.432065,
1624912860.000000,192954030.000000,0.101350,-0.235472,0.000000,0.000000,0.000000,0.897765,-0.440474,0.062532,0.000000,0.000000,0.000000,0.000000,-0.415090,
1624912860.000000,225954030.000000,0.100021,-0.237164,0.000000,0.000000,0.000000,0.900972,-0.433877,0.065194,0.000000,0.000000,0.000000,0.000000,-0.444550,
1624912860.000000,258954030.000000,0.098715,-0.238777,0.000000,0.000000,0.000000,0.904105,-0.427311,0.062893,0.000000,0.000000,0.000000,0.000000,-0.440941,
1624912860.000000,291954030.000000,0.097370,-0.240391,0.000000,0.000000,0.000000,0.907074,-0.420970,0.063660,0.000000,0.000000,0.000000,0.000000,-0.424316,
1624912860.000000,324954030.000000,0.095969,-0.242024,0.000000,0.000000,0.000000,0.910148,-0.414283,0.065194,0.000000,0.000000,0.000000,0.000000,-0.446049,
1624912860.000000,357954030.000000,0.094578,-0.243598,0.000000,0.000000,0.000000,0.913164,-0.407592,0.063660,0.000000,0.000000,0.000000,0.000000,-0.444802,
1624912860.000000,391954030.000000,0.093147,-0.245170,0.000000,0.000000,0.000000,0.915986,-0.401210,0.062532,0.000000,0.000000,0.000000,0.000000,-0.410501,
1624912860.000000,424954030.000000,0.091677,-0.246741,0.000000,0.000000,0.000000,0.918900,-0.394490,0.065194,0.000000,0.000000,0.000000,0.000000,-0.443896,
1624912860.000000,457954030.000000,0.090201,-0.248272,0.000000,0.000000,0.000000,0.921770,-0.387738,0.064427,0.000000,0.000000,0.000000,0.000000,-0.444665,
1624912860.000000,490954030.000000,0.088722,-0.249763,0.000000,0.000000,0.000000,0.924457,-0.381287,0.063660,0.000000,0.000000,0.000000,0.000000,-0.423507,
1624912860.000000,523954030.000000,0.087185,-0.251269,0.000000,0.000000,0.000000,0.927207,-0.374549,0.065194,0.000000,0.000000,0.000000,0.000000,-0.441114,
1624912860.000000,557954030.000000,0.085663,-0.252717,0.000000,0.000000,0.000000,0.929937,-0.367718,0.061788,0.000000,0.000000,0.000000,0.000000,-0.432674,
1624912860.000000,590954030.000000,0.084120,-0.254143,0.000000,0.000000,0.000000,0.932461,-0.361271,0.063660,0.000000,0.000000,0.000000,0.000000,-0.419602,
1624912860.000000,623954030.000000,0.082557,-0.255547,0.000000,0.000000,0.000000,0.935037,-0.354549,0.063660,0.000000,0.000000,0.000000,0.000000,-0.436339,
1624912860.000000,656954030.000000,0.080975,-0.256928,0.000000,0.000000,0.000000,0.937605,-0.347702,0.063660,0.000000,0.000000,0.000000,0.000000,-0.443198,
1624912860.000000,689954030.000000,0.079392,-0.258270,0.000000,0.000000,0.000000,0.940005,-0.341160,0.062893,0.000000,0.000000,0.000000,0.000000,-0.422274,
1624912860.000000,722954030.000000,0.077751,-0.259622,0.000000,0.000000,0.000000,0.942425,-0.334418,0.064427,0.000000,0.000000,0.000000,0.000000,-0.434133,
1624912860.000000,756954030.000000,0.076071,-0.260966,0.000000,0.000000,0.000000,0.944881,-0.327413,0.063277,0.000000,0.000000,0.000000,0.000000,-0.436707,
1624912860.000000,789954030.000000,0.074451,-0.262223,0.000000,0.000000,0.000000,0.947146,-0.320802,0.062126,0.000000,0.000000,0.000000,0.000000,-0.423495,
1624912860.000000,822954030.000000,0.072733,-0.263518,0.000000,0.000000,0.000000,0.949444,-0.313936,0.065194,0.000000,0.000000,0.000000,0.000000,-0.438808,
1624912860.000000,855954030.000000,0.070955,-0.264818,0.000000,0.000000,0.000000,0.951764,-0.306830,0.066728,0.000000,0.000000,0.000000,0.000000,-0.453031,
1624912860.000000,888954030.000000,0.069241,-0.266032,0.000000,0.000000,0.000000,0.953922,-0.300055,0.063660,0.000000,0.000000,0.000000,0.000000,-0.430969,
1624912860.000000,922954030.000000,0.067531,-0.267208,0.000000,0.000000,0.000000,0.956060,-0.293171,0.061043,0.000000,0.000000,0.000000,0.000000,-0.424029,
1624912860.000000,955954030.000000,0.065698,-0.268429,0.000000,0.000000,0.000000,0.958229,-0.286001,0.066728,0.000000,0.000000,0.000000,0.000000,-0.453972,
1624912860.000000,988954030.000000,0.063933,-0.269568,0.000000,0.000000,0.000000,0.960235,-0.279194,0.063660,0.000000,0.000000,0.000000,0.000000,-0.430078,
1624912861.000000,21954030.000000,0.062109,-0.270708,0.000000,0.000000,0.000000,0.962235,-0.272219,0.065194,0.000000,0.000000,0.000000,0.000000,-0.439792,
1624912861.000000,54954030.000000,0.060246,-0.271835,0.000000,0.000000,0.000000,0.964241,-0.265026,0.065961,0.000000,0.000000,0.000000,0.000000,-0.452560,
1624912861.000000,87954030.000000,0.058411,-0.272908,0.000000,0.000000,0.000000,0.966119,-0.258095,0.064427,0.000000,0.000000,0.000000,0.000000,-0.435190,
1624912861.000000,121954030.000000,0.056494,-0.273992,0.000000,0.000000,0.000000,0.967999,-0.250953,0.064766,0.000000,0.000000,0.000000,0.000000,-0.434425,
1624912861.000000,154954030.000000,0.054562,-0.275048,0.000000,0.000000,0.000000,0.969857,-0.243674,0.066728,0.000000,0.000000,0.000000,0.000000,-0.455291,
1624912861.000000,187954030.000000,0.052726,-0.276015,0.000000,0.000000,0.000000,0.971596,-0.236646,0.062893,0.000000,0.000000,0.000000,0.000000,-0.438818,
1624912861.000000,220954030.000000,0.050763,-0.277013,0.000000,0.000000,0.000000,0.973318,-0.229460,0.066728,0.000000,0.000000,0.000000,0.000000,-0.447858,
1624912861.000000,253954030.000000,0.048808,-0.277971,0.000000,0.000000,0.000000,0.975010,-0.222163,0.065961,0.000000,0.000000,0.000000,0.000000,-0.453953,
1624912861.000000,287954030.000000,0.046931,-0.278857,0.000000,0.000000,0.000000,0.976577,-0.215168,0.061043,0.000000,0.000000,0.000000,0.000000,-0.421666,
1624912861.000000,320954030.000000,0.044949,-0.279757,0.000000,0.000000,0.000000,0.978121,-0.208039,0.065961,0.000000,0.000000,0.000000,0.000000,-0.442071,
1624912861.000000,353954030.000000,0.043001,-0.280608,0.000000,0.000000,0.000000,0.979633,-0.200795,0.064427,0.000000,0.000000,0.000000,0.000000,-0.448473,
1624912861.000000,386954030.000000,0.041064,-0.281421,0.000000,0.000000,0.000000,0.981012,-0.193949,0.063660,0.000000,0.000000,0.000000,0.000000,-0.423271,
1624912861.000000,419954030.000000,0.039068,-0.282225,0.000000,0.000000,0.000000,0.982383,-0.186880,0.065194,0.000000,0.000000,0.000000,0.000000,-0.436411,
1624912861.000000,453954030.000000,0.037109,-0.282982,0.000000,0.000000,0.000000,0.983729,-0.179661,0.061788,0.000000,0.000000,0.000000,0.000000,-0.431979,
1624912861.000000,486954030.000000,0.035138,-0.283711,0.000000,0.000000,0.000000,0.984964,-0.172762,0.063660,0.000000,0.000000,0.000000,0.000000,-0.424777,
1624912861.000000,519954030.000000,0.033158,-0.284412,0.000000,0.000000,0.000000,0.986170,-0.165737,0.063660,0.000000,0.000000,0.000000,0.000000,-0.431973,
1624912861.000000,552954030.000000,0.031168,-0.285084,0.000000,0.000000,0.000000,0.987359,-0.158502,0.063660,0.000000,0.000000,0.000000,0.000000,-0.444365,
1624912861.000000,585954030.000000,0.029168,-0.285728,0.000000,0.000000,0.000000,0.988443,-0.151592,0.063660,0.000000,0.000000,0.000000,0.000000,-0.423878,
1624912861.000000,618954030.000000,0.027135,-0.286351,0.000000,0.000000,0.000000,0.989490,-0.144604,0.064427,0.000000,0.000000,0.000000,0.000000,-0.428241,
1624912861.000000,652954030.000000,0.025093,-0.286944,0.000000,0.000000,0.000000,0.990517,-0.137387,0.062532,0.000000,0.000000,0.000000,0.000000,-0.428854,
1624912861.000000,685954030.000000,0.023092,-0.287495,0.000000,0.000000,0.000000,0.991459,-0.130419,0.062893,0.000000,0.000000,0.000000,0.000000,-0.426094,
1624912861.000000,718954030.000000,0.021035,-0.288030,0.000000,0.000000,0.000000,0.992349,-0.123463,0.064427,0.000000,0.000000,0.000000,0.000000,-0.425035,
1624912861.000000,751954030.000000,0.018970,-0.288536,0.000000,0.000000,0.000000,0.993226,-0.116199,0.064427,0.000000,0.000000,0.000000,0.000000,-0.443471,
1624912861.000000,784954030.000000,0.016922,-0.289007,0.000000,0.000000,0.000000,0.994024,-0.109163,0.063660,0.000000,0.000000,0.000000,0.000000,-0.429154,
1624912861.000000,816761938.000000,0.014869,-0.289448,0.000000,0.000000,0.000000,0.994766,-0.102179,0.061788,0.000000,0.000000,0.000000,0.000000,-0.413100,
1624912861.000000,849761938.000000,0.012759,-0.289870,0.000000,0.000000,0.000000,0.995492,-0.094843,0.065194,0.000000,0.000000,0.000000,0.000000,-0.446809,
1624912861.000000,882761938.000000,0.010718,-0.290247,0.000000,0.000000,0.000000,0.996142,-0.087752,0.062893,0.000000,0.000000,0.000000,0.000000,-0.431530,
1624912861.000000,915761938.000000,0.008647,-0.290600,0.000000,0.000000,0.000000,0.996732,-0.080774,0.063660,0.000000,0.000000,0.000000,0.000000,-0.424433,
1624912861.000000,948761938.000000,0.006471,-0.290939,0.000000,0.000000,0.000000,0.997301,-0.073424,0.066728,0.000000,0.000000,0.000000,0.000000,-0.446793,
1624912861.000000,982761938.000000,0.004391,-0.291231,0.000000,0.000000,0.000000,0.997809,-0.066163,0.061788,0.000000,0.000000,0.000000,0.000000,-0.428153,
1624912862.000000,15761938.000000,0.002307,-0.291494,0.000000,0.000000,0.000000,0.998250,-0.059132,0.063660,0.000000,0.000000,0.000000,0.000000,-0.426967,
1624912862.000000,48761938.000000,0.000168,-0.291732,0.000000,0.000000,0.000000,0.998654,-0.051864,0.065194,0.000000,0.000000,0.000000,0.000000,-0.441195,
1624912862.000000,81761938.000000,-0.001948,-0.291937,0.000000,0.000000,0.000000,0.999004,-0.044614,0.064427,0.000000,0.000000,0.000000,0.000000,-0.439855,
1624912862.000000,114761938.000000,-0.004041,-0.292110,0.000000,0.000000,0.000000,0.999292,-0.037634,0.063660,0.000000,0.000000,0.000000,0.000000,-0.423415,
1624912862.000000,147761938.000000,-0.006188,-0.292256,0.000000,0.000000,0.000000,0.999538,-0.030382,0.065194,0.000000,0.000000,0.000000,0.000000,-0.439751,
1624912862.000000,181761938.000000,-0.008235,-0.292366,0.000000,0.000000,0.000000,0.999732,-0.023154,0.060299,0.000000,0.000000,0.000000,0.000000,-0.425357,
1624912862.000000,214761938.000000,-0.010309,-0.292448,0.000000,0.000000,0.000000,0.999867,-0.016291,0.062893,0.000000,0.000000,0.000000,0.000000,-0.416022,
1624912862.000000,247761938.000000,-0.012485,-0.292503,0.000000,0.000000,0.000000,0.999958,-0.009124,0.065961,0.000000,0.000000,0.000000,0.000000,-0.434390,
1624912862.000000,280761938.000000,-0.014535,-0.292526,0.000000,0.000000,0.000000,0.999998,-0.001906,0.062126,0.000000,0.000000,0.000000,0.000000,-0.437442,
1624912862.000000,313761938.000000,-0.016611,-0.292519,0.000000,0.000000,0.000000,0.999987,0.005069,0.062893,0.000000,0.000000,0.000000,0.000000,-0.422721,
1624912862.000000,346761938.000000,-0.018787,-0.292481,0.000000,0.000000,0.000000,0.999924,0.012333,0.065961,0.000000,0.000000,0.000000,0.000000,-0.440305,
1624912862.000000,379761938.000000,-0.020912,-0.292413,0.000000,0.000000,0.000000,0.999805,0.019749,0.064427,0.000000,0.000000,0.000000,0.000000,-0.449473,
1624912862.000000,413761938.000000,-0.022985,-0.292316,0.000000,0.000000,0.000000,0.999641,0.026805,0.061043,0.000000,0.000000,0.000000,0.000000,-0.415190,
1624912862.000000,446761938.000000,-0.025158,-0.292184,0.000000,0.000000,0.000000,0.999422,0.033998,0.065961,0.000000,0.000000,0.000000,0.000000,-0.436122,
1624912862.000000,479761938.000000,-0.027303,-0.292022,0.000000,0.000000,0.000000,0.999143,0.041384,0.065194,0.000000,0.000000,0.000000,0.000000,-0.447975,
1624912862.000000,512761938.000000,-0.029370,-0.291836,0.000000,0.000000,0.000000,0.998825,0.048459,0.062893,0.000000,0.000000,0.000000,0.000000,-0.429201,
1624912862.000000,545761938.000000,-0.031510,-0.291612,0.000000,0.000000,0.000000,0.998443,0.055774,0.065194,0.000000,0.000000,0.000000,0.000000,-0.443948,
1624912862.000000,578761938.000000,-0.033646,-0.291356,0.000000,0.000000,0.000000,0.998003,0.063171,0.065194,0.000000,0.000000,0.000000,0.000000,-0.449128,
1624912862.000000,612761938.000000,-0.035753,-0.291073,0.000000,0.000000,0.000000,0.997526,0.070295,0.062532,0.000000,0.000000,0.000000,0.000000,-0.419944,
1624912862.000000,645761938.000000,-0.037906,-0.290752,0.000000,0.000000,0.000000,0.996985,0.077595,0.065961,0.000000,0.000000,0.000000,0.000000,-0.443663,
