1629324810.717747,0.000000,0.004008,-0.515017,0.199994,
1629324810.723289,0.000000,0.004003,-0.515014,0.200003,
1629324810.728847,0.000000,0.004009,-0.515017,0.200006,
1629324810.734400,0.000000,0.004003,-0.515010,0.199998,
1629324810.739954,0.000000,0.004002,-0.515010,0.200007,
1629324810.745520,0.000000,0.004010,-0.515007,0.199992,
1629324810.751065,0.000000,0.004017,-0.515023,0.200000,
1629324810.756621,0.000000,0.003999,-0.515008,0.199988,
1629324810.762177,0.000000,0.004011,-0.515016,0.200000,
1629324810.767731,0.000000,0.004006,-0.515006,0.199995,
1629324810.773287,0.000000,0.004015,-0.515011,0.199990,
1629324810.778853,0.000000,0.004016,-0.515018,0.199992,
1629324810.784418,0.000000,0.004019,-0.515017,0.200001,
1629324810.789978,0.000000,0.004010,-0.515011,0.199992,
1629324810.795540,0.000000,0.004007,-0.515012,0.199999,
1629324810.801087,0.000000,0.004002,-0.514998,0.200009,
1629324810.806647,0.000000,0.004009,-0.515001,0.200011,
1629324810.812207,0.000000,0.004082,-0.514968,0.199884,
1629324810.817761,0.000000,0.004007,-0.515013,0.200011,
1629324810.823346,0.000000,0.004017,-0.515018,0.199999,
1629324810.828867,0.000000,0.004008,-0.515011,0.200000,
1629324810.834505,0.000000,0.004009,-0.515018,0.199998,
1629324810.839979,0.000000,0.004008,-0.515012,0.200003,
1629324810.845544,0.000000,0.003994,-0.514993,0.200007,
1629324810.851090,0.000000,0.004005,-0.515008,0.199999,
1629324810.856646,0.000000,0.004016,-0.515018,0.200002,
1629324810.862207,0.000000,0.004018,-0.515029,0.200003,
1629324810.867762,0.000000,0.004023,-0.515022,0.200000,
1629324810.873319,0.000000,0.004013,-0.515018,0.200001,
1629324810.878871,0.000000,0.004015,-0.515017,0.199999,
1629324810.884422,0.000000,0.004063,-0.514976,0.199896,
1629324821.467737,0.000000,0.003997,-0.515017,0.199996,
1629324821.473280,0.000000,0.004007,-0.515008,0.199992,
1629324821.478840,0.000000,0.003990,-0.514996,0.200015,
1629324821.484402,0.000000,0.004011,-0.515014,0.199998,
1629324821.489954,0.000000,0.004005,-0.515022,0.200002,
1629324821.495508,0.000000,0.004001,-0.515019,0.200003,
1629324821.501065,0.000000,0.004004,-0.514998,0.200004,
1629324821.506659,0.000000,0.004006,-0.515007,0.199988,
1629324821.512285,0.000000,0.004067,-0.514965,0.199901,
1629324821.517731,0.000000,0.004062,-0.514965,0.199887,
1629324821.523274,0.000000,0.004070,-0.514970,0.199893,
1629324821.573307,0.000000,0.005418,-0.515353,0.200015,
1629324821.578861,0.000000,0.006040,-0.515497,0.200054,
1629324821.584430,0.000000,0.006662,-0.515628,0.200165,
1629324821.589977,0.000000,0.007319,-0.515718,0.200209,
1629324821.595523,0.000000,0.007983,-0.515770,0.200144,
1629324821.601083,0.000000,0.008737,-0.515859,0.200119,
1629324821.606642,0.000000,0.009424,-0.515972,0.200124,
1629324821.612206,0.000000,0.010158,-0.516011,0.200106,
1629324821.617752,0.000000,0.010890,-0.516054,0.200057,
1629324821.623312,0.000000,0.011634,-0.516112,0.200027,
1629324821.673307,0.000000,0.018364,-0.517138,0.199941,
1629324821.678874,0.000000,0.018949,-0.517232,0.199979,
1629324821.684423,0.000000,0.019644,-0.517248,0.199890,
1629324821.689975,0.000000,0.020348,-0.517437,0.199918,
1629324821.695530,0.000000,0.021072,-0.517576,0.199886,
1629324821.701092,0.000000,0.021761,-0.517726,0.199863,
1629324821.706644,0.000000,0.022390,-0.517983,0.200063,
1629324821.712202,0.000000,0.023100,-0.518121,0.200044,
1629324821.717757,0.000000,0.023891,-0.518284,0.200000,
1629324821.723314,0.000000,0.024703,-0.518552,0.200037,
1629324821.773313,0.000000,0.031411,-0.519655,0.200074,
1629324821.778880,0.000000,0.032368,-0.519863,0.199849,
1629324821.784414,0.000000,0.032995,-0.520075,0.199937,
1629324821.790060,0.000000,0.033636,-0.520277,0.199941,
1629324821.795531,0.000000,0.034089,-0.520430,0.200178,
1629324821.801088,0.000000,0.034754,-0.520680,0.200160,
1629324821.806643,0.000000,0.035489,-0.520844,0.200062,
1629324821.812202,0.000000,0.036234,-0.521056,0.200063,
1629324821.817759,0.000000,0.036880,-0.521228,0.200083,
1629324821.823337,0.000000,0.037469,-0.521271,0.200138,
1629324821.873279,0.000000,0.044236,-0.522642,0.199940,
1629324821.878816,0.000000,0.044806,-0.522847,0.200031,
1629324821.884381,0.000000,0.045386,-0.523062,0.200163,
1629324821.889946,0.000000,0.046245,-0.523257,0.199932,
1629324821.895503,0.000000,0.046777,-0.523504,0.200017,
1629324821.901058,0.000000,0.047362,-0.523797,0.200224,
1629324821.906596,0.000000,0.047981,-0.523995,0.200292,
1629324821.912151,0.000000,0.048716,-0.524168,0.200202,
1629324821.917720,0.000000,0.049464,-0.524339,0.200083,
1629324821.923270,0.000000,0.050047,-0.524459,0.200156,
1629324821.973277,0.000000,0.056978,-0.526063,0.199875,
1629324821.978830,0.000000,0.057683,-0.526390,0.199949,
1629324821.984372,0.000000,0.058201,-0.526602,0.200076,
1629324821.989987,0.000000,0.058791,-0.526797,0.200065,
1629324821.995545,0.000000,0.059488,-0.527042,0.200000,
1629324822.001046,0.000000,0.060002,-0.527222,0.200015,
1629324822.006603,0.000000,0.060604,-0.527408,0.199925,
1629324822.012151,0.000000,0.061402,-0.527771,0.199991,
1629324822.017713,0.000000,0.062036,-0.528008,0.200054,
1629324822.023304,0.000000,0.062835,-0.528282,0.200096,
1629324822.073455,0.000000,0.069930,-0.530271,0.199642,
1629324822.078887,0.000000,0.070526,-0.530532,0.199719,
1629324822.084377,0.000000,0.071198,-0.530852,0.199767,
1629324822.089938,0.000000,0.071840,-0.531080,0.199707,
1629324822.095499,0.000000,0.072468,-0.531315,0.199668,
1629324822.101056,0.000000,0.073081,-0.531587,0.199734,
1629324822.106644,0.000000,0.073747,-0.531915,0.199804,
1629324822.112164,0.000000,0.074401,-0.532181,0.199809,
1629324822.117713,0.000000,0.075012,-0.532388,0.199848,
1629324822.123308,0.000000,0.075683,-0.532627,0.199834,
1629324822.173298,0.000000,0.082597,-0.535051,0.199524,
1629324822.178861,0.000000,0.083235,-0.535346,0.199572,
1629324822.184410,0.000000,0.083842,-0.535628,0.199627,
1629324822.189979,0.000000,0.084501,-0.535941,0.199657,
1629324822.195568,0.000000,0.085090,-0.536202,0.199673,
1629324822.201083,0.000000,0.085731,-0.536535,0.199639,
1629324822.206638,0.000000,0.086391,-0.536831,0.199567,
1629324822.212188,0.000000,0.087045,-0.537143,0.199590,
1629324822.217840,0.000000,0.087640,-0.537560,0.199930,
1629324822.223304,0.000000,0.088408,-0.537729,0.199687,
1629324822.273267,0.000000,0.095204,-0.540390,0.199368,
1629324822.278816,0.000000,0.095794,-0.540741,0.199510,
1629324822.284380,0.000000,0.096317,-0.541122,0.199755,
1629324822.289940,0.000000,0.096876,-0.541411,0.199812,
1629324822.295489,0.000000,0.097565,-0.541852,0.199838,
1629324822.301046,0.000000,0.098225,-0.542129,0.199756,
1629324822.306599,0.000000,0.098835,-0.542438,0.199779,
1629324822.312161,0.000000,0.099466,-0.542740,0.199766,
1629324822.317716,0.000000,0.100093,-0.543073,0.199771,
1629324822.323276,0.000000,0.100720,-0.543405,0.199890,
1629324822.373289,0.000000,0.107529,-0.546358,0.199386,
1629324822.378861,0.000000,0.108173,-0.546782,0.199454,
1629324822.384415,0.000000,0.108729,-0.547201,0.199657,
1629324822.389958,0.000000,0.109302,-0.547550,0.199695,
1629324822.395507,0.000000,0.109851,-0.547876,0.199729,
1629324822.401077,0.000000,0.110439,-0.548141,0.199616,
1629324822.406634,0.000000,0.111109,-0.548499,0.199542,
1629324822.412189,0.000000,0.111682,-0.548832,0.199551,
1629324822.417752,0.000000,0.112316,-0.549172,0.199537,
1629324822.423299,0.000000,0.112953,-0.549603,0.199725,
1629324822.473324,0.000000,0.119634,-0.552947,0.199342,
1629324822.478858,0.000000,0.120248,-0.553372,0.199432,
1629324822.484410,0.000000,0.120732,-0.553696,0.199527,
1629324822.489951,0.000000,0.121296,-0.553944,0.199368,
1629324822.495512,0.000000,0.121907,-0.554371,0.199525,
1629324822.501154,0.000000,0.122441,-0.554700,0.199509,
1629324822.506629,0.000000,0.123040,-0.555060,0.199500,
1629324822.512180,0.000000,0.123676,-0.555434,0.199474,
1629324822.517744,0.000000,0.124328,-0.555806,0.199433,
1629324822.523294,0.000000,0.124966,-0.556148,0.199395,
1629324822.573295,0.000000,0.131392,-0.559794,0.199034,
1629324822.578852,0.000000,0.131956,-0.560176,0.199110,
1629324822.584400,0.000000,0.132537,-0.560607,0.199180,
1629324822.589961,0.000000,0.133011,-0.560945,0.199209,
1629324822.595513,0.000000,0.133514,-0.561272,0.199210,
1629324822.601066,0.000000,0.133980,-0.561601,0.199254,
1629324822.606625,0.000000,0.134622,-0.562016,0.199209,
1629324822.612208,0.000000,0.135271,-0.562466,0.199171,
1629324822.617744,0.000000,0.135913,-0.562925,0.199233,
1629324822.623299,0.000000,0.136584,-0.563337,0.199185,
1629324822.673298,0.000000,0.142779,-0.567085,0.198242,
1629324822.678848,0.000000,0.143347,-0.567641,0.198397,
1629324822.684424,0.000000,0.143656,-0.567889,0.199030,
1629324822.689971,0.000000,0.144105,-0.568245,0.199076,
1629324822.695539,0.000000,0.144555,-0.568661,0.199173,
1629324822.701099,0.000000,0.145180,-0.569047,0.199032,
1629324822.706640,0.000000,0.145658,-0.569415,0.199075,
1629324822.712183,0.000000,0.146194,-0.569750,0.199088,
1629324822.717733,0.000000,0.146787,-0.570186,0.199114,
1629324822.723316,0.000000,0.147466,-0.570637,0.199111,
1629324822.773288,0.000000,0.153377,-0.574701,0.198706,
1629324822.778863,0.000000,0.153798,-0.575137,0.198901,
1629324822.784453,0.000000,0.154309,-0.575574,0.198911,
1629324822.789956,0.000000,0.154870,-0.576121,0.199050,
1629324822.795508,0.000000,0.155593,-0.576536,0.198878,
1629324822.801082,0.000000,0.155960,-0.576935,0.198996,
1629324822.806619,0.000000,0.156500,-0.577362,0.199001,
1629324822.812198,0.000000,0.157181,-0.577822,0.198842,
1629324822.817735,0.000000,0.157557,-0.578230,0.199018,
1629324822.823282,0.000000,0.158221,-0.578639,0.198854,
1629324822.873276,0.000000,0.164362,-0.583251,0.198079,
1629324822.878820,0.000000,0.164899,-0.583744,0.198172,
1629324822.884389,0.000000,0.165342,-0.584151,0.198358,
1629324822.889940,0.000000,0.165691,-0.584332,0.198604,
1629324822.895504,0.000000,0.166115,-0.584733,0.198724,
1629324822.901069,0.000000,0.166597,-0.585186,0.198740,
1629324822.906617,0.000000,0.167037,-0.585611,0.198723,
1629324822.912181,0.000000,0.167529,-0.586090,0.198669,
1629324822.917750,0.000000,0.168060,-0.586641,0.198741,
1629324822.923409,0.000000,0.168954,-0.587562,0.198492,
1629324822.973313,0.000000,0.174477,-0.591727,0.197988,
1629324822.978838,0.000000,0.174959,-0.592264,0.198193,
1629324822.984401,0.000000,0.175057,-0.592488,0.198360,
1629324822.989923,0.000000,0.175852,-0.593254,0.198378,
1629324822.995481,0.000000,0.176255,-0.593657,0.198405,
1629324823.001039,0.000000,0.176540,-0.593973,0.198452,
1629324823.006583,0.000000,0.177031,-0.594530,0.198474,
1629324823.012167,0.000000,0.177740,-0.595197,0.198450,
1629324823.017702,0.000000,0.178109,-0.595502,0.198347,
1629324823.023248,0.000000,0.178743,-0.596073,0.198436,
1629324823.073258,0.000000,0.183810,-0.600496,0.197948,
1629324823.078809,0.000000,0.184525,-0.601609,0.197811,
1629324823.084363,0.000000,0.185026,-0.602112,0.197901,
1629324823.089917,0.000000,0.185472,-0.602501,0.197889,
1629324823.095478,0.000000,0.185960,-0.603132,0.197931,
1629324823.101038,0.000000,0.186434,-0.603705,0.197931,
1629324823.106575,0.000000,0.186691,-0.603758,0.198197,
1629324823.112128,0.000000,0.187173,-0.604343,0.198264,
1629324823.117703,0.000000,0.187639,-0.604861,0.198273,
1629324823.123260,0.000000,0.188045,-0.605321,0.198279,
1629324823.173252,0.000000,0.193124,-0.610384,0.197827,
1629324823.178816,0.000000,0.193653,-0.610885,0.197823,
1629324823.184355,0.000000,0.194071,-0.611434,0.197900,
1629324823.189928,0.000000,0.194468,-0.612314,0.198087,
1629324823.195490,0.000000,0.194753,-0.612178,0.198365,
1629324823.201048,0.000000,0.195396,-0.613442,0.198055,
1629324823.206695,0.000000,0.195704,-0.613321,0.198356,
1629324823.212168,0.000000,0.196415,-0.614422,0.197637,
1629324823.217719,0.000000,0.196650,-0.614825,0.197764,
1629324823.223336,0.000000,0.197091,-0.615330,0.197732,
1629324823.273280,0.000000,0.202195,-0.620245,0.197790,
1629324823.278849,0.000000,0.202700,-0.620848,0.197809,
1629324823.284602,0.000000,0.203133,-0.621463,0.197963,
1629324823.289944,0.000000,0.203491,-0.621934,0.198040,
1629324823.295497,0.000000,0.203762,-0.622497,0.198302,
1629324823.301060,0.000000,0.204165,-0.623059,0.198403,
1629324823.306605,0.000000,0.204479,-0.623512,0.198390,
1629324823.312165,0.000000,0.204904,-0.624075,0.198375,
1629324823.317723,0.000000,0.205226,-0.624485,0.198361,
1629324823.323266,0.000000,0.205697,-0.625094,0.198403,
1629324823.373279,0.000000,0.210440,-0.630472,0.197906,
1629324823.379098,0.000000,0.210898,-0.631024,0.197894,
1629324823.384709,0.000000,0.211280,-0.631634,0.197996,
1629324823.390141,0.000000,0.211686,-0.632193,0.198104,
1629324823.395489,0.000000,0.212059,-0.632833,0.198193,
1629324823.401045,0.000000,0.212473,-0.633504,0.198319,
1629324823.406605,0.000000,0.212760,-0.634015,0.198328,
1629324823.412170,0.000000,0.213449,-0.634830,0.197840,
1629324823.417723,0.000000,0.213760,-0.635331,0.197889,
1629324823.423277,0.000000,0.214124,-0.635894,0.197906,
1629324823.473275,0.000000,0.218330,-0.641092,0.198003,
1629324823.478846,0.000000,0.218682,-0.641663,0.198124,
1629324823.484392,0.000000,0.219066,-0.642262,0.198162,
1629324823.490017,0.000000,0.219940,-0.643495,0.197329,
1629324823.495508,0.000000,0.220278,-0.644069,0.197369,
1629324823.501053,0.000000,0.220331,-0.644283,0.197972,
1629324823.506604,0.000000,0.220581,-0.644736,0.198047,
1629324823.512163,0.000000,0.221139,-0.645577,0.197526,
1629324823.517715,0.000000,0.221445,-0.646086,0.197591,
1629324823.523275,0.000000,0.221601,-0.646551,0.198156,
1629324823.573281,0.000000,0.225834,-0.652184,0.197417,
1629324823.578835,0.000000,0.226252,-0.652894,0.197596,
1629324823.584431,0.000000,0.226608,-0.653616,0.197621,
1629324823.589940,0.000000,0.227084,-0.654425,0.197295,
1629324823.595499,0.000000,0.227245,-0.654854,0.197799,
1629324823.601056,0.000000,0.227683,-0.655475,0.197807,
1629324823.606609,0.000000,0.227999,-0.656080,0.197783,
1629324823.612137,0.000000,0.228375,-0.656697,0.198041,
1629324823.617742,0.000000,0.228721,-0.657375,0.197960,
1629324823.623307,0.000000,0.229046,-0.658012,0.197989,
1629324823.673254,0.000000,0.232934,-0.664021,0.197147,
1629324823.678800,0.000000,0.233384,-0.664749,0.197080,
1629324823.684353,0.000000,0.233743,-0.665349,0.197177,
1629324823.689908,0.000000,0.233986,-0.665897,0.197327,
1629324823.695466,0.000000,0.234263,-0.666425,0.197462,
1629324823.701029,0.000000,0.234501,-0.666932,0.197546,
1629324823.706578,0.000000,0.234795,-0.667621,0.197681,
1629324823.712138,0.000000,0.235144,-0.668334,0.197647,
1629324823.717719,0.000000,0.235442,-0.668888,0.197675,
1629324823.723257,0.000000,0.235718,-0.669434,0.197779,
1629324823.773248,0.000000,0.239446,-0.675673,0.197293,
1629324823.778892,0.000000,0.239833,-0.676340,0.197257,
1629324823.784387,0.000000,0.240156,-0.677037,0.197403,
1629324823.789915,0.000000,0.240389,-0.677709,0.197538,
1629324823.795473,0.000000,0.240678,-0.678379,0.197606,
1629324823.801018,0.000000,0.240963,-0.679016,0.197640,
1629324823.806582,0.000000,0.241218,-0.679350,0.197866,
1629324823.812138,0.000000,0.241494,-0.679984,0.197871,
1629324823.817691,0.000000,0.241773,-0.680599,0.197898,
1629324823.823279,0.000000,0.242041,-0.681197,0.197928,
1629324823.873301,0.000000,0.245447,-0.687321,0.197769,
1629324823.878828,0.000000,0.245756,-0.688074,0.197740,
1629324823.884385,0.000000,0.246055,-0.688847,0.197701,
1629324823.889939,0.000000,0.246370,-0.689521,0.197572,
1629324823.895499,0.000000,0.246611,-0.690193,0.197644,
1629324823.901067,0.000000,0.246825,-0.690808,0.197705,
1629324823.906606,0.000000,0.247051,-0.691449,0.197750,
1629324823.912169,0.000000,0.247372,-0.692175,0.197863,
1629324823.917717,0.000000,0.247658,-0.692844,0.197791,
1629324823.923367,0.000000,0.247951,-0.693559,0.197774,
1629324823.973263,0.000000,0.251095,-0.699907,0.197336,
1629324823.978819,0.000000,0.251441,-0.700672,0.197317,
1629324823.984381,0.000000,0.251707,-0.701364,0.197389,
1629324823.989935,0.000000,0.251942,-0.702027,0.197519,
1629324823.995491,0.000000,0.252110,-0.702754,0.197630,
1629324824.001044,0.000000,0.252292,-0.703615,0.197758,
1629324824.006614,0.000000,0.252606,-0.704258,0.197711,
1629324824.012165,0.000000,0.252689,-0.704878,0.197816,
1629324824.017706,0.000000,0.253096,-0.705383,0.197677,
1629324824.023270,0.000000,0.253331,-0.706004,0.197669,
1629324824.073269,0.000000,0.256206,-0.712471,0.197128,
1629324824.078824,0.000000,0.256469,-0.713191,0.197148,
1629324824.084444,0.000000,0.256702,-0.713849,0.197365,
1629324824.089986,0.000000,0.256939,-0.714717,0.197543,
1629324824.095488,0.000000,0.257148,-0.715575,0.197420,
1629324824.101041,0.000000,0.257423,-0.716384,0.197156,
1629324824.106600,0.000000,0.257645,-0.716976,0.197131,
1629324824.112160,0.000000,0.257849,-0.717683,0.197083,
1629324824.117712,0.000000,0.258060,-0.718360,0.197032,
1629324824.123282,0.000000,0.258255,-0.718981,0.197033,
1629324824.173262,0.000000,0.260619,-0.725540,0.197128,
1629324824.178818,0.000000,0.260969,-0.726161,0.197227,
1629324824.184406,0.000000,0.261137,-0.726823,0.197333,
1629324824.189937,0.000000,0.261299,-0.727440,0.197485,
1629324824.195489,0.000000,0.261458,-0.728035,0.197554,
1629324824.201046,0.000000,0.261622,-0.728716,0.197582,
1629324824.206689,0.000000,0.261819,-0.729462,0.197650,
1629324824.212150,0.000000,0.261929,-0.730083,0.197698,
1629324824.217707,0.000000,0.262064,-0.730700,0.197745,
1629324824.223263,0.000000,0.262192,-0.731367,0.197832,
1629324824.273266,0.000000,0.264564,-0.738156,0.197089,
1629324824.278860,0.000000,0.264806,-0.738990,0.196758,
1629324824.284378,0.000000,0.264929,-0.739792,0.196877,
1629324824.289939,0.000000,0.265182,-0.740525,0.196887,
1629324824.295480,0.000000,0.265264,-0.741208,0.197060,
1629324824.301030,0.000000,0.265296,-0.741909,0.197263,
1629324824.306598,0.000000,0.265405,-0.742528,0.197383,
1629324824.312149,0.000000,0.265584,-0.743221,0.197257,
1629324824.317709,0.000000,0.265735,-0.743879,0.197204,
1629324824.323266,0.000000,0.265875,-0.744494,0.197212,
1629324824.373255,0.000000,0.267997,-0.751066,0.196603,
1629324824.378800,0.000000,0.268194,-0.751907,0.196544,
1629324824.384364,0.000000,0.268377,-0.752607,0.196577,
1629324824.389945,0.000000,0.268496,-0.753331,0.196632,
1629324824.395477,0.000000,0.268579,-0.754138,0.196736,
1629324824.401027,0.000000,0.268664,-0.754783,0.196786,
1629324824.406587,0.000000,0.268763,-0.755398,0.196810,
1629324824.412148,0.000000,0.268770,-0.756146,0.196919,
1629324824.417708,0.000000,0.268930,-0.756812,0.196870,
1629324824.423247,0.000000,0.268894,-0.757509,0.197126,
1629324824.473277,0.000000,0.270475,-0.764236,0.196525,
1629324824.478822,0.000000,0.270661,-0.764986,0.196453,
1629324824.484377,0.000000,0.270896,-0.765776,0.196389,
1629324824.489925,0.000000,0.271021,-0.766507,0.196498,
1629324824.495558,0.000000,0.271235,-0.767090,0.196574,
1629324824.501031,0.000000,0.271246,-0.767961,0.196518,
1629324824.506589,0.000000,0.271426,-0.768533,0.196634,
1629324824.512147,0.000000,0.271521,-0.769188,0.196623,
1629324824.517699,0.000000,0.271582,-0.769750,0.196652,
1629324824.523259,0.000000,0.271657,-0.770349,0.196624,
1629324824.573231,0.000000,0.272878,-0.777158,0.196186,
1629324824.578790,0.000000,0.273011,-0.777916,0.196072,
1629324824.584337,0.000000,0.273234,-0.778602,0.196070,
1629324824.589943,0.000000,0.273322,-0.779485,0.196067,
1629324824.595450,0.000000,0.273368,-0.780230,0.196097,
1629324824.600997,0.000000,0.273430,-0.780963,0.196159,
1629324824.606575,0.000000,0.273392,-0.781696,0.196364,
1629324824.612125,0.000000,0.273416,-0.782283,0.196452,
1629324824.617688,0.000000,0.273466,-0.782908,0.196394,
1629324824.623229,0.000000,0.273476,-0.783551,0.196382,
1629324824.673263,0.000000,0.274253,-0.790250,0.196180,
1629324824.678817,0.000000,0.274382,-0.790989,0.196002,
1629324824.684381,0.000000,0.274500,-0.791711,0.195871,
1629324824.689927,0.000000,0.274698,-0.792678,0.195662,
1629324824.695477,0.000000,0.274719,-0.793472,0.195886,
1629324824.701103,0.000000,0.274582,-0.794044,0.196190,
1629324824.706650,0.000000,0.274576,-0.794609,0.196288,
1629324824.712215,0.000000,0.274610,-0.795559,0.196253,
1629324824.717754,0.000000,0.274731,-0.796182,0.196313,
1629324824.723312,0.000000,0.274733,-0.796795,0.196287,
1629324824.773281,0.000000,0.275363,-0.803548,0.195831,
1629324824.778841,0.000000,0.275473,-0.804210,0.195731,
1629324824.784486,0.000000,0.275582,-0.805022,0.195744,
1629324824.789997,0.000000,0.275702,-0.805825,0.195559,
1629324824.795505,0.000000,0.275741,-0.806595,0.195484,
1629324824.801051,0.000000,0.275736,-0.807249,0.195533,
1629324824.806609,0.000000,0.275673,-0.808013,0.195634,
1629324824.812162,0.000000,0.275647,-0.808702,0.195874,
1629324824.817713,0.000000,0.275592,-0.809501,0.196047,
1629324824.823338,0.000000,0.275592,-0.810135,0.195984,
1629324824.873278,0.000000,0.275691,-0.816676,0.195924,
1629324824.878834,0.000000,0.275848,-0.817220,0.195869,
1629324824.884384,0.000000,0.275978,-0.818288,0.195642,
1629324824.889952,0.000000,0.276039,-0.819063,0.195623,
1629324824.895507,0.000000,0.276114,-0.819737,0.195545,
1629324824.901064,0.000000,0.276210,-0.820408,0.195530,
1629324824.906615,0.000000,0.275608,-0.821127,0.195913,
1629324824.912178,0.000000,0.275545,-0.821887,0.195859,
1629324824.917726,0.000000,0.275382,-0.822482,0.196074,
1629324824.923279,0.000000,0.275397,-0.823253,0.196198,
1629324824.973314,0.000000,0.275568,-0.829946,0.195679,
1629324824.978871,0.000000,0.275495,-0.830700,0.195755,
1629324824.984459,0.000000,0.275317,-0.831577,0.195881,
1629324824.989996,0.000000,0.275407,-0.832270,0.195682,
1629324824.995551,0.000000,0.275693,-0.832805,0.195566,
1629324825.001090,0.000000,0.275623,-0.833745,0.195520,
1629324825.006653,0.000000,0.275591,-0.834404,0.195697,
1629324825.012208,0.000000,0.275576,-0.835109,0.195796,
1629324825.017767,0.000000,0.275588,-0.835897,0.195818,
1629324825.023316,0.000000,0.275527,-0.836470,0.195840,
1629324825.073404,0.000000,0.275225,-0.842871,0.195685,
1629324825.078864,0.000000,0.275143,-0.843641,0.195595,
1629324825.084423,0.000000,0.275248,-0.844281,0.195293,
1629324825.089989,0.000000,0.275026,-0.845243,0.195553,
1629324825.095530,0.000000,0.274998,-0.846137,0.195572,
1629324825.101087,0.000000,0.274908,-0.846889,0.195365,
1629324825.106655,0.000000,0.274510,-0.847394,0.195612,
1629324825.112206,0.000000,0.274350,-0.848036,0.195725,
1629324825.117755,0.000000,0.274250,-0.848779,0.195824,
1629324825.123341,0.000000,0.274207,-0.849494,0.195978,
1629324825.173314,0.000000,0.273898,-0.855976,0.195321,
1629324825.178863,0.000000,0.273819,-0.856801,0.195198,
1629324825.184422,0.000000,0.273243,-0.857621,0.195916,
1629324825.189997,0.000000,0.273409,-0.858814,0.195322,
1629324825.195529,0.000000,0.273339,-0.859510,0.195382,
1629324825.201087,0.000000,0.273242,-0.860166,0.195628,
1629324825.206648,0.000000,0.273084,-0.860934,0.195611,
1629324825.212198,0.000000,0.272899,-0.861131,0.195941,
1629324825.217847,0.000000,0.272848,-0.862169,0.196176,
1629324825.223402,0.000000,0.272757,-0.862722,0.196198,
1629324825.273306,0.000000,0.271832,-0.869441,0.195639,
1629324825.278868,0.000000,0.271970,-0.870032,0.195666,
1629324825.284423,0.000000,0.271695,-0.870918,0.195503,
1629324825.289979,0.000000,0.271661,-0.871617,0.195514,
1629324825.295526,0.000000,0.271563,-0.872837,0.195300,
1629324825.301072,0.000000,0.271489,-0.873762,0.195229,
1629324825.306636,0.000000,0.270991,-0.874040,0.196129,
1629324825.312201,0.000000,0.271262,-0.874610,0.195761,
1629324825.317750,0.000000,0.271417,-0.875735,0.194973,
1629324825.323304,0.000000,0.270743,-0.876311,0.195559,
1629324825.373300,0.000000,0.269403,-0.882761,0.195773,
1629324825.378851,0.000000,0.269256,-0.883475,0.195708,
1629324825.384400,0.000000,0.269069,-0.884217,0.195652,
1629324825.389983,0.000000,0.269056,-0.885211,0.195223,
1629324825.395519,0.000000,0.268549,-0.885641,0.196017,
1629324825.401069,0.000000,0.268681,-0.886916,0.195350,
1629324825.406626,0.000000,0.268443,-0.887476,0.195489,
1629324825.412174,0.000000,0.268336,-0.888095,0.195566,
1629324825.417744,0.000000,0.268176,-0.888607,0.195660,
1629324825.423292,0.000000,0.268012,-0.889114,0.195766,
1629324825.451069,0.000000,0.266855,-0.892559,0.196032,
1629324825.456632,0.000000,0.266937,-0.893687,0.195357,
1629324825.462200,0.000000,0.266749,-0.894495,0.195148,
1629324825.467737,0.000000,0.266572,-0.895114,0.195258,
1629324825.473294,0.000000,0.266339,-0.895759,0.195411,
1629324825.478848,0.000000,0.266080,-0.896845,0.195604,
1629324825.484411,0.000000,0.265932,-0.897513,0.195515,
1629324825.489966,0.000000,0.265828,-0.898315,0.195443,
1629324825.495522,0.000000,0.265640,-0.899085,0.195404,
1629324825.501072,0.000000,0.265603,-0.899832,0.195279,
1629324825.573273,0.000000,0.262923,-0.908871,0.195580,
1629324825.578866,0.000000,0.262753,-0.909546,0.195614,
1629324825.584431,0.000000,0.262538,-0.910195,0.195581,
1629324825.589989,0.000000,0.262227,-0.911413,0.195104,
1629324825.595560,0.000000,0.261944,-0.912258,0.195161,
1629324825.601099,0.000000,0.261874,-0.912666,0.195054,
1629324825.606661,0.000000,0.261574,-0.913507,0.195266,
1629324825.612212,0.000000,0.261048,-0.914027,0.195890,
1629324825.617774,0.000000,0.260806,-0.914542,0.195996,
1629324825.623335,0.000000,0.260576,-0.915416,0.195657,
1629324825.673332,0.000000,0.258613,-0.921825,0.195400,
1629324825.678841,0.000000,0.258362,-0.922948,0.195055,
1629324825.684409,0.000000,0.258157,-0.923624,0.194996,
1629324825.689980,0.000000,0.258008,-0.924310,0.194902,
1629324825.695523,0.000000,0.257734,-0.924961,0.194968,
1629324825.701059,0.000000,0.257583,-0.925667,0.194925,
1629324825.706643,0.000000,0.257144,-0.926308,0.195282,
1629324825.712180,0.000000,0.256856,-0.926888,0.195486,
1629324825.717745,0.000000,0.256540,-0.927882,0.195248,
1629324825.723293,0.000000,0.256262,-0.928452,0.195279,
1629324825.773287,0.000000,0.254060,-0.934529,0.195154,
1629324825.778849,0.000000,0.253263,-0.935234,0.195538,
1629324825.784428,0.000000,0.253118,-0.935981,0.195377,
1629324825.789973,0.000000,0.252925,-0.936658,0.195313,
1629324825.795613,0.000000,0.252944,-0.937887,0.194548,
1629324825.801094,0.000000,0.252557,-0.938565,0.194838,
1629324825.806651,0.000000,0.252194,-0.939139,0.194989,
1629324825.812208,0.000000,0.252052,-0.939746,0.194963,
1629324825.817756,0.000000,0.251768,-0.940337,0.195018,
1629324825.823321,0.000000,0.251533,-0.940901,0.195012,
1629324825.873317,0.000000,0.248600,-0.947247,0.195094,
1629324825.878872,0.000000,0.248393,-0.947862,0.194986,
1629324825.884423,0.000000,0.248183,-0.948502,0.194942,
1629324825.889987,0.000000,0.247980,-0.949188,0.194832,
1629324825.895533,0.000000,0.247760,-0.949830,0.194796,
1629324825.901089,0.000000,0.247515,-0.950352,0.194812,
1629324825.906644,0.000000,0.247132,-0.951427,0.194628,
1629324825.912197,0.000000,0.246820,-0.951961,0.194767,
1629324825.917754,0.000000,0.246346,-0.952502,0.195151,
1629324825.923317,0.000000,0.246058,-0.953017,0.195206,
1629324825.973303,0.000000,0.243312,-0.958806,0.195057,
1629324825.978884,0.000000,0.243093,-0.959939,0.194400,
1629324825.984469,0.000000,0.242750,-0.960496,0.194670,
1629324825.989985,0.000000,0.242482,-0.961156,0.194576,
1629324825.995530,0.000000,0.242027,-0.961831,0.194632,
1629324826.001085,0.000000,0.241718,-0.962710,0.194232,
1629324826.006646,0.000000,0.241407,-0.963307,0.194255,
1629324826.012208,0.000000,0.241623,-0.963658,0.193729,
1629324826.017767,0.000000,0.240603,-0.964490,0.194798,
1629324826.023307,0.000000,0.240370,-0.965283,0.194311,
1629324826.073312,0.000000,0.237106,-0.970869,0.194427,
1629324826.078872,0.000000,0.236829,-0.971531,0.194326,
1629324826.084453,0.000000,0.236633,-0.972242,0.194107,
1629324826.090081,0.000000,0.236136,-0.972789,0.194252,
1629324826.095546,0.000000,0.235595,-0.973534,0.194588,
1629324826.101090,0.000000,0.235260,-0.974374,0.194239,
1629324826.106647,0.000000,0.235050,-0.974942,0.194104,
1629324826.112211,0.000000,0.234606,-0.975529,0.194323,
1629324826.117842,0.000000,0.234152,-0.976077,0.194434,
1629324826.123315,0.000000,0.233801,-0.976616,0.194517,
1629324826.173317,0.000000,0.230488,-0.982478,0.194061,
1629324826.178881,0.000000,0.230041,-0.982921,0.194438,
1629324826.184428,0.000000,0.229865,-0.983783,0.193695,
1629324826.189975,0.000000,0.229563,-0.984419,0.193607,
1629324826.195530,0.000000,0.228945,-0.985047,0.193989,
1629324826.201090,0.000000,0.228637,-0.985691,0.193906,
1629324826.206641,0.000000,0.228009,-0.986356,0.194062,
1629324826.212206,0.000000,0.227545,-0.986976,0.194218,
1629324826.217763,0.000000,0.227123,-0.987790,0.194175,
1629324826.223352,0.000000,0.226760,-0.988247,0.194321,
1629324826.273304,0.000000,0.223341,-0.993285,0.194211,
1629324826.278863,0.000000,0.222924,-0.993952,0.194205,
1629324826.284426,0.000000,0.222470,-0.994741,0.194138,
1629324826.289984,0.000000,0.222013,-0.995492,0.194190,
1629324826.295540,0.000000,0.221570,-0.996224,0.194076,
1629324826.301093,0.000000,0.221208,-0.997063,0.193657,
1629324826.306643,0.000000,0.220838,-0.997597,0.193667,
1629324826.312188,0.000000,0.220421,-0.998148,0.193706,
1629324826.317742,0.000000,0.220048,-0.998634,0.193752,
1629324826.323312,0.000000,0.219448,-0.999475,0.193879,
1629324826.373326,0.000000,0.215544,-1.004043,0.194387,
1629324826.378959,0.000000,0.214988,-1.004999,0.194112,
1629324826.384419,0.000000,0.214632,-1.005639,0.194025,
1629324826.389969,0.000000,0.214204,-1.006304,0.194022,
1629324826.395533,0.000000,0.213844,-1.006940,0.193912,
1629324826.401107,0.000000,0.213725,-1.007590,0.193317,
1629324826.406635,0.000000,0.213250,-1.008205,0.193340,
1629324826.412206,0.000000,0.212503,-1.008797,0.193903,
1629324826.417746,0.000000,0.212155,-1.009298,0.193852,
1629324826.423311,0.000000,0.211697,-1.009813,0.193914,
1629324826.473317,0.000000,0.207499,-1.014731,0.193968,
1629324826.478855,0.000000,0.207145,-1.015292,0.193828,
1629324826.484426,0.000000,0.206701,-1.015901,0.193664,
1629324826.489980,0.000000,0.206234,-1.016615,0.193647,
1629324826.495535,0.000000,0.205739,-1.017295,0.193677,
1629324826.501086,0.000000,0.205325,-1.017968,0.193496,
1629324826.506637,0.000000,0.204586,-1.018572,0.193624,
1629324826.512204,0.000000,0.204161,-1.019235,0.193642,
1629324826.517758,0.000000,0.203855,-1.019587,0.193639,
1629324826.523520,0.000000,0.203203,-1.020183,0.193849,
1629324826.573325,0.000000,0.199067,-1.024610,0.194073,
1629324826.578894,0.000000,0.198577,-1.025284,0.193902,
1629324826.584445,0.000000,0.198007,-1.025981,0.193857,
1629324826.590001,0.000000,0.197574,-1.026709,0.193610,
1629324826.595532,0.000000,0.197138,-1.027275,0.193539,
1629324826.601114,0.000000,0.196719,-1.027845,0.193473,
1629324826.606646,0.000000,0.196360,-1.028396,0.193315,
1629324826.612200,0.000000,0.195838,-1.028981,0.193322,
1629324826.617755,0.000000,0.195090,-1.029611,0.193542,
1629324826.623305,0.000000,0.194627,-1.030045,0.193631,
1629324826.673303,0.000000,0.190145,-1.034492,0.193817,
1629324826.678852,0.000000,0.189613,-1.035044,0.193851,
1629324826.684420,0.000000,0.188976,-1.035569,0.194076,
1629324826.689973,0.000000,0.188499,-1.036186,0.193888,
1629324826.695534,0.000000,0.187949,-1.036755,0.193808,
1629324826.701083,0.000000,0.187525,-1.037342,0.193677,
1629324826.706641,0.000000,0.186760,-1.037885,0.193804,
1629324826.712196,0.000000,0.187463,-1.038305,0.192747,
1629324826.717755,0.000000,0.185864,-1.039180,0.193591,
1629324826.723326,0.000000,0.186296,-1.039565,0.192625,
1629324826.773302,0.000000,0.180736,-1.044079,0.193945,
1629324826.778852,0.000000,0.180399,-1.044561,0.193730,
1629324826.784401,0.000000,0.180033,-1.045093,0.193469,
1629324826.789955,0.000000,0.179624,-1.045675,0.193317,
1629324826.795504,0.000000,0.179130,-1.046313,0.193181,
1629324826.801080,0.000000,0.178614,-1.046899,0.193053,
1629324826.806638,0.000000,0.177515,-1.047357,0.193663,
1629324826.812277,0.000000,0.176830,-1.047856,0.193574,
1629324826.817739,0.000000,0.176455,-1.048476,0.193531,
1629324826.823285,0.000000,0.175954,-1.048870,0.193589,
1629324826.873308,0.000000,0.170931,-1.052800,0.194049,
1629324826.878844,0.000000,0.170237,-1.053420,0.194026,
1629324826.884411,0.000000,0.169698,-1.053938,0.193982,
1629324826.889953,0.000000,0.169231,-1.054343,0.193841,
1629324826.895650,0.000000,0.168646,-1.054890,0.193735,
1629324826.901074,0.000000,0.168104,-1.055466,0.193656,
1629324826.906627,0.000000,0.167495,-1.055996,0.193602,
1629324826.912177,0.000000,0.166859,-1.056602,0.193642,
1629324826.917737,0.000000,0.166337,-1.057108,0.193594,
1629324826.923285,0.000000,0.165641,-1.057649,0.193888,
1629324826.973265,0.000000,0.160735,-1.061370,0.193836,
1629324826.978820,0.000000,0.160081,-1.062145,0.193765,
1629324826.984383,0.000000,0.159569,-1.062481,0.193793,
1629324826.989936,0.000000,0.158896,-1.062910,0.194031,
1629324826.995482,0.000000,0.158440,-1.063445,0.193953,
1629324827.001050,0.000000,0.157944,-1.064038,0.193767,
1629324827.006604,0.000000,0.157350,-1.064622,0.193581,
1629324827.012153,0.000000,0.156799,-1.065131,0.193495,
1629324827.017720,0.000000,0.156130,-1.065608,0.193418,
1629324827.023314,0.000000,0.155521,-1.066019,0.193442,
1629324827.073301,0.000000,0.150182,-1.069656,0.193811,
1629324827.078868,0.000000,0.150069,-1.069908,0.193370,
1629324827.084410,0.000000,0.148983,-1.070550,0.193778,
1629324827.089974,0.000000,0.148363,-1.071085,0.193736,
1629324827.095508,0.000000,0.147717,-1.071585,0.193682,
1629324827.101149,0.000000,0.147052,-1.072098,0.193607,
1629324827.106616,0.000000,0.146357,-1.072635,0.193514,
1629324827.112176,0.000000,0.145799,-1.073073,0.193443,
1629324827.117741,0.000000,0.145242,-1.073459,0.193520,
1629324827.123299,0.000000,0.144617,-1.073865,0.193629,
1629324827.173316,0.000000,0.138842,-1.077226,0.194143,
1629324827.178865,0.000000,0.138279,-1.077681,0.194075,
1629324827.184414,0.000000,0.137634,-1.078281,0.193970,
1629324827.189960,0.000000,0.136977,-1.078767,0.193905,
1629324827.195520,0.000000,0.136253,-1.079269,0.193850,
1629324827.201074,0.000000,0.135726,-1.079732,0.193793,
1629324827.206629,0.000000,0.135133,-1.080216,0.193731,
1629324827.212178,0.000000,0.134496,-1.080784,0.193634,
1629324827.217791,0.000000,0.133850,-1.081220,0.193670,
1629324827.223403,0.000000,0.132947,-1.081576,0.193537,
1629324827.273297,0.000000,0.127373,-1.084824,0.194004,
1629324827.278845,0.000000,0.126763,-1.085147,0.193970,
1629324827.284402,0.000000,0.126113,-1.085582,0.193960,
1629324827.290007,0.000000,0.125394,-1.085979,0.194034,
1629324827.295522,0.000000,0.124849,-1.086519,0.193842,
1629324827.301081,0.000000,0.124212,-1.086971,0.193848,
1629324827.306619,0.000000,0.123559,-1.087407,0.193800,
1629324827.312180,0.000000,0.122874,-1.087805,0.193848,
1629324827.317736,0.000000,0.121892,-1.088167,0.193805,
1629324827.323282,0.000000,0.121282,-1.088536,0.193809,
1629324827.373279,0.000000,0.115655,-1.091456,0.194249,
1629324827.378856,0.000000,0.114924,-1.091905,0.194137,
1629324827.384400,0.000000,0.114270,-1.092324,0.194103,
1629324827.390049,0.000000,0.113725,-1.092733,0.193953,
1629324827.395530,0.000000,0.113055,-1.093177,0.193832,
1629324827.401085,0.000000,0.112471,-1.093613,0.193693,
1629324827.406689,0.000000,0.111448,-1.094160,0.193913,
1629324827.412176,0.000000,0.110582,-1.094525,0.193759,
1629324827.417740,0.000000,0.109955,-1.094887,0.193733,
1629324827.423289,0.000000,0.109308,-1.095244,0.193720,
1629324827.473301,0.000000,0.103562,-1.097829,0.194143,
1629324827.478869,0.000000,0.102722,-1.098077,0.194032,
1629324827.484395,0.000000,0.102057,-1.098493,0.193908,
1629324827.489956,0.000000,0.101346,-1.098859,0.193943,
1629324827.495515,0.000000,0.100717,-1.099261,0.193905,
1629324827.501071,0.000000,0.100082,-1.099662,0.193649,
1629324827.506624,0.000000,0.099441,-1.100027,0.193691,
1629324827.512179,0.000000,0.098860,-1.100355,0.193635,
1629324827.517748,0.000000,0.098129,-1.100738,0.193484,
1629324827.523294,0.000000,0.097305,-1.101008,0.193701,
1629324827.573286,0.000000,0.091591,-1.103482,0.193826,
1629324827.578856,0.000000,0.090936,-1.103783,0.193816,
1629324827.584400,0.000000,0.089917,-1.104254,0.193812,
1629324827.589975,0.000000,0.089574,-1.104481,0.193585,
1629324827.595499,0.000000,0.088986,-1.104863,0.193479,
1629324827.601074,0.000000,0.088311,-1.105216,0.193448,
1629324827.606632,0.000000,0.087383,-1.105550,0.193399,
1629324827.612169,0.000000,0.086617,-1.105839,0.193381,
1629324827.617724,0.000000,0.086151,-1.106217,0.193312,
1629324827.623300,0.000000,0.085390,-1.106508,0.193344,
1629324827.673366,0.000000,0.079740,-1.108627,0.193623,
1629324827.678848,0.000000,0.078855,-1.109062,0.193601,
1629324827.684391,0.000000,0.078150,-1.109362,0.193359,
1629324827.689946,0.000000,0.077372,-1.109653,0.193450,
1629324827.695519,0.000000,0.076786,-1.109847,0.193403,
1629324827.701078,0.000000,0.075706,-1.110098,0.193404,
1629324827.706627,0.000000,0.075730,-1.110483,0.192971,
1629324827.712174,0.000000,0.075113,-1.110889,0.192694,
1629324827.717721,0.000000,0.074700,-1.111201,0.192524,
1629324827.723281,0.000000,0.073013,-1.111365,0.193283,
1629324827.773245,0.000000,0.067023,-1.113184,0.193725,
1629324827.778804,0.000000,0.066313,-1.113340,0.193851,
1629324827.784361,0.000000,0.065689,-1.113614,0.193724,
1629324827.789917,0.000000,0.065006,-1.113890,0.193663,
1629324827.795477,0.000000,0.065455,-1.114272,0.193090,
1629324827.801039,0.000000,0.063837,-1.114598,0.193346,
1629324827.806583,0.000000,0.063837,-1.115039,0.192808,
1629324827.812130,0.000000,0.063097,-1.115357,0.192644,
1629324827.817779,0.000000,0.061407,-1.115526,0.193145,
1629324827.823264,0.000000,0.061368,-1.115846,0.192658,
1629324827.873259,0.000000,0.054639,-1.117200,0.193578,
1629324827.878819,0.000000,0.053932,-1.117420,0.193559,
1629324827.884370,0.000000,0.053258,-1.117651,0.193489,
1629324827.889916,0.000000,0.052481,-1.117865,0.193462,
1629324827.895482,0.000000,0.051647,-1.118078,0.193473,
1629324827.901035,0.000000,0.050908,-1.118340,0.193411,
1629324827.906596,0.000000,0.050953,-1.118637,0.192846,
1629324827.912145,0.000000,0.050203,-1.118904,0.192636,
1629324827.917706,0.000000,0.049309,-1.119228,0.192612,
1629324827.923260,0.000000,0.047892,-1.119424,0.192915,
1629324827.973291,0.000000,0.041706,-1.120512,0.193515,
1629324827.978836,0.000000,0.041155,-1.120843,0.193443,
1629324827.984401,0.000000,0.040974,-1.121033,0.193009,
1629324827.989949,0.000000,0.040258,-1.121233,0.192945,
1629324827.995499,0.000000,0.039457,-1.121445,0.192841,
1629324828.001060,0.000000,0.037992,-1.121685,0.193204,
1629324828.006613,0.000000,0.037347,-1.121937,0.193183,
1629324828.012200,0.000000,0.036621,-1.122171,0.193155,
1629324828.017744,0.000000,0.035777,-1.122354,0.193106,
1629324828.023354,0.000000,0.035035,-1.122592,0.193099,
1629324828.073270,0.000000,0.028882,-1.123799,0.193279,
1629324828.078830,0.000000,0.028028,-1.123890,0.193311,
1629324828.084399,0.000000,0.027354,-1.124055,0.193295,
1629324828.089953,0.000000,0.026704,-1.124253,0.193239,
1629324828.095516,0.000000,0.025974,-1.124404,0.193207,
1629324828.101070,0.000000,0.025145,-1.124556,0.193193,
1629324828.106706,0.000000,0.024399,-1.124779,0.193127,
1629324828.112173,0.000000,0.023492,-1.124917,0.193114,
1629324828.117733,0.000000,0.022766,-1.125155,0.192963,
1629324828.123296,0.000000,0.022010,-1.125335,0.192923,
1629324828.173306,0.000000,0.015728,-1.126091,0.193345,
1629324828.178851,0.000000,0.015022,-1.126228,0.193333,
1629324828.184401,0.000000,0.014396,-1.126318,0.193337,
1629324828.189976,0.000000,0.013571,-1.126376,0.193455,
1629324828.195502,0.000000,0.012710,-1.126567,0.193452,
1629324828.201070,0.000000,0.011978,-1.126742,0.193422,
1629324828.206618,0.000000,0.011307,-1.126908,0.193329,
1629324828.212171,0.000000,0.010641,-1.127217,0.193207,
1629324828.217726,0.000000,0.009790,-1.127348,0.193181,
1629324828.223284,0.000000,0.008825,-1.127398,0.193104,
1629324828.273270,0.000000,0.002792,-1.127898,0.193595,
1629324828.278832,0.000000,0.001973,-1.127941,0.193590,
1629324828.284406,0.000000,0.001187,-1.128073,0.193537,
1629324828.289961,0.000000,0.000415,-1.128135,0.193515,
1629324828.295506,0.000000,-0.000222,-1.128244,0.193588,
1629324828.301060,0.000000,-0.000996,-1.128296,0.193547,
1629324828.306621,0.000000,-0.001662,-1.128495,0.193408,
1629324828.312174,0.000000,-0.002370,-1.128685,0.193213,
1629324828.317739,0.000000,-0.003350,-1.128754,0.193332,
1629324828.323279,0.000000,-0.004125,-1.128866,0.193294,
1629324828.373283,0.000000,-0.010477,-1.129080,0.193767,
1629324828.378852,0.000000,-0.011065,-1.129178,0.193689,
1629324828.384396,0.000000,-0.011815,-1.129203,0.193768,
1629324828.389894,0.000000,-0.012497,-1.129311,0.193712,
1629324828.395535,0.000000,-0.013236,-1.129364,0.193598,
1629324828.401009,0.000000,-0.014121,-1.129404,0.193617,
1629324828.406548,0.000000,-0.015066,-1.129442,0.193628,
1629324828.412103,0.000000,-0.015748,-1.129615,0.193469,
1629324828.417671,0.000000,-0.016547,-1.129543,0.193446,
1629324828.423221,0.000000,-0.017127,-1.129804,0.193348,
1629324828.473250,0.000000,-0.023498,-1.129896,0.193800,
1629324828.478796,0.000000,-0.024370,-1.129853,0.193889,
1629324828.484349,0.000000,-0.025064,-1.129810,0.193932,
1629324828.489890,0.000000,-0.025615,-1.129661,0.193659,
1629324828.495502,0.000000,-0.026852,-1.129643,0.193795,
1629324828.501055,0.000000,-0.027346,-1.129879,0.193861,
1629324828.506607,0.000000,-0.028095,-1.129943,0.193788,
1629324828.512163,0.000000,-0.028817,-1.130002,0.193771,
1629324828.517721,0.000000,-0.029624,-1.130024,0.193747,
1629324828.523274,0.000000,-0.030461,-1.130060,0.193716,
1629324828.573286,0.000000,-0.037089,-1.129760,0.194022,
1629324828.578839,0.000000,-0.037885,-1.129675,0.193977,
1629324828.584387,0.000000,-0.038606,-1.129624,0.193968,
1629324828.589947,0.000000,-0.039331,-1.129693,0.193932,
1629324828.595489,0.000000,-0.040027,-1.129695,0.193947,
1629324828.601059,0.000000,-0.040849,-1.129658,0.193936,
1629324828.606619,0.000000,-0.041600,-1.129673,0.193914,
1629324828.612175,0.000000,-0.042455,-1.129694,0.193973,
1629324828.617708,0.000000,-0.043260,-1.129733,0.193906,
1629324828.623316,0.000000,-0.044012,-1.129917,0.193628,
1629324828.673291,0.000000,-0.050616,-1.129000,0.194001,
1629324828.678893,0.000000,-0.051157,-1.129076,0.194177,
1629324828.684377,0.000000,-0.051962,-1.128923,0.194196,
1629324828.689943,0.000000,-0.052721,-1.128816,0.194183,
1629324828.695494,0.000000,-0.053420,-1.129182,0.193819,
1629324828.701044,0.000000,-0.054217,-1.129220,0.193780,
1629324828.706595,0.000000,-0.054991,-1.129209,0.193741,
1629324828.712126,0.000000,-0.055949,-1.128916,0.194188,
1629324828.717685,0.000000,-0.056745,-1.128946,0.194089,
1629324828.723231,0.000000,-0.057762,-1.128605,0.193967,
1629324828.773236,0.000000,-0.064075,-1.128200,0.194405,
1629324828.778792,0.000000,-0.064740,-1.128015,0.194489,
1629324828.784336,0.000000,-0.065446,-1.127959,0.194430,
1629324828.789895,0.000000,-0.066121,-1.127959,0.194365,
1629324828.795450,0.000000,-0.067176,-1.127912,0.193980,
1629324828.801008,0.000000,-0.067942,-1.127919,0.193841,
1629324828.806570,0.000000,-0.068977,-1.127647,0.194040,
1629324828.812112,0.000000,-0.069764,-1.127718,0.193879,
1629324828.817683,0.000000,-0.070442,-1.127751,0.193828,
1629324828.823305,0.000000,-0.071158,-1.127773,0.193658,
1629324828.873234,0.000000,-0.077743,-1.126659,0.194053,
1629324828.878801,0.000000,-0.078358,-1.126634,0.193994,
1629324828.884353,0.000000,-0.079002,-1.126598,0.193911,
1629324828.889915,0.000000,-0.079997,-1.126240,0.194140,
1629324828.895483,0.000000,-0.080747,-1.126234,0.193878,
1629324828.901011,0.000000,-0.081538,-1.126094,0.193622,
1629324828.906564,0.000000,-0.082353,-1.125975,0.193490,
1629324828.912226,0.000000,-0.083391,-1.125620,0.193880,
1629324828.917715,0.000000,-0.084046,-1.125701,0.193676,
1629324828.923267,0.000000,-0.084801,-1.125681,0.193578,
1629324828.973271,0.000000,-0.091306,-1.124214,0.194172,
1629324828.978822,0.000000,-0.091877,-1.124217,0.194035,
1629324828.984380,0.000000,-0.092518,-1.124148,0.193961,
1629324828.989930,0.000000,-0.093124,-1.124207,0.193642,
1629324828.995485,0.000000,-0.093924,-1.123938,0.193850,
1629324829.001045,0.000000,-0.094547,-1.123942,0.193718,
1629324829.006604,0.000000,-0.095144,-1.123921,0.193649,
1629324829.012177,0.000000,-0.095877,-1.123852,0.193653,
1629324829.017718,0.000000,-0.096743,-1.123624,0.193759,
1629324829.023257,0.000000,-0.097698,-1.123551,0.193399,
