1629329651.000000,733452104.000000,-0.049209,-1.176632,0.000000,0.000000,0.000000,-0.001630,0.999999,0.000744,0.000000,0.000000,0.000000,0.000000,0.000200,
1629329651.000000,766452104.000000,-0.049234,-1.176632,0.000000,0.000000,0.000000,-0.001630,0.999999,-0.000767,0.000000,0.000000,0.000000,0.000000,-0.000015,
1629329651.000000,799452104.000000,-0.049209,-1.176632,0.000000,0.000000,0.000000,-0.001631,0.999999,0.000767,0.000000,0.000000,0.000000,0.000000,-0.000043,
1629329651.000000,832452104.000000,-0.049209,-1.176632,0.000000,0.000000,0.000000,-0.001630,0.999999,0.000000,0.000000,0.000000,0.000000,0.000000,0.000059,
1629329651.000000,865452104.000000,-0.049234,-1.176632,0.000000,0.000000,0.000000,-0.001634,0.999999,-0.000767,0.000000,0.000000,0.000000,0.000000,-0.000247,
1629329651.000000,898452104.000000,-0.049234,-1.176632,0.000000,0.000000,0.000000,-0.001634,0.999999,0.000000,0.000000,0.000000,0.000000,0.000000,0.000035,
1629329651.000000,931452104.000000,-0.049234,-1.176632,0.000000,0.000000,0.000000,-0.001625,0.999999,0.000000,0.000000,0.000000,0.000000,0.000000,0.000556,
1629329651.000000,964452104.000000,-0.049209,-1.176632,0.000000,0.000000,0.000000,-0.001617,0.999999,0.000767,0.000000,0.000000,0.000000,0.000000,0.000435,
1629329651.000000,998452104.000000,-0.049234,-1.176632,0.000000,0.000000,0.000000,-0.001621,0.999999,-0.000744,0.000000,0.000000,0.000000,0.000000,-0.000223,
1629329652.000000,32452104.000000,-0.049234,-1.176632,0.000000,0.000000,0.000000,-0.001624,0.999999,0.000000,0.000000,0.000000,0.000000,0.000000,-0.000196,
1629329652.000000,65452104.000000,-0.049234,-1.176632,0.000000,0.000000,0.000000,-0.001635,0.999999,0.000000,0.000000,0.000000,0.000000,0.000000,-0.000620,
1629329652.000000,98452104.000000,-0.049234,-1.176632,0.000000,0.000000,0.000000,-0.001626,0.999999,0.000000,0.000000,0.000000,0.000000,0.000000,0.000510,
1629329652.000000,131452104.000000,-0.048500,-1.176635,0.000000,0.000000,0.000000,-0.002629,0.999997,0.022243,0.000000,0.000000,0.000000,0.000000,-0.060759,
1629329652.000000,164452104.000000,-0.046779,-1.176654,0.000000,0.000000,0.000000,-0.007885,0.999969,0.052155,0.000000,0.000000,0.000000,0.000000,-0.318532,
1629329652.000000,197452104.000000,-0.044704,-1.176699,0.000000,0.000000,0.000000,-0.014085,0.999901,0.062893,0.000000,0.000000,0.000000,0.000000,-0.375828,
1629329652.000000,230452104.000000,-0.042630,-1.176772,0.000000,0.000000,0.000000,-0.021239,0.999774,0.062893,0.000000,0.000000,0.000000,0.000000,-0.433619,
1629329652.000000,264452104.000000,-0.040582,-1.176874,0.000000,0.000000,0.000000,-0.028240,0.999601,0.060299,0.000000,0.000000,0.000000,0.000000,-0.411943,
1629329652.000000,292885051.000000,-0.038486,-1.177007,0.000000,0.000000,0.000000,-0.035337,0.999375,0.063660,0.000000,0.000000,0.000000,0.000000,-0.430384,
1629329652.000000,325885051.000000,-0.036341,-1.177175,0.000000,0.000000,0.000000,-0.042546,0.999095,0.065194,0.000000,0.000000,0.000000,0.000000,-0.437191,
1629329652.000000,358885051.000000,-0.034249,-1.177368,0.000000,0.000000,0.000000,-0.049717,0.998763,0.063660,0.000000,0.000000,0.000000,0.000000,-0.435102,
1629329652.000000,391885051.000000,-0.032160,-1.177592,0.000000,0.000000,0.000000,-0.056773,0.998387,0.063660,0.000000,0.000000,0.000000,0.000000,-0.428263,
1629329652.000000,424885051.000000,-0.030075,-1.177845,0.000000,0.000000,0.000000,-0.063931,0.997954,0.063660,0.000000,0.000000,0.000000,0.000000,-0.434571,
1629329652.000000,460885051.000000,-0.027817,-1.178153,0.000000,0.000000,0.000000,-0.071569,0.997436,0.063277,0.000000,0.000000,0.000000,0.000000,-0.425337,
1629329652.000000,493885051.000000,-0.025715,-1.178471,0.000000,0.000000,0.000000,-0.078616,0.996905,0.064427,0.000000,0.000000,0.000000,0.000000,-0.428272,
1629329652.000000,526885051.000000,-0.023618,-1.178819,0.000000,0.000000,0.000000,-0.085734,0.996318,0.064427,0.000000,0.000000,0.000000,0.000000,-0.432862,
1629329652.000000,559885051.000000,-0.021526,-1.179198,0.000000,0.000000,0.000000,-0.092925,0.995673,0.064427,0.000000,0.000000,0.000000,0.000000,-0.437569,
1629329652.000000,592885051.000000,-0.019489,-1.179596,0.000000,0.000000,0.000000,-0.099935,0.994994,0.062893,0.000000,0.000000,0.000000,0.000000,-0.426871,
1629329652.000000,625885051.000000,-0.017384,-1.180039,0.000000,0.000000,0.000000,-0.107019,0.994257,0.065194,0.000000,0.000000,0.000000,0.000000,-0.431616,
1629329652.000000,658885051.000000,-0.015359,-1.180496,0.000000,0.000000,0.000000,-0.114246,0.993452,0.062893,0.000000,0.000000,0.000000,0.000000,-0.440746,
1629329652.000000,691885051.000000,-0.013316,-1.180987,0.000000,0.000000,0.000000,-0.121146,0.992635,0.063660,0.000000,0.000000,0.000000,0.000000,-0.421110,
1629329652.000000,725885051.000000,-0.011232,-1.181519,0.000000,0.000000,0.000000,-0.128139,0.991756,0.063277,0.000000,0.000000,0.000000,0.000000,-0.414565,
1629329652.000000,758885051.000000,-0.009253,-1.182054,0.000000,0.000000,0.000000,-0.135311,0.990803,0.062126,0.000000,0.000000,0.000000,0.000000,-0.438456,
1629329652.000000,792885051.000000,-0.007184,-1.182646,0.000000,0.000000,0.000000,-0.142350,0.989816,0.063277,0.000000,0.000000,0.000000,0.000000,-0.418161,
1629329652.000000,825885051.000000,-0.005149,-1.183259,0.000000,0.000000,0.000000,-0.149454,0.988769,0.064427,0.000000,0.000000,0.000000,0.000000,-0.435201,
1629329652.000000,858885051.000000,-0.003122,-1.183903,0.000000,0.000000,0.000000,-0.156749,0.987638,0.064427,0.000000,0.000000,0.000000,0.000000,-0.447383,
1629329652.000000,891885051.000000,-0.001129,-1.184567,0.000000,0.000000,0.000000,-0.163694,0.986511,0.063660,0.000000,0.000000,0.000000,0.000000,-0.426413,
1629329652.000000,924885051.000000,0.000902,-1.185277,0.000000,0.000000,0.000000,-0.170809,0.985304,0.065194,0.000000,0.000000,0.000000,0.000000,-0.437373,
1629329652.000000,957885051.000000,0.002898,-1.186007,0.000000,0.000000,0.000000,-0.178067,0.984018,0.064427,0.000000,0.000000,0.000000,0.000000,-0.446716,
1629329652.000000,990885051.000000,0.004861,-1.186757,0.000000,0.000000,0.000000,-0.184921,0.982753,0.063660,0.000000,0.000000,0.000000,0.000000,-0.422420,
1629329653.000000,24885051.000000,0.006883,-1.187563,0.000000,0.000000,0.000000,-0.192120,0.981371,0.064021,0.000000,0.000000,0.000000,0.000000,-0.431205,
1629329653.000000,57885051.000000,0.008822,-1.188370,0.000000,0.000000,0.000000,-0.199437,0.979911,0.063660,0.000000,0.000000,0.000000,0.000000,-0.452213,
1629329653.000000,90885051.000000,0.010797,-1.189225,0.000000,0.000000,0.000000,-0.206448,0.978458,0.065194,0.000000,0.000000,0.000000,0.000000,-0.433911,
1629329653.000000,123885051.000000,0.012804,-1.190129,0.000000,0.000000,0.000000,-0.213591,0.976923,0.066728,0.000000,0.000000,0.000000,0.000000,-0.442783,
1629329653.000000,156885051.000000,0.014730,-1.191031,0.000000,0.000000,0.000000,-0.220919,0.975292,0.064427,0.000000,0.000000,0.000000,0.000000,-0.455022,
1629329653.000000,190885051.000000,0.016642,-1.191961,0.000000,0.000000,0.000000,-0.227883,0.973688,0.062532,0.000000,0.000000,0.000000,0.000000,-0.420367,
1629329653.000000,223885051.000000,0.018630,-1.192964,0.000000,0.000000,0.000000,-0.235104,0.971970,0.067495,0.000000,0.000000,0.000000,0.000000,-0.449834,
1629329653.000000,256885051.000000,0.020514,-1.193950,0.000000,0.000000,0.000000,-0.242487,0.970155,0.064427,0.000000,0.000000,0.000000,0.000000,-0.460800,
1629329653.000000,289885051.000000,0.022405,-1.194976,0.000000,0.000000,0.000000,-0.249441,0.968390,0.065194,0.000000,0.000000,0.000000,0.000000,-0.434803,
1629329653.000000,322885051.000000,0.024303,-1.196041,0.000000,0.000000,0.000000,-0.256557,0.966529,0.065961,0.000000,0.000000,0.000000,0.000000,-0.445808,
1629329653.000000,356885051.000000,0.026185,-1.197136,0.000000,0.000000,0.000000,-0.264436,0.964403,0.064021,0.000000,0.000000,0.000000,0.000000,-0.480019,
1629329653.000000,389885051.000000,0.028006,-1.198233,0.000000,0.000000,0.000000,-0.270720,0.962658,0.064427,0.000000,0.000000,0.000000,0.000000,-0.395240,
1629329653.000000,422885051.000000,0.029834,-1.199368,0.000000,0.000000,0.000000,-0.277782,0.960644,0.065194,0.000000,0.000000,0.000000,0.000000,-0.445127,
1629329653.000000,456885051.000000,0.031602,-1.200502,0.000000,0.000000,0.000000,-0.284885,0.958562,0.061788,0.000000,0.000000,0.000000,0.000000,-0.435379,
1629329653.000000,489885051.000000,0.033354,-1.201661,0.000000,0.000000,0.000000,-0.291546,0.956557,0.063660,0.000000,0.000000,0.000000,0.000000,-0.421575,
1629329653.000000,522885051.000000,0.035110,-1.202860,0.000000,0.000000,0.000000,-0.298445,0.954427,0.064427,0.000000,0.000000,0.000000,0.000000,-0.437597,
1629329653.000000,555885051.000000,0.036848,-1.204084,0.000000,0.000000,0.000000,-0.305462,0.952204,0.064427,0.000000,0.000000,0.000000,0.000000,-0.446108,
1629329653.000000,588885051.000000,0.038549,-1.205318,0.000000,0.000000,0.000000,-0.312063,0.950061,0.063660,0.000000,0.000000,0.000000,0.000000,-0.420626,
1629329653.000000,621885051.000000,0.040272,-1.206606,0.000000,0.000000,0.000000,-0.318888,0.947792,0.065194,0.000000,0.000000,0.000000,0.000000,-0.435878,
1629329653.000000,655885051.000000,0.041976,-1.207920,0.000000,0.000000,0.000000,-0.326082,0.945341,0.063277,0.000000,0.000000,0.000000,0.000000,-0.447070,
1629329653.000000,689885051.000000,0.043640,-1.209242,0.000000,0.000000,0.000000,-0.332678,0.943040,0.062532,0.000000,0.000000,0.000000,0.000000,-0.410942,
1629329653.000000,722885051.000000,0.045286,-1.210588,0.000000,0.000000,0.000000,-0.339385,0.940647,0.064427,0.000000,0.000000,0.000000,0.000000,-0.431597,
1629329653.000000,755885051.000000,0.046893,-1.211941,0.000000,0.000000,0.000000,-0.346259,0.938139,0.063660,0.000000,0.000000,0.000000,0.000000,-0.443486,
1629329653.000000,788885051.000000,0.048481,-1.213317,0.000000,0.000000,0.000000,-0.352803,0.935698,0.063660,0.000000,0.000000,0.000000,0.000000,-0.423283,
1629329653.000000,821885051.000000,0.050049,-1.214715,0.000000,0.000000,0.000000,-0.359358,0.933200,0.063660,0.000000,0.000000,0.000000,0.000000,-0.425115,
1629329653.000000,855885051.000000,0.051633,-1.216171,0.000000,0.000000,0.000000,-0.366848,0.930281,0.063277,0.000000,0.000000,0.000000,0.000000,-0.472884,
1629329653.000000,888885051.000000,0.053159,-1.217615,0.000000,0.000000,0.000000,-0.372891,0.927875,0.063660,0.000000,0.000000,0.000000,0.000000,-0.394173,
1629329653.000000,921885051.000000,0.054665,-1.219079,0.000000,0.000000,0.000000,-0.379471,0.925204,0.063660,0.000000,0.000000,0.000000,0.000000,-0.430420,
1629329653.000000,954885051.000000,0.056168,-1.220583,0.000000,0.000000,0.000000,-0.386234,0.922401,0.064427,0.000000,0.000000,0.000000,0.000000,-0.443701,
1629329653.000000,988885051.000000,0.057631,-1.222090,0.000000,0.000000,0.000000,-0.392744,0.919648,0.061788,0.000000,0.000000,0.000000,0.000000,-0.415793,
1629329654.000000,21885051.000000,0.059091,-1.223636,0.000000,0.000000,0.000000,-0.399233,0.916849,0.064427,0.000000,0.000000,0.000000,0.000000,-0.428292,
1629329654.000000,55885051.000000,0.060613,-1.225297,0.000000,0.000000,0.000000,-0.406262,0.913757,0.066254,0.000000,0.000000,0.000000,0.000000,-0.451698,
1629329654.000000,89885051.000000,0.062026,-1.226886,0.000000,0.000000,0.000000,-0.412785,0.910828,0.062532,0.000000,0.000000,0.000000,0.000000,-0.420604,
1629329654.000000,122885051.000000,0.063416,-1.228495,0.000000,0.000000,0.000000,-0.419189,0.907899,0.064427,0.000000,0.000000,0.000000,0.000000,-0.426813,
1629329654.000000,155885051.000000,0.064783,-1.230123,0.000000,0.000000,0.000000,-0.425801,0.904817,0.064427,0.000000,0.000000,0.000000,0.000000,-0.442136,
1629329654.000000,188885051.000000,0.066110,-1.231751,0.000000,0.000000,0.000000,-0.432229,0.901764,0.063660,0.000000,0.000000,0.000000,0.000000,-0.431245,
1629329654.000000,221885051.000000,0.067430,-1.233418,0.000000,0.000000,0.000000,-0.438537,0.898713,0.064427,0.000000,0.000000,0.000000,0.000000,-0.424670,
1629329654.000000,255885051.000000,0.068741,-1.235124,0.000000,0.000000,0.000000,-0.445676,0.895194,0.063277,0.000000,0.000000,0.000000,0.000000,-0.468212,
1629329654.000000,288885051.000000,0.069966,-1.236768,0.000000,0.000000,0.000000,-0.451521,0.892260,0.062126,0.000000,0.000000,0.000000,0.000000,-0.396360,
1629329654.000000,321885051.000000,0.071213,-1.238490,0.000000,0.000000,0.000000,-0.457736,0.889088,0.064427,0.000000,0.000000,0.000000,0.000000,-0.422904,
1629329654.000000,354885051.000000,0.072436,-1.240229,0.000000,0.000000,0.000000,-0.464123,0.885771,0.064427,0.000000,0.000000,0.000000,0.000000,-0.436176,
1629329654.000000,388885051.000000,0.073591,-1.241923,0.000000,0.000000,0.000000,-0.470399,0.882454,0.060299,0.000000,0.000000,0.000000,0.000000,-0.417548,
1629329654.000000,421885051.000000,0.074777,-1.243718,0.000000,0.000000,0.000000,-0.476556,0.879144,0.065194,0.000000,0.000000,0.000000,0.000000,-0.423663,
1629329654.000000,454885051.000000,0.075911,-1.245486,0.000000,0.000000,0.000000,-0.482966,0.875639,0.063660,0.000000,0.000000,0.000000,0.000000,-0.442787,
1629329654.000000,487885051.000000,0.077032,-1.247293,0.000000,0.000000,0.000000,-0.489316,0.872106,0.064427,0.000000,0.000000,0.000000,0.000000,-0.440388,
1629329654.000000,520885051.000000,0.078113,-1.249094,0.000000,0.000000,0.000000,-0.495864,0.868400,0.063660,0.000000,0.000000,0.000000,0.000000,-0.455990,
1629329654.000000,553885051.000000,0.079182,-1.250932,0.000000,0.000000,0.000000,-0.501727,0.865026,0.064427,0.000000,0.000000,0.000000,0.000000,-0.409954,
1629329654.000000,586885051.000000,0.080236,-1.252807,0.000000,0.000000,0.000000,-0.508018,0.861346,0.065194,0.000000,0.000000,0.000000,0.000000,-0.441739,
1629329654.000000,619885051.000000,0.081240,-1.254653,0.000000,0.000000,0.000000,-0.514068,0.857749,0.063660,0.000000,0.000000,0.000000,0.000000,-0.426599,
1629329654.000000,653885051.000000,0.082252,-1.256580,0.000000,0.000000,0.000000,-0.520381,0.853934,0.064021,0.000000,0.000000,0.000000,0.000000,-0.433901,
1629329654.000000,686885051.000000,0.083212,-1.258477,0.000000,0.000000,0.000000,-0.526661,0.850075,0.064427,0.000000,0.000000,0.000000,0.000000,-0.446702,
1629329654.000000,719885051.000000,0.084157,-1.260410,0.000000,0.000000,0.000000,-0.532708,0.846299,0.065194,0.000000,0.000000,0.000000,0.000000,-0.432083,
1629329654.000000,752885051.000000,0.085073,-1.262357,0.000000,0.000000,0.000000,-0.538935,0.842348,0.065194,0.000000,0.000000,0.000000,0.000000,-0.446934,
1629329654.000000,785885051.000000,0.085960,-1.264317,0.000000,0.000000,0.000000,-0.545139,0.838346,0.065194,0.000000,0.000000,0.000000,0.000000,-0.447432,
1629329654.000000,831169973.000000,0.086818,-1.266289,0.000000,0.000000,0.000000,-0.551143,0.834411,0.065194,0.000000,0.000000,0.000000,0.000000,-0.435114,
1629329654.000000,865169973.000000,0.087658,-1.268298,0.000000,0.000000,0.000000,-0.557352,0.830277,0.064021,0.000000,0.000000,0.000000,0.000000,-0.438739,
1629329654.000000,898169973.000000,0.088458,-1.270295,0.000000,0.000000,0.000000,-0.563562,0.826074,0.065194,0.000000,0.000000,0.000000,0.000000,-0.454509,
1629329654.000000,931169973.000000,0.089219,-1.272280,0.000000,0.000000,0.000000,-0.569531,0.821970,0.064427,0.000000,0.000000,0.000000,0.000000,-0.439012,
1629329654.000000,965169973.000000,0.090003,-1.274419,0.000000,0.000000,0.000000,-0.575852,0.817554,0.066999,0.000000,0.000000,0.000000,0.000000,-0.453574,
1629329654.000000,999169973.000000,0.090704,-1.276426,0.000000,0.000000,0.000000,-0.581834,0.813308,0.062532,0.000000,0.000000,0.000000,0.000000,-0.431471,
1629329655.000000,32169973.000000,0.091368,-1.278419,0.000000,0.000000,0.000000,-0.587604,0.809149,0.063660,0.000000,0.000000,0.000000,0.000000,-0.431064,
1629329655.000000,65169973.000000,0.092034,-1.280518,0.000000,0.000000,0.000000,-0.593591,0.804767,0.066728,0.000000,0.000000,0.000000,0.000000,-0.449683,
1629329655.000000,98169973.000000,0.092640,-1.282530,0.000000,0.000000,0.000000,-0.599434,0.800424,0.063660,0.000000,0.000000,0.000000,0.000000,-0.441259,
1629329655.000000,131169973.000000,0.093210,-1.284525,0.000000,0.000000,0.000000,-0.605019,0.796211,0.062893,0.000000,0.000000,0.000000,0.000000,-0.423926,
1629329655.000000,164169973.000000,0.093778,-1.286627,0.000000,0.000000,0.000000,-0.610804,0.791782,0.065961,0.000000,0.000000,0.000000,0.000000,-0.441616,
1629329655.000000,198169973.000000,0.094290,-1.288638,0.000000,0.000000,0.000000,-0.616548,0.787317,0.061043,0.000000,0.000000,0.000000,0.000000,-0.427961,
1629329655.000000,231169973.000000,0.094773,-1.290656,0.000000,0.000000,0.000000,-0.622000,0.783017,0.062893,0.000000,0.000000,0.000000,0.000000,-0.420827,
1629329655.000000,264169973.000000,0.095256,-1.292805,0.000000,0.000000,0.000000,-0.627674,0.778476,0.066728,0.000000,0.000000,0.000000,0.000000,-0.440421,
1629329655.000000,298169973.000000,0.095690,-1.294886,0.000000,0.000000,0.000000,-0.633869,0.773440,0.062532,0.000000,0.000000,0.000000,0.000000,-0.469643,
1629329655.000000,331169973.000000,0.096089,-1.296948,0.000000,0.000000,0.000000,-0.638855,0.769327,0.063660,0.000000,0.000000,0.000000,0.000000,-0.391751,
1629329655.000000,364169973.000000,0.096474,-1.299091,0.000000,0.000000,0.000000,-0.644368,0.764716,0.065961,0.000000,0.000000,0.000000,0.000000,-0.435537,
1629329655.000000,397169973.000000,0.096815,-1.301164,0.000000,0.000000,0.000000,-0.649958,0.759970,0.063660,0.000000,0.000000,0.000000,0.000000,-0.444430,
1629329655.000000,431169973.000000,0.097119,-1.303191,0.000000,0.000000,0.000000,-0.655183,0.755470,0.060299,0.000000,0.000000,0.000000,0.000000,-0.405617,
1629329655.000000,464169973.000000,0.097412,-1.305348,0.000000,0.000000,0.000000,-0.660589,0.750748,0.065961,0.000000,0.000000,0.000000,0.000000,-0.435045,
1629329655.000000,497169973.000000,0.097658,-1.307384,0.000000,0.000000,0.000000,-0.666053,0.745904,0.062126,0.000000,0.000000,0.000000,0.000000,-0.442574,
1629329655.000000,530169973.000000,0.097880,-1.309473,0.000000,0.000000,0.000000,-0.671206,0.741271,0.063660,0.000000,0.000000,0.000000,0.000000,-0.419974,
1629329655.000000,563169973.000000,0.098075,-1.311590,0.000000,0.000000,0.000000,-0.676518,0.736427,0.064427,0.000000,0.000000,0.000000,0.000000,-0.435674,
1629329655.000000,597169973.000000,0.098241,-1.313735,0.000000,0.000000,0.000000,-0.681994,0.731358,0.063277,0.000000,0.000000,0.000000,0.000000,-0.438922,
1629329655.000000,631169973.000000,0.098375,-1.315857,0.000000,0.000000,0.000000,-0.687054,0.726606,0.062532,0.000000,0.000000,0.000000,0.000000,-0.408330,
1629329655.000000,664169973.000000,0.098479,-1.317980,0.000000,0.000000,0.000000,-0.692224,0.721683,0.064427,0.000000,0.000000,0.000000,0.000000,-0.432708,
1629329655.000000,697169973.000000,0.098552,-1.320130,0.000000,0.000000,0.000000,-0.697507,0.716578,0.065194,0.000000,0.000000,0.000000,0.000000,-0.445247,
1629329655.000000,730169973.000000,0.098595,-1.322256,0.000000,0.000000,0.000000,-0.702516,0.711668,0.064427,0.000000,0.000000,0.000000,0.000000,-0.425068,
1629329655.000000,763169973.000000,0.098607,-1.324382,0.000000,0.000000,0.000000,-0.707567,0.706646,0.064427,0.000000,0.000000,0.000000,0.000000,-0.431679,
1629329655.000000,796169973.000000,0.098589,-1.326534,0.000000,0.000000,0.000000,-0.712727,0.701441,0.065194,0.000000,0.000000,0.000000,0.000000,-0.444224,
1629329655.000000,830169973.000000,0.098541,-1.328609,0.000000,0.000000,0.000000,-0.717609,0.696446,0.061043,0.000000,0.000000,0.000000,0.000000,-0.410820,
1629329655.000000,863169973.000000,0.098462,-1.330733,0.000000,0.000000,0.000000,-0.722517,0.691353,0.064427,0.000000,0.000000,0.000000,0.000000,-0.428691,
1629329655.000000,896169973.000000,0.098355,-1.332831,0.000000,0.000000,0.000000,-0.727531,0.686075,0.063660,0.000000,0.000000,0.000000,0.000000,-0.441194,
1629329655.000000,929169973.000000,0.098217,-1.334927,0.000000,0.000000,0.000000,-0.732267,0.681018,0.063660,0.000000,0.000000,0.000000,0.000000,-0.419898,
1629329655.000000,962169973.000000,0.098050,-1.337022,0.000000,0.000000,0.000000,-0.737016,0.675875,0.063660,0.000000,0.000000,0.000000,0.000000,-0.424262,
1629329655.000000,996169973.000000,0.097851,-1.339138,0.000000,0.000000,0.000000,-0.742002,0.670398,0.062532,0.000000,0.000000,0.000000,0.000000,-0.435692,
1629329656.000000,30169973.000000,0.097621,-1.341252,0.000000,0.000000,0.000000,-0.746669,0.665196,0.062532,0.000000,0.000000,0.000000,0.000000,-0.411100,
1629329656.000000,63169973.000000,0.097361,-1.343362,0.000000,0.000000,0.000000,-0.751398,0.659849,0.064427,0.000000,0.000000,0.000000,0.000000,-0.432600,
1629329656.000000,96169973.000000,0.097068,-1.345493,0.000000,0.000000,0.000000,-0.756224,0.654313,0.065194,0.000000,0.000000,0.000000,0.000000,-0.445109,
1629329656.000000,129169973.000000,0.096755,-1.347545,0.000000,0.000000,0.000000,-0.760858,0.648918,0.062893,0.000000,0.000000,0.000000,0.000000,-0.431050,
1629329656.000000,162169973.000000,0.096400,-1.349667,0.000000,0.000000,0.000000,-0.765492,0.643445,0.065194,0.000000,0.000000,0.000000,0.000000,-0.434615,
1629329656.000000,195169973.000000,0.096019,-1.351759,0.000000,0.000000,0.000000,-0.770212,0.637788,0.064427,0.000000,0.000000,0.000000,0.000000,-0.446536,
1629329656.000000,229169973.000000,0.095608,-1.353845,0.000000,0.000000,0.000000,-0.774745,0.632274,0.062532,0.000000,0.000000,0.000000,0.000000,-0.419852,
1629329656.000000,262169973.000000,0.095167,-1.355924,0.000000,0.000000,0.000000,-0.779243,0.626722,0.064427,0.000000,0.000000,0.000000,0.000000,-0.433109,
1629329656.000000,295169973.000000,0.094690,-1.358022,0.000000,0.000000,0.000000,-0.783885,0.620905,0.065194,0.000000,0.000000,0.000000,0.000000,-0.451005,
1629329656.000000,328169973.000000,0.094182,-1.360113,0.000000,0.000000,0.000000,-0.788325,0.615259,0.065194,0.000000,0.000000,0.000000,0.000000,-0.435341,
1629329656.000000,361169973.000000,0.093644,-1.362196,0.000000,0.000000,0.000000,-0.792726,0.609578,0.065194,0.000000,0.000000,0.000000,0.000000,-0.435490,
1629329656.000000,395169973.000000,0.093070,-1.364296,0.000000,0.000000,0.000000,-0.797270,0.603622,0.064021,0.000000,0.000000,0.000000,0.000000,-0.440699,
1629329656.000000,428169973.000000,0.092478,-1.366338,0.000000,0.000000,0.000000,-0.801608,0.597850,0.064427,0.000000,0.000000,0.000000,0.000000,-0.437570,
1629329656.000000,461169973.000000,0.091857,-1.368371,0.000000,0.000000,0.000000,-0.805914,0.592033,0.064427,0.000000,0.000000,0.000000,0.000000,-0.438665,
1629329656.000000,494169973.000000,0.091183,-1.370468,0.000000,0.000000,0.000000,-0.810372,0.585915,0.066728,0.000000,0.000000,0.000000,0.000000,-0.458768,
1629329656.000000,527169973.000000,0.090502,-1.372482,0.000000,0.000000,0.000000,-0.814607,0.580013,0.064427,0.000000,0.000000,0.000000,0.000000,-0.440276,
1629329656.000000,560169973.000000,0.089783,-1.374509,0.000000,0.000000,0.000000,-0.818801,0.574078,0.065194,0.000000,0.000000,0.000000,0.000000,-0.440431,
1629329656.000000,594169973.000000,0.089017,-1.376574,0.000000,0.000000,0.000000,-0.823109,0.567883,0.064766,0.000000,0.000000,0.000000,0.000000,-0.443879,
1629329656.000000,627169973.000000,0.088248,-1.378556,0.000000,0.000000,0.000000,-0.827181,0.561936,0.064427,0.000000,0.000000,0.000000,0.000000,-0.436812,
1629329656.000000,660169973.000000,0.087441,-1.380550,0.000000,0.000000,0.000000,-0.831222,0.555941,0.065194,0.000000,0.000000,0.000000,0.000000,-0.438170,
1629329656.000000,693169973.000000,0.086604,-1.382532,0.000000,0.000000,0.000000,-0.835341,0.549732,0.065194,0.000000,0.000000,0.000000,0.000000,-0.451579,
1629329656.000000,726169973.000000,0.085760,-1.384456,0.000000,0.000000,0.000000,-0.839222,0.543788,0.063660,0.000000,0.000000,0.000000,0.000000,-0.430223,
1629329656.000000,760169973.000000,0.084877,-1.386390,0.000000,0.000000,0.000000,-0.843049,0.537836,0.062532,0.000000,0.000000,0.000000,0.000000,-0.416251,
1629329656.000000,793169973.000000,0.083978,-1.388289,0.000000,0.000000,0.000000,-0.846976,0.531631,0.063660,0.000000,0.000000,0.000000,0.000000,-0.445055,
1629329656.000000,826169973.000000,0.083051,-1.390174,0.000000,0.000000,0.000000,-0.850723,0.525614,0.063660,0.000000,0.000000,0.000000,0.000000,-0.429594,
1629329656.000000,859169973.000000,0.082098,-1.392046,0.000000,0.000000,0.000000,-0.854377,0.519654,0.063660,0.000000,0.000000,0.000000,0.000000,-0.423663,
1629329656.000000,892169973.000000,0.081095,-1.393949,0.000000,0.000000,0.000000,-0.858166,0.513372,0.065194,0.000000,0.000000,0.000000,0.000000,-0.444672,
1629329656.000000,926169973.000000,0.080076,-1.395815,0.000000,0.000000,0.000000,-0.861851,0.507161,0.062532,0.000000,0.000000,0.000000,0.000000,-0.424792,
1629329656.000000,959169973.000000,0.079055,-1.397623,0.000000,0.000000,0.000000,-0.865381,0.501115,0.062893,0.000000,0.000000,0.000000,0.000000,-0.424327,
1629329656.000000,992169973.000000,0.077971,-1.399481,0.000000,0.000000,0.000000,-0.868986,0.494836,0.065194,0.000000,0.000000,0.000000,0.000000,-0.438791,
1629329657.000000,25169973.000000,0.076886,-1.401280,0.000000,0.000000,0.000000,-0.872533,0.488556,0.063660,0.000000,0.000000,0.000000,0.000000,-0.437115,
1629329657.000000,58169973.000000,0.075776,-1.403063,0.000000,0.000000,0.000000,-0.875907,0.482480,0.063660,0.000000,0.000000,0.000000,0.000000,-0.421177,
1629329657.000000,91169973.000000,0.074626,-1.404852,0.000000,0.000000,0.000000,-0.879359,0.476160,0.064427,0.000000,0.000000,0.000000,0.000000,-0.436494,
1629329657.000000,125169973.000000,0.073466,-1.406603,0.000000,0.000000,0.000000,-0.882770,0.469805,0.061788,0.000000,0.000000,0.000000,0.000000,-0.424224,
1629329657.000000,158169973.000000,0.072280,-1.408337,0.000000,0.000000,0.000000,-0.886016,0.463655,0.063660,0.000000,0.000000,0.000000,0.000000,-0.421459,
1629329657.000000,191169973.000000,0.071055,-1.410075,0.000000,0.000000,0.000000,-0.889368,0.457192,0.064427,0.000000,0.000000,0.000000,0.000000,-0.441248,
1629329657.000000,224169973.000000,0.069806,-1.411795,0.000000,0.000000,0.000000,-0.892662,0.450727,0.064427,0.000000,0.000000,0.000000,0.000000,-0.439774,
1629329657.000000,257169973.000000,0.068562,-1.413456,0.000000,0.000000,0.000000,-0.895749,0.444560,0.062893,0.000000,0.000000,0.000000,0.000000,-0.417955,
1629329657.000000,290169973.000000,0.067264,-1.415141,0.000000,0.000000,0.000000,-0.898904,0.438146,0.064427,0.000000,0.000000,0.000000,0.000000,-0.433243,
1629329657.000000,326100065.000000,0.065878,-1.416884,0.000000,0.000000,0.000000,-0.902392,0.430917,0.063638,0.000000,0.000000,0.000000,0.000000,-0.458636,
1629329657.000000,359100065.000000,0.064547,-1.418509,0.000000,0.000000,0.000000,-0.905156,0.425078,0.063660,0.000000,0.000000,0.000000,0.000000,-0.391512,
1629329657.000000,392100065.000000,0.063161,-1.420155,0.000000,0.000000,0.000000,-0.908198,0.418541,0.065194,0.000000,0.000000,0.000000,0.000000,-0.436963,
1629329657.000000,425100065.000000,0.061768,-1.421761,0.000000,0.000000,0.000000,-0.911208,0.411946,0.064427,0.000000,0.000000,0.000000,0.000000,-0.439413,
1629329657.000000,458100065.000000,0.060386,-1.423310,0.000000,0.000000,0.000000,-0.914042,0.405619,0.062893,0.000000,0.000000,0.000000,0.000000,-0.420144,
1629329657.000000,492100065.000000,0.058896,-1.424931,0.000000,0.000000,0.000000,-0.917177,0.398479,0.064766,0.000000,0.000000,0.000000,0.000000,-0.458703,
1629329657.000000,525100065.000000,0.057487,-1.426420,0.000000,0.000000,0.000000,-0.919818,0.392345,0.062126,0.000000,0.000000,0.000000,0.000000,-0.404748,
1629329657.000000,558100065.000000,0.056023,-1.427926,0.000000,0.000000,0.000000,-0.922490,0.386020,0.063660,0.000000,0.000000,0.000000,0.000000,-0.416127,
1629329657.000000,591100065.000000,0.054502,-1.429448,0.000000,0.000000,0.000000,-0.925219,0.379433,0.065194,0.000000,0.000000,0.000000,0.000000,-0.432145,
1629329657.000000,624100065.000000,0.053031,-1.430877,0.000000,0.000000,0.000000,-0.927924,0.372769,0.062126,0.000000,0.000000,0.000000,0.000000,-0.435873,
1629329657.000000,658100065.000000,0.051504,-1.432320,0.000000,0.000000,0.000000,-0.930465,0.366380,0.061788,0.000000,0.000000,0.000000,0.000000,-0.404470,
1629329657.000000,691100065.000000,0.049920,-1.433775,0.000000,0.000000,0.000000,-0.933079,0.359672,0.065194,0.000000,0.000000,0.000000,0.000000,-0.436328,
1629329657.000000,724100065.000000,0.048371,-1.435157,0.000000,0.000000,0.000000,-0.935681,0.352848,0.062893,0.000000,0.000000,0.000000,0.000000,-0.442577,
1629329657.000000,757100065.000000,0.046784,-1.436533,0.000000,0.000000,0.000000,-0.938134,0.346273,0.063660,0.000000,0.000000,0.000000,0.000000,-0.425324,
1629329657.000000,790100065.000000,0.045119,-1.437935,0.000000,0.000000,0.000000,-0.940616,0.339474,0.065961,0.000000,0.000000,0.000000,0.000000,-0.438690,
1629329657.000000,824100065.000000,0.043473,-1.439281,0.000000,0.000000,0.000000,-0.943116,0.332463,0.062532,0.000000,0.000000,0.000000,0.000000,-0.437856,
1629329657.000000,857100065.000000,0.041807,-1.440601,0.000000,0.000000,0.000000,-0.945595,0.325345,0.064427,0.000000,0.000000,0.000000,0.000000,-0.456774,
1629329657.000000,890100065.000000,0.040102,-1.441914,0.000000,0.000000,0.000000,-0.947781,0.318923,0.065194,0.000000,0.000000,0.000000,0.000000,-0.411178,
1629329657.000000,923100065.000000,0.038358,-1.443217,0.000000,0.000000,0.000000,-0.950133,0.311846,0.065961,0.000000,0.000000,0.000000,0.000000,-0.451940,
1629329657.000000,956100065.000000,0.036657,-1.444450,0.000000,0.000000,0.000000,-0.952313,0.305124,0.063660,0.000000,0.000000,0.000000,0.000000,-0.428315,
1629329657.000000,990100065.000000,0.034898,-1.445687,0.000000,0.000000,0.000000,-0.954510,0.298180,0.063277,0.000000,0.000000,0.000000,0.000000,-0.428410,
1629329658.000000,23100065.000000,0.033078,-1.446927,0.000000,0.000000,0.000000,-0.956720,0.291009,0.066728,0.000000,0.000000,0.000000,0.000000,-0.454780,
1629329658.000000,56100065.000000,0.031325,-1.448084,0.000000,0.000000,0.000000,-0.958748,0.284258,0.063660,0.000000,0.000000,0.000000,0.000000,-0.427232,
1629329658.000000,89100065.000000,0.029512,-1.449244,0.000000,0.000000,0.000000,-0.960800,0.277242,0.065194,0.000000,0.000000,0.000000,0.000000,-0.443040,
1629329658.000000,122100065.000000,0.027640,-1.450403,0.000000,0.000000,0.000000,-0.962866,0.269979,0.066728,0.000000,0.000000,0.000000,0.000000,-0.457626,
1629329658.000000,155100065.000000,0.025838,-1.451482,0.000000,0.000000,0.000000,-0.964766,0.263111,0.063660,0.000000,0.000000,0.000000,0.000000,-0.431870,
1629329658.000000,189100065.000000,0.023954,-1.452574,0.000000,0.000000,0.000000,-0.966680,0.255988,0.064021,0.000000,0.000000,0.000000,0.000000,-0.433838,
1629329658.000000,222100065.000000,0.022033,-1.453649,0.000000,0.000000,0.000000,-0.968574,0.248725,0.066728,0.000000,0.000000,0.000000,0.000000,-0.454924,
1629329658.000000,255100065.000000,0.020185,-1.454648,0.000000,0.000000,0.000000,-0.970311,0.241861,0.063660,0.000000,0.000000,0.000000,0.000000,-0.429139,
1629329658.000000,288100065.000000,0.018300,-1.455632,0.000000,0.000000,0.000000,-0.972053,0.234763,0.064427,0.000000,0.000000,0.000000,0.000000,-0.442931,
1629329658.000000,321100065.000000,0.016379,-1.456600,0.000000,0.000000,0.000000,-0.973763,0.227566,0.065194,0.000000,0.000000,0.000000,0.000000,-0.448306,
1629329658.000000,354100065.000000,0.014466,-1.457529,0.000000,0.000000,0.000000,-0.975326,0.220768,0.064427,0.000000,0.000000,0.000000,0.000000,-0.422767,
1629329658.000000,388100065.000000,0.012541,-1.458431,0.000000,0.000000,0.000000,-0.976877,0.213802,0.062532,0.000000,0.000000,0.000000,0.000000,-0.419771,
1629329658.000000,421100065.000000,0.010603,-1.459305,0.000000,0.000000,0.000000,-0.978423,0.206613,0.064427,0.000000,0.000000,0.000000,0.000000,-0.445669,
1629329658.000000,454100065.000000,0.008699,-1.460131,0.000000,0.000000,0.000000,-0.979832,0.199821,0.062893,0.000000,0.000000,0.000000,0.000000,-0.420426,
1629329658.000000,487100065.000000,0.006760,-1.460940,0.000000,0.000000,0.000000,-0.981225,0.192866,0.063660,0.000000,0.000000,0.000000,0.000000,-0.429883,
1629329658.000000,520100065.000000,0.004763,-1.461739,0.000000,0.000000,0.000000,-0.982614,0.185661,0.065194,0.000000,0.000000,0.000000,0.000000,-0.444716,
1629329658.000000,553100065.000000,0.002849,-1.462474,0.000000,0.000000,0.000000,-0.983892,0.178761,0.062126,0.000000,0.000000,0.000000,0.000000,-0.425267,
1629329658.000000,587100065.000000,0.000829,-1.463216,0.000000,0.000000,0.000000,-0.985129,0.171819,0.063277,0.000000,0.000000,0.000000,0.000000,-0.414806,
1629329658.000000,620100065.000000,-0.001200,-1.463930,0.000000,0.000000,0.000000,-0.986362,0.164590,0.065194,0.000000,0.000000,0.000000,0.000000,-0.444448,
1629329658.000000,653100065.000000,-0.003144,-1.464582,0.000000,0.000000,0.000000,-0.987490,0.157681,0.062126,0.000000,0.000000,0.000000,0.000000,-0.424255,
1629329658.000000,686100065.000000,-0.005169,-1.465230,0.000000,0.000000,0.000000,-0.988571,0.150754,0.064427,0.000000,0.000000,0.000000,0.000000,-0.424934,
1629329658.000000,719100065.000000,-0.007251,-1.465863,0.000000,0.000000,0.000000,-0.989644,0.143546,0.065961,0.000000,0.000000,0.000000,0.000000,-0.441667,
1629329658.000000,752100065.000000,-0.009221,-1.466432,0.000000,0.000000,0.000000,-0.990637,0.136523,0.062126,0.000000,0.000000,0.000000,0.000000,-0.429833,
1629329658.000000,787100065.000000,-0.011345,-1.467012,0.000000,0.000000,0.000000,-0.991616,0.129221,0.062915,0.000000,0.000000,0.000000,0.000000,-0.421027,
1629329658.000000,820100065.000000,-0.013454,-1.467554,0.000000,0.000000,0.000000,-0.992528,0.122018,0.065961,0.000000,0.000000,0.000000,0.000000,-0.440020,
1629329658.000000,854100065.000000,-0.015471,-1.468043,0.000000,0.000000,0.000000,-0.993370,0.114962,0.061043,0.000000,0.000000,0.000000,0.000000,-0.418004,
1629329658.000000,887100065.000000,-0.017519,-1.468508,0.000000,0.000000,0.000000,-0.994148,0.108029,0.063660,0.000000,0.000000,0.000000,0.000000,-0.422788,
1629329658.000000,920100065.000000,-0.019624,-1.468955,0.000000,0.000000,0.000000,-0.994902,0.100842,0.065194,0.000000,0.000000,0.000000,0.000000,-0.437975,
1629329658.000000,953100065.000000,-0.021710,-1.469367,0.000000,0.000000,0.000000,-0.995596,0.093748,0.064427,0.000000,0.000000,0.000000,0.000000,-0.432029,
1629329658.000000,986100065.000000,-0.023776,-1.469745,0.000000,0.000000,0.000000,-0.996229,0.086766,0.063660,0.000000,0.000000,0.000000,0.000000,-0.424847,
1629329659.000000,19100065.000000,-0.025898,-1.470101,0.000000,0.000000,0.000000,-0.996829,0.079576,0.065194,0.000000,0.000000,0.000000,0.000000,-0.437281,
1629329659.000000,53100065.000000,-0.027999,-1.470424,0.000000,0.000000,0.000000,-0.997376,0.072399,0.062532,0.000000,0.000000,0.000000,0.000000,-0.423396,
1629329659.000000,86100065.000000,-0.030055,-1.470709,0.000000,0.000000,0.000000,-0.997857,0.065432,0.062893,0.000000,0.000000,0.000000,0.000000,-0.423287,
1629329659.000000,119100065.000000,-0.032190,-1.470973,0.000000,0.000000,0.000000,-0.998330,0.057761,0.065194,0.000000,0.000000,0.000000,0.000000,-0.465754,
1629329659.000000,152100065.000000,-0.034228,-1.471196,0.000000,0.000000,0.000000,-0.998691,0.051152,0.062126,0.000000,0.000000,0.000000,0.000000,-0.401150,
1629329659.000000,185100065.000000,-0.032112,-1.470994,0.000000,0.000000,0.000000,0.999021,-0.044240,0.064427,0.000000,0.000000,0.000000,0.000000,189.980133,
1629329659.000000,218100065.000000,-0.034256,-1.471169,0.000000,0.000000,0.000000,0.999312,-0.037081,0.065194,0.000000,0.000000,0.000000,0.000000,-0.434211,
1629329659.000000,251100065.000000,-0.036276,-1.471304,0.000000,0.000000,0.000000,0.999550,-0.029995,0.061359,0.000000,0.000000,0.000000,0.000000,-0.429710,
1629329659.000000,285100065.000000,-0.038374,-1.471416,0.000000,0.000000,0.000000,0.999734,-0.023046,0.061788,0.000000,0.000000,0.000000,0.000000,-0.408923,
1629329659.000000,319100065.000000,-0.040575,-1.471500,0.000000,0.000000,0.000000,0.999887,-0.015058,0.064766,0.000000,0.000000,0.000000,0.000000,-0.469951,
1629329659.000000,352100065.000000,-0.042675,-1.471549,0.000000,0.000000,0.000000,0.999965,-0.008415,0.063660,0.000000,0.000000,0.000000,0.000000,-0.402638,
1629329659.000000,385100065.000000,-0.044801,-1.471570,0.000000,0.000000,0.000000,0.999999,-0.001393,0.064427,0.000000,0.000000,0.000000,0.000000,-0.425548,
1629329659.000000,418100065.000000,-0.046952,-1.471560,0.000000,0.000000,0.000000,0.999983,0.005894,0.065194,0.000000,0.000000,0.000000,0.000000,-0.441638,
1629329659.000000,451100065.000000,-0.049078,-1.471520,0.000000,0.000000,0.000000,0.999913,0.013192,0.064427,0.000000,0.000000,0.000000,0.000000,-0.442353,
1629329659.000000,485100065.000000,-0.051178,-1.471450,0.000000,0.000000,0.000000,0.999796,0.020188,0.061788,0.000000,0.000000,0.000000,0.000000,-0.411567,
1629329659.000000,518100065.000000,-0.053377,-1.471344,0.000000,0.000000,0.000000,0.999620,0.027556,0.066728,0.000000,0.000000,0.000000,0.000000,-0.446717,
1629329659.000000,551100065.000000,-0.055550,-1.471209,0.000000,0.000000,0.000000,0.999391,0.034898,0.065961,0.000000,0.000000,0.000000,0.000000,-0.445171,
