1624838775.000000,340217885.000000,-0.350138,-4.072017,0.000000,0.000000,0.000000,-0.039997,0.999200,0.000000,0.000000,0.000000,0.000000,0.000000,-0.000097,
1624838775.000000,373217885.000000,-0.350138,-4.072017,0.000000,0.000000,0.000000,-0.039996,0.999200,0.000000,0.000000,0.000000,0.000000,0.000000,0.000020,
1624838775.000000,406217885.000000,-0.350138,-4.072017,0.000000,0.000000,0.000000,-0.039995,0.999200,0.000000,0.000000,0.000000,0.000000,0.000000,0.000069,
1624838775.000000,439217885.000000,-0.350138,-4.072017,0.000000,0.000000,0.000000,-0.039995,0.999200,0.000000,0.000000,0.000000,0.000000,0.000000,0.000013,
1624838785.000000,717888982.000000,-0.350138,-4.072017,0.000000,0.000000,0.000000,-0.040110,0.999195,0.000000,0.000000,0.000000,0.000000,0.000000,0.000290,
1624838785.000000,750888982.000000,-0.350138,-4.072017,0.000000,0.000000,0.000000,-0.040110,0.999195,0.000000,0.000000,0.000000,0.000000,0.000000,0.000004,
1624838785.000000,783888982.000000,-0.350138,-4.072017,0.000000,0.000000,0.000000,-0.040114,0.999195,0.000000,0.000000,0.000000,0.000000,0.000000,-0.000251,
1624838785.000000,816888982.000000,-0.350138,-4.072017,0.000000,0.000000,0.000000,-0.040113,0.999195,0.000000,0.000000,0.000000,0.000000,0.000000,0.000109,
1624838785.000000,857356107.000000,-0.350138,-4.072017,0.000000,0.000000,0.000000,-0.040119,0.999195,0.000000,0.000000,0.000000,0.000000,0.000000,-0.000361,
1624838785.000000,891356107.000000,-0.350138,-4.072017,0.000000,0.000000,0.000000,-0.040112,0.999195,0.000000,0.000000,0.000000,0.000000,0.000000,0.000412,
1624838785.000000,924356107.000000,-0.350138,-4.072017,0.000000,0.000000,0.000000,-0.040116,0.999195,0.000000,0.000000,0.000000,0.000000,0.000000,-0.000276,
1624838785.000000,957356107.000000,-0.350138,-4.072017,0.000000,0.000000,0.000000,-0.040119,0.999195,0.000000,0.000000,0.000000,0.000000,0.000000,-0.000189,
1624838785.000000,990356107.000000,-0.350138,-4.072017,0.000000,0.000000,0.000000,-0.040117,0.999195,0.000000,0.000000,0.000000,0.000000,0.000000,0.000147,
1624838786.000000,24356107.000000,-0.350138,-4.072017,0.000000,0.000000,0.000000,-0.040116,0.999195,0.000000,0.000000,0.000000,0.000000,0.000000,0.000031,
1624838786.000000,57356107.000000,-0.350138,-4.072017,0.000000,0.000000,0.000000,-0.040119,0.999195,0.000000,0.000000,0.000000,0.000000,0.000000,-0.000183,
1624838786.000000,90356107.000000,-0.350138,-4.072017,0.000000,0.000000,0.000000,-0.040119,0.999195,0.000000,0.000000,0.000000,0.000000,0.000000,0.000047,
1624838786.000000,123356107.000000,-0.350138,-4.072017,0.000000,0.000000,0.000000,-0.040117,0.999195,0.000000,0.000000,0.000000,0.000000,0.000000,0.000075,
1624838786.000000,156356107.000000,-0.349381,-4.072079,0.000000,0.000000,0.000000,-0.040860,0.999165,0.023010,0.000000,0.000000,0.000000,0.000000,-0.045043,
1624838786.000000,189356107.000000,-0.347666,-4.072227,0.000000,0.000000,0.000000,-0.045622,0.998959,0.052155,0.000000,0.000000,0.000000,0.000000,-0.288907,
1624838786.000000,223356107.000000,-0.345500,-4.072441,0.000000,0.000000,0.000000,-0.052647,0.998613,0.064021,0.000000,0.000000,0.000000,0.000000,-0.413709,
1624838786.000000,256356107.000000,-0.343438,-4.072674,0.000000,0.000000,0.000000,-0.059881,0.998206,0.062893,0.000000,0.000000,0.000000,0.000000,-0.439130,
1624838786.000000,289356107.000000,-0.341354,-4.072940,0.000000,0.000000,0.000000,-0.067009,0.997752,0.063660,0.000000,0.000000,0.000000,0.000000,-0.432854,
1624838786.000000,322356107.000000,-0.339149,-4.073255,0.000000,0.000000,0.000000,-0.074456,0.997224,0.067495,0.000000,0.000000,0.000000,0.000000,-0.452474,
1624838786.000000,356356107.000000,-0.337049,-4.073586,0.000000,0.000000,0.000000,-0.081906,0.996640,0.062532,0.000000,0.000000,0.000000,0.000000,-0.439609,
1624838786.000000,389356107.000000,-0.335004,-4.073939,0.000000,0.000000,0.000000,-0.089002,0.996031,0.062893,0.000000,0.000000,0.000000,0.000000,-0.431642,
1624838786.000000,422356107.000000,-0.332864,-4.074341,0.000000,0.000000,0.000000,-0.096408,0.995342,0.065961,0.000000,0.000000,0.000000,0.000000,-0.450756,
1624838786.000000,455356107.000000,-0.330781,-4.074765,0.000000,0.000000,0.000000,-0.103767,0.994602,0.064427,0.000000,0.000000,0.000000,0.000000,-0.448266,
1624838786.000000,488356107.000000,-0.328753,-4.075208,0.000000,0.000000,0.000000,-0.110808,0.993842,0.062893,0.000000,0.000000,0.000000,0.000000,-0.429190,
1624838786.000000,521356107.000000,-0.326683,-4.075691,0.000000,0.000000,0.000000,-0.117985,0.993015,0.064427,0.000000,0.000000,0.000000,0.000000,-0.437840,
1624838786.000000,554356107.000000,-0.324644,-4.076198,0.000000,0.000000,0.000000,-0.125294,0.992120,0.063660,0.000000,0.000000,0.000000,0.000000,-0.446280,
1624838786.000000,587356107.000000,-0.322613,-4.076735,0.000000,0.000000,0.000000,-0.132215,0.991221,0.063660,0.000000,0.000000,0.000000,0.000000,-0.423002,
1624838786.000000,621356107.000000,-0.320517,-4.077320,0.000000,0.000000,0.000000,-0.139396,0.990237,0.064021,0.000000,0.000000,0.000000,0.000000,-0.426335,
1624838786.000000,654356107.000000,-0.318526,-4.077908,0.000000,0.000000,0.000000,-0.146775,0.989170,0.062893,0.000000,0.000000,0.000000,0.000000,-0.451875,
1624838786.000000,687356107.000000,-0.316520,-4.078532,0.000000,0.000000,0.000000,-0.153763,0.988108,0.063660,0.000000,0.000000,0.000000,0.000000,-0.428383,
1624838786.000000,720356107.000000,-0.314451,-4.079209,0.000000,0.000000,0.000000,-0.160912,0.986969,0.065961,0.000000,0.000000,0.000000,0.000000,-0.438734,
1624838786.000000,753356107.000000,-0.312488,-4.079883,0.000000,0.000000,0.000000,-0.168185,0.985755,0.062893,0.000000,0.000000,0.000000,0.000000,-0.446882,
1624838786.000000,786356107.000000,-0.310535,-4.080585,0.000000,0.000000,0.000000,-0.175075,0.984555,0.062893,0.000000,0.000000,0.000000,0.000000,-0.423859,
1624838786.000000,820356107.000000,-0.308521,-4.081341,0.000000,0.000000,0.000000,-0.182167,0.983268,0.063277,0.000000,0.000000,0.000000,0.000000,-0.423984,
1624838786.000000,854356107.000000,-0.306518,-4.082127,0.000000,0.000000,0.000000,-0.189583,0.981865,0.063277,0.000000,0.000000,0.000000,0.000000,-0.444006,
1624838786.000000,887356107.000000,-0.304550,-4.082932,0.000000,0.000000,0.000000,-0.196439,0.980516,0.064427,0.000000,0.000000,0.000000,0.000000,-0.423493,
1624838786.000000,920356107.000000,-0.302618,-4.083755,0.000000,0.000000,0.000000,-0.203485,0.979078,0.063660,0.000000,0.000000,0.000000,0.000000,-0.435792,
1624838786.000000,953356107.000000,-0.300697,-4.084606,0.000000,0.000000,0.000000,-0.210656,0.977560,0.063660,0.000000,0.000000,0.000000,0.000000,-0.444230,
1624838786.000000,987356107.000000,-0.298766,-4.085495,0.000000,0.000000,0.000000,-0.217484,0.976064,0.062532,0.000000,0.000000,0.000000,0.000000,-0.411178,
1624838787.000000,20356107.000000,-0.296847,-4.086412,0.000000,0.000000,0.000000,-0.224483,0.974478,0.064427,0.000000,0.000000,0.000000,0.000000,-0.434942,
1624838787.000000,54356107.000000,-0.294875,-4.087390,0.000000,0.000000,0.000000,-0.231890,0.972742,0.064766,0.000000,0.000000,0.000000,0.000000,-0.447538,
1624838787.000000,87356107.000000,-0.292984,-4.088363,0.000000,0.000000,0.000000,-0.238744,0.971083,0.064427,0.000000,0.000000,0.000000,0.000000,-0.427395,
1624838787.000000,120356107.000000,-0.291107,-4.089363,0.000000,0.000000,0.000000,-0.245764,0.969330,0.064427,0.000000,0.000000,0.000000,0.000000,-0.438547,
1624838787.000000,154356107.000000,-0.289268,-4.090377,0.000000,0.000000,0.000000,-0.252904,0.967491,0.061788,0.000000,0.000000,0.000000,0.000000,-0.433683,
1624838787.000000,187356107.000000,-0.287421,-4.091431,0.000000,0.000000,0.000000,-0.259667,0.965698,0.064427,0.000000,0.000000,0.000000,0.000000,-0.424055,
1624838787.000000,220356107.000000,-0.285589,-4.092510,0.000000,0.000000,0.000000,-0.266552,0.963821,0.064427,0.000000,0.000000,0.000000,0.000000,-0.432491,
1624838787.000000,253356107.000000,-0.283795,-4.093603,0.000000,0.000000,0.000000,-0.273651,0.961829,0.063660,0.000000,0.000000,0.000000,0.000000,-0.446818,
1624838787.000000,286356107.000000,-0.282017,-4.094721,0.000000,0.000000,0.000000,-0.280295,0.959914,0.063660,0.000000,0.000000,0.000000,0.000000,-0.419078,
1624838787.000000,319356107.000000,-0.280254,-4.095864,0.000000,0.000000,0.000000,-0.287133,0.957891,0.063660,0.000000,0.000000,0.000000,0.000000,-0.432197,
1624838787.000000,353356107.000000,-0.278529,-4.097019,0.000000,0.000000,0.000000,-0.294128,0.955766,0.061043,0.000000,0.000000,0.000000,0.000000,-0.430023,
1624838787.000000,386356107.000000,-0.276800,-4.098212,0.000000,0.000000,0.000000,-0.300797,0.953688,0.063660,0.000000,0.000000,0.000000,0.000000,-0.423336,
1624838787.000000,419356107.000000,-0.275068,-4.099444,0.000000,0.000000,0.000000,-0.307606,0.951514,0.064427,0.000000,0.000000,0.000000,0.000000,-0.433252,
1624838787.000000,452356107.000000,-0.273373,-4.100686,0.000000,0.000000,0.000000,-0.314618,0.949218,0.063660,0.000000,0.000000,0.000000,0.000000,-0.447127,
1624838787.000000,485356107.000000,-0.271718,-4.101937,0.000000,0.000000,0.000000,-0.321334,0.946966,0.062893,0.000000,0.000000,0.000000,0.000000,-0.429309,
1624838787.000000,518356107.000000,-0.270000,-4.103274,0.000000,0.000000,0.000000,-0.328154,0.944624,0.065961,0.000000,0.000000,0.000000,0.000000,-0.437056,
1624838787.000000,551356107.000000,-0.268342,-4.104605,0.000000,0.000000,0.000000,-0.335217,0.942141,0.064427,0.000000,0.000000,0.000000,0.000000,-0.453725,
1624838787.000000,585356107.000000,-0.266703,-4.105959,0.000000,0.000000,0.000000,-0.342027,0.939690,0.062532,0.000000,0.000000,0.000000,0.000000,-0.425761,
1624838787.000000,618356107.000000,-0.265085,-4.107338,0.000000,0.000000,0.000000,-0.348810,0.937194,0.064427,0.000000,0.000000,0.000000,0.000000,-0.438002,
1624838787.000000,651356107.000000,-0.263448,-4.108773,0.000000,0.000000,0.000000,-0.355843,0.934546,0.065961,0.000000,0.000000,0.000000,0.000000,-0.455493,
1624838787.000000,684356107.000000,-0.261871,-4.110199,0.000000,0.000000,0.000000,-0.362589,0.931949,0.064427,0.000000,0.000000,0.000000,0.000000,-0.438076,
1624838787.000000,717356107.000000,-0.260296,-4.111664,0.000000,0.000000,0.000000,-0.369322,0.929301,0.065194,0.000000,0.000000,0.000000,0.000000,-0.438506,
1624838787.000000,750356107.000000,-0.258724,-4.113170,0.000000,0.000000,0.000000,-0.376318,0.926491,0.065961,0.000000,0.000000,0.000000,0.000000,-0.456886,
1624838787.000000,783356107.000000,-0.257211,-4.114664,0.000000,0.000000,0.000000,-0.383143,0.923689,0.064427,0.000000,0.000000,0.000000,0.000000,-0.447161,
1624838787.000000,817356107.000000,-0.255702,-4.116198,0.000000,0.000000,0.000000,-0.389763,0.920915,0.063277,0.000000,0.000000,0.000000,0.000000,-0.422245,
1624838787.000000,850356107.000000,-0.254199,-4.117772,0.000000,0.000000,0.000000,-0.396726,0.917937,0.065961,0.000000,0.000000,0.000000,0.000000,-0.458976,
1624838787.000000,883356107.000000,-0.252736,-4.119349,0.000000,0.000000,0.000000,-0.403543,0.914961,0.065194,0.000000,0.000000,0.000000,0.000000,-0.450801,
1624838787.000000,916356107.000000,-0.251314,-4.120930,0.000000,0.000000,0.000000,-0.410214,0.911989,0.064427,0.000000,0.000000,0.000000,0.000000,-0.442579,
1624838787.000000,949356107.000000,-0.249849,-4.122607,0.000000,0.000000,0.000000,-0.417089,0.908866,0.067495,0.000000,0.000000,0.000000,0.000000,-0.457673,
1624838787.000000,982356107.000000,-0.248475,-4.124229,0.000000,0.000000,0.000000,-0.423790,0.905761,0.064427,0.000000,0.000000,0.000000,0.000000,-0.447582,
1624838788.000000,16356107.000000,-0.247156,-4.125833,0.000000,0.000000,0.000000,-0.430320,0.902677,0.061043,0.000000,0.000000,0.000000,0.000000,-0.424802,
1624838788.000000,49356107.000000,-0.245798,-4.127534,0.000000,0.000000,0.000000,-0.437007,0.899458,0.065961,0.000000,0.000000,0.000000,0.000000,-0.449816,
1624838788.000000,82356107.000000,-0.244482,-4.129236,0.000000,0.000000,0.000000,-0.444135,0.895960,0.065194,0.000000,0.000000,0.000000,0.000000,-0.481167,
1624838788.000000,116356107.000000,-0.243236,-4.130896,0.000000,0.000000,0.000000,-0.449959,0.893049,0.061043,0.000000,0.000000,0.000000,0.000000,-0.383030,
1624838788.000000,149356107.000000,-0.241969,-4.132634,0.000000,0.000000,0.000000,-0.456475,0.889736,0.065194,0.000000,0.000000,0.000000,0.000000,-0.443025,
1624838788.000000,182356107.000000,-0.240698,-4.134432,0.000000,0.000000,0.000000,-0.463154,0.886278,0.066728,0.000000,0.000000,0.000000,0.000000,-0.455824,
1624838788.000000,215356107.000000,-0.239525,-4.136145,0.000000,0.000000,0.000000,-0.469497,0.882934,0.062893,0.000000,0.000000,0.000000,0.000000,-0.434574,
1624838788.000000,247356107.000000,-0.238336,-4.137938,0.000000,0.000000,0.000000,-0.476363,0.879249,0.067232,0.000000,0.000000,0.000000,0.000000,-0.487011,
1624838788.000000,281356107.000000,-0.237214,-4.139684,0.000000,0.000000,0.000000,-0.482290,0.876012,0.061043,0.000000,0.000000,0.000000,0.000000,-0.397260,
1624838788.000000,314356107.000000,-0.236103,-4.141467,0.000000,0.000000,0.000000,-0.488375,0.872634,0.063660,0.000000,0.000000,0.000000,0.000000,-0.421824,
1624838788.000000,345323921.000000,-0.234991,-4.143309,0.000000,0.000000,0.000000,-0.494725,0.869049,0.065194,0.000000,0.000000,0.000000,0.000000,-0.441923,
1624838788.000000,378323921.000000,-0.233932,-4.145123,0.000000,0.000000,0.000000,-0.501083,0.865399,0.063660,0.000000,0.000000,0.000000,0.000000,-0.444318,
1624838788.000000,411323921.000000,-0.232913,-4.146931,0.000000,0.000000,0.000000,-0.507613,0.861585,0.062893,0.000000,0.000000,0.000000,0.000000,-0.458338,
1624838788.000000,445323921.000000,-0.231870,-4.148842,0.000000,0.000000,0.000000,-0.513419,0.858138,0.064021,0.000000,0.000000,0.000000,0.000000,-0.397184,
1624838788.000000,478323921.000000,-0.230891,-4.150700,0.000000,0.000000,0.000000,-0.519704,0.854347,0.063660,0.000000,0.000000,0.000000,0.000000,-0.444817,
1624838788.000000,511323921.000000,-0.229949,-4.152550,0.000000,0.000000,0.000000,-0.525622,0.850718,0.062893,0.000000,0.000000,0.000000,0.000000,-0.420715,
1624838788.000000,544323921.000000,-0.229012,-4.154458,0.000000,0.000000,0.000000,-0.531732,0.846913,0.064427,0.000000,0.000000,0.000000,0.000000,-0.436263,
1624838788.000000,577323921.000000,-0.228102,-4.156380,0.000000,0.000000,0.000000,-0.537964,0.842968,0.064427,0.000000,0.000000,0.000000,0.000000,-0.447028,
1624838788.000000,610323921.000000,-0.227242,-4.158268,0.000000,0.000000,0.000000,-0.544224,0.838940,0.062893,0.000000,0.000000,0.000000,0.000000,-0.451146,
1624838788.000000,644323921.000000,-0.226378,-4.160239,0.000000,0.000000,0.000000,-0.549845,0.835267,0.063277,0.000000,0.000000,0.000000,0.000000,-0.394965,
1624838788.000000,677323921.000000,-0.225552,-4.162198,0.000000,0.000000,0.000000,-0.555997,0.831185,0.064427,0.000000,0.000000,0.000000,0.000000,-0.447454,
1624838788.000000,710323921.000000,-0.224754,-4.164168,0.000000,0.000000,0.000000,-0.561811,0.827266,0.064427,0.000000,0.000000,0.000000,0.000000,-0.424949,
1624838788.000000,744323921.000000,-0.223957,-4.166221,0.000000,0.000000,0.000000,-0.567893,0.823102,0.064766,0.000000,0.000000,0.000000,0.000000,-0.433561,
1624838788.000000,777323921.000000,-0.223226,-4.168190,0.000000,0.000000,0.000000,-0.573931,0.818904,0.063660,0.000000,0.000000,0.000000,0.000000,-0.445702,
1624838788.000000,810323921.000000,-0.222531,-4.170146,0.000000,0.000000,0.000000,-0.579539,0.814945,0.062893,0.000000,0.000000,0.000000,0.000000,-0.416048,
1624838788.000000,843323921.000000,-0.221840,-4.172183,0.000000,0.000000,0.000000,-0.585410,0.810738,0.065194,0.000000,0.000000,0.000000,0.000000,-0.437744,
1624838788.000000,876323921.000000,-0.221194,-4.174182,0.000000,0.000000,0.000000,-0.591442,0.806347,0.063660,0.000000,0.000000,0.000000,0.000000,-0.452204,
1624838788.000000,910323921.000000,-0.220577,-4.176190,0.000000,0.000000,0.000000,-0.597008,0.802235,0.061788,0.000000,0.000000,0.000000,0.000000,-0.407051,
1624838788.000000,943323921.000000,-0.219988,-4.178206,0.000000,0.000000,0.000000,-0.602705,0.797964,0.063660,0.000000,0.000000,0.000000,0.000000,-0.431502,
1624838788.000000,977323921.000000,-0.219403,-4.180329,0.000000,0.000000,0.000000,-0.609194,0.793021,0.064766,0.000000,0.000000,0.000000,0.000000,-0.479870,
1624838789.000000,11323921.000000,-0.218880,-4.182338,0.000000,0.000000,0.000000,-0.614182,0.789165,0.061043,0.000000,0.000000,0.000000,0.000000,-0.370857,
1624838789.000000,44323921.000000,-0.218379,-4.184378,0.000000,0.000000,0.000000,-0.619869,0.784705,0.063660,0.000000,0.000000,0.000000,0.000000,-0.438000,
1624838789.000000,77323921.000000,-0.217897,-4.186474,0.000000,0.000000,0.000000,-0.625720,0.780048,0.065194,0.000000,0.000000,0.000000,0.000000,-0.453248,
1624838789.000000,110323921.000000,-0.217461,-4.188503,0.000000,0.000000,0.000000,-0.631198,0.775622,0.062893,0.000000,0.000000,0.000000,0.000000,-0.426845,
1624838789.000000,143323921.000000,-0.217034,-4.190638,0.000000,0.000000,0.000000,-0.636805,0.771025,0.065961,0.000000,0.000000,0.000000,0.000000,-0.439398,
1624838789.000000,176323921.000000,-0.216648,-4.192729,0.000000,0.000000,0.000000,-0.642600,0.766201,0.064427,0.000000,0.000000,0.000000,0.000000,-0.456983,
1624838789.000000,209323921.000000,-0.216293,-4.194825,0.000000,0.000000,0.000000,-0.648048,0.761600,0.064427,0.000000,0.000000,0.000000,0.000000,-0.432181,
1624838789.000000,243323921.000000,-0.215968,-4.196926,0.000000,0.000000,0.000000,-0.653630,0.756814,0.062532,0.000000,0.000000,0.000000,0.000000,-0.432526,
1624838789.000000,276323921.000000,-0.215667,-4.199081,0.000000,0.000000,0.000000,-0.659299,0.751881,0.065961,0.000000,0.000000,0.000000,0.000000,-0.455459,
1624838789.000000,309323921.000000,-0.215403,-4.201217,0.000000,0.000000,0.000000,-0.665175,0.746688,0.065194,0.000000,0.000000,0.000000,0.000000,-0.475251,
1624838789.000000,343323921.000000,-0.215167,-4.203381,0.000000,0.000000,0.000000,-0.670270,0.742117,0.064021,0.000000,0.000000,0.000000,0.000000,-0.402640,
1624838789.000000,376323921.000000,-0.214963,-4.205548,0.000000,0.000000,0.000000,-0.675872,0.737019,0.065961,0.000000,0.000000,0.000000,0.000000,-0.459010,
1624838789.000000,409323921.000000,-0.214796,-4.207642,0.000000,0.000000,0.000000,-0.681182,0.732114,0.063660,0.000000,0.000000,0.000000,0.000000,-0.438177,
1624838789.000000,443323921.000000,-0.214653,-4.209890,0.000000,0.000000,0.000000,-0.687169,0.726497,0.066254,0.000000,0.000000,0.000000,0.000000,-0.482892,
1624838789.000000,476323921.000000,-0.214545,-4.212115,0.000000,0.000000,0.000000,-0.692280,0.721629,0.067495,0.000000,0.000000,0.000000,0.000000,-0.427777,
1624838789.000000,510323921.000000,-0.214473,-4.214190,0.000000,0.000000,0.000000,-0.697495,0.716589,0.061043,0.000000,0.000000,0.000000,0.000000,-0.426594,
1624838789.000000,543323921.000000,-0.214431,-4.216341,0.000000,0.000000,0.000000,-0.702770,0.711417,0.065194,0.000000,0.000000,0.000000,0.000000,-0.447703,
1624838789.000000,576323921.000000,-0.214421,-4.218568,0.000000,0.000000,0.000000,-0.708177,0.706035,0.067495,0.000000,0.000000,0.000000,0.000000,-0.462420,
1624838789.000000,609323921.000000,-0.214442,-4.220643,0.000000,0.000000,0.000000,-0.713222,0.700939,0.062893,0.000000,0.000000,0.000000,0.000000,-0.434583,
1624838789.000000,642323921.000000,-0.214495,-4.222794,0.000000,0.000000,0.000000,-0.718318,0.695715,0.065194,0.000000,0.000000,0.000000,0.000000,-0.442324,
1624838789.000000,675323921.000000,-0.214580,-4.224943,0.000000,0.000000,0.000000,-0.723560,0.690262,0.065194,0.000000,0.000000,0.000000,0.000000,-0.458385,
1624838789.000000,709323921.000000,-0.214694,-4.227041,0.000000,0.000000,0.000000,-0.728441,0.685109,0.061788,0.000000,0.000000,0.000000,0.000000,-0.417520,
1624838789.000000,742323921.000000,-0.214840,-4.229162,0.000000,0.000000,0.000000,-0.733338,0.679864,0.064427,0.000000,0.000000,0.000000,0.000000,-0.434868,
1624838789.000000,775323921.000000,-0.215016,-4.231280,0.000000,0.000000,0.000000,-0.738377,0.674389,0.064427,0.000000,0.000000,0.000000,0.000000,-0.450994,
1624838789.000000,809323921.000000,-0.215224,-4.233396,0.000000,0.000000,0.000000,-0.743266,0.668996,0.062532,0.000000,0.000000,0.000000,0.000000,-0.428151,
1624838789.000000,842323921.000000,-0.215462,-4.235509,0.000000,0.000000,0.000000,-0.748040,0.663654,0.064427,0.000000,0.000000,0.000000,0.000000,-0.434258,
1624838789.000000,875323921.000000,-0.215727,-4.237593,0.000000,0.000000,0.000000,-0.752918,0.658114,0.063660,0.000000,0.000000,0.000000,0.000000,-0.447374,
1624838789.000000,908323921.000000,-0.216020,-4.239647,0.000000,0.000000,0.000000,-0.757590,0.652730,0.062893,0.000000,0.000000,0.000000,0.000000,-0.432004,
1624838789.000000,942323921.000000,-0.216357,-4.241798,0.000000,0.000000,0.000000,-0.762225,0.647312,0.064021,0.000000,0.000000,0.000000,0.000000,-0.419410,
1624838789.000000,975323921.000000,-0.216708,-4.243844,0.000000,0.000000,0.000000,-0.766912,0.641753,0.062893,0.000000,0.000000,0.000000,0.000000,-0.440670,
1624838790.000000,8323921.000000,-0.217088,-4.245884,0.000000,0.000000,0.000000,-0.771457,0.636281,0.062893,0.000000,0.000000,0.000000,0.000000,-0.431122,
1624838790.000000,41323921.000000,-0.217513,-4.247993,0.000000,0.000000,0.000000,-0.775942,0.630804,0.065194,0.000000,0.000000,0.000000,0.000000,-0.429023,
1624838790.000000,74323921.000000,-0.217962,-4.250071,0.000000,0.000000,0.000000,-0.780519,0.625132,0.064427,0.000000,0.000000,0.000000,0.000000,-0.441710,
1624838790.000000,107323921.000000,-0.218435,-4.252118,0.000000,0.000000,0.000000,-0.784944,0.619567,0.063660,0.000000,0.000000,0.000000,0.000000,-0.430905,
1624838790.000000,141323921.000000,-0.218932,-4.254133,0.000000,0.000000,0.000000,-0.789270,0.614047,0.061043,0.000000,0.000000,0.000000,0.000000,-0.412555,
1624838790.000000,174323921.000000,-0.219470,-4.256190,0.000000,0.000000,0.000000,-0.793758,0.608234,0.064427,0.000000,0.000000,0.000000,0.000000,-0.445066,
1624838790.000000,207323921.000000,-0.220037,-4.258239,0.000000,0.000000,0.000000,-0.798076,0.602557,0.064427,0.000000,0.000000,0.000000,0.000000,-0.432296,
1624838790.000000,240323921.000000,-0.220626,-4.260255,0.000000,0.000000,0.000000,-0.802222,0.597026,0.063660,0.000000,0.000000,0.000000,0.000000,-0.418966,
1624838790.000000,273323921.000000,-0.221259,-4.262311,0.000000,0.000000,0.000000,-0.806588,0.591114,0.065194,0.000000,0.000000,0.000000,0.000000,-0.445359,
1624838790.000000,307323921.000000,-0.221922,-4.264358,0.000000,0.000000,0.000000,-0.810885,0.585205,0.063277,0.000000,0.000000,0.000000,0.000000,-0.429830,
1624838790.000000,340323921.000000,-0.222590,-4.266323,0.000000,0.000000,0.000000,-0.814912,0.579585,0.062893,0.000000,0.000000,0.000000,0.000000,-0.419017,
1624838790.000000,375323921.000000,-0.223354,-4.268469,0.000000,0.000000,0.000000,-0.819363,0.573276,0.065085,0.000000,0.000000,0.000000,0.000000,-0.441194,
1624838790.000000,408323921.000000,-0.224097,-4.270461,0.000000,0.000000,0.000000,-0.823463,0.567370,0.064427,0.000000,0.000000,0.000000,0.000000,-0.435753,
1624838790.000000,441323921.000000,-0.224849,-4.272395,0.000000,0.000000,0.000000,-0.827359,0.561673,0.062893,0.000000,0.000000,0.000000,0.000000,-0.418276,
1624838790.000000,474323921.000000,-0.225658,-4.274389,0.000000,0.000000,0.000000,-0.831480,0.555554,0.065194,0.000000,0.000000,0.000000,0.000000,-0.447089,
1624838790.000000,507323921.000000,-0.226456,-4.276277,0.000000,0.000000,0.000000,-0.835475,0.549529,0.062126,0.000000,0.000000,0.000000,0.000000,-0.438138,
1624838790.000000,541323921.000000,-0.227312,-4.278224,0.000000,0.000000,0.000000,-0.839220,0.543791,0.062532,0.000000,0.000000,0.000000,0.000000,-0.403057,
1624838790.000000,574323921.000000,-0.228205,-4.280180,0.000000,0.000000,0.000000,-0.843182,0.537628,0.065194,0.000000,0.000000,0.000000,0.000000,-0.444044,
1624838790.000000,607323921.000000,-0.229094,-4.282056,0.000000,0.000000,0.000000,-0.847051,0.531511,0.062893,0.000000,0.000000,0.000000,0.000000,-0.438690,
1624838790.000000,640323921.000000,-0.230010,-4.283918,0.000000,0.000000,0.000000,-0.850672,0.525697,0.062893,0.000000,0.000000,0.000000,0.000000,-0.415108,
1624838790.000000,673323921.000000,-0.230975,-4.285813,0.000000,0.000000,0.000000,-0.854528,0.519406,0.064427,0.000000,0.000000,0.000000,0.000000,-0.447187,
1624838790.000000,707323921.000000,-0.231980,-4.287715,0.000000,0.000000,0.000000,-0.858333,0.513093,0.063277,0.000000,0.000000,0.000000,0.000000,-0.433578,
1624838790.000000,740323921.000000,-0.232987,-4.289559,0.000000,0.000000,0.000000,-0.861888,0.507098,0.063660,0.000000,0.000000,0.000000,0.000000,-0.422420,
1624838790.000000,773323921.000000,-0.234046,-4.291432,0.000000,0.000000,0.000000,-0.865616,0.500709,0.065194,0.000000,0.000000,0.000000,0.000000,-0.448328,
1624838790.000000,806323921.000000,-0.235120,-4.293267,0.000000,0.000000,0.000000,-0.869295,0.494294,0.064427,0.000000,0.000000,0.000000,0.000000,-0.448176,
1624838790.000000,837181108.000000,-0.236207,-4.295064,0.000000,0.000000,0.000000,-0.872775,0.488123,0.063660,0.000000,0.000000,0.000000,0.000000,-0.429385,
1624838790.000000,871181108.000000,-0.237373,-4.296932,0.000000,0.000000,0.000000,-0.876397,0.481590,0.064766,0.000000,0.000000,0.000000,0.000000,-0.439363,
1624838790.000000,904181108.000000,-0.238540,-4.298739,0.000000,0.000000,0.000000,-0.879986,0.475000,0.065194,0.000000,0.000000,0.000000,0.000000,-0.454823,
1624838790.000000,937181108.000000,-0.239720,-4.300508,0.000000,0.000000,0.000000,-0.883353,0.468709,0.064427,0.000000,0.000000,0.000000,0.000000,-0.432426,
1624838790.000000,970181108.000000,-0.240968,-4.302323,0.000000,0.000000,0.000000,-0.886810,0.462133,0.066728,0.000000,0.000000,0.000000,0.000000,-0.450264,
1624838791.000000,3181108.000000,-0.242199,-4.304056,0.000000,0.000000,0.000000,-0.890284,0.455405,0.064427,0.000000,0.000000,0.000000,0.000000,-0.458920,
1624838791.000000,37181108.000000,-0.243455,-4.305771,0.000000,0.000000,0.000000,-0.893512,0.449040,0.062532,0.000000,0.000000,0.000000,0.000000,-0.419792,
1624838791.000000,71181108.000000,-0.244829,-4.307589,0.000000,0.000000,0.000000,-0.896935,0.442163,0.066999,0.000000,0.000000,0.000000,0.000000,-0.451859,
1624838791.000000,104181108.000000,-0.246136,-4.309265,0.000000,0.000000,0.000000,-0.900260,0.435353,0.064427,0.000000,0.000000,0.000000,0.000000,-0.459288,
1624838791.000000,137181108.000000,-0.247468,-4.310922,0.000000,0.000000,0.000000,-0.903371,0.428860,0.064427,0.000000,0.000000,0.000000,0.000000,-0.436400,
1624838791.000000,170181108.000000,-0.248873,-4.312618,0.000000,0.000000,0.000000,-0.906539,0.422123,0.066728,0.000000,0.000000,0.000000,0.000000,-0.451167,
1624838791.000000,203181108.000000,-0.250270,-4.314254,0.000000,0.000000,0.000000,-0.909682,0.415305,0.065194,0.000000,0.000000,0.000000,0.000000,-0.455047,
1624838791.000000,237181108.000000,-0.251641,-4.315812,0.000000,0.000000,0.000000,-0.912601,0.408851,0.061043,0.000000,0.000000,0.000000,0.000000,-0.416629,
1624838791.000000,270181108.000000,-0.253119,-4.317444,0.000000,0.000000,0.000000,-0.915610,0.402068,0.066728,0.000000,0.000000,0.000000,0.000000,-0.449744,
1624838791.000000,303181108.000000,-0.254569,-4.318999,0.000000,0.000000,0.000000,-0.918611,0.395162,0.064427,0.000000,0.000000,0.000000,0.000000,-0.456348,
1624838791.000000,336181108.000000,-0.256007,-4.320496,0.000000,0.000000,0.000000,-0.921349,0.388736,0.062893,0.000000,0.000000,0.000000,0.000000,-0.423374,
1624838791.000000,369181108.000000,-0.257501,-4.322008,0.000000,0.000000,0.000000,-0.924115,0.382115,0.064427,0.000000,0.000000,0.000000,0.000000,-0.434861,
1624838791.000000,402181108.000000,-0.259000,-4.323480,0.000000,0.000000,0.000000,-0.926919,0.375262,0.063660,0.000000,0.000000,0.000000,0.000000,-0.448769,
1624838791.000000,435181108.000000,-0.260519,-4.324931,0.000000,0.000000,0.000000,-0.929531,0.368744,0.063660,0.000000,0.000000,0.000000,0.000000,-0.425548,
1624838791.000000,468181108.000000,-0.262096,-4.326395,0.000000,0.000000,0.000000,-0.932174,0.362011,0.065194,0.000000,0.000000,0.000000,0.000000,-0.438358,
1624838791.000000,501181108.000000,-0.263638,-4.327784,0.000000,0.000000,0.000000,-0.934808,0.355154,0.062893,0.000000,0.000000,0.000000,0.000000,-0.445221,
1624838791.000000,534181108.000000,-0.265218,-4.329168,0.000000,0.000000,0.000000,-0.937281,0.348574,0.063660,0.000000,0.000000,0.000000,0.000000,-0.426018,
1624838791.000000,568181108.000000,-0.266838,-4.330545,0.000000,0.000000,0.000000,-0.939769,0.341811,0.062532,0.000000,0.000000,0.000000,0.000000,-0.423894,
1624838791.000000,601181108.000000,-0.268477,-4.331899,0.000000,0.000000,0.000000,-0.942240,0.334939,0.064427,0.000000,0.000000,0.000000,0.000000,-0.442592,
1624838791.000000,635181108.000000,-0.270117,-4.333212,0.000000,0.000000,0.000000,-0.944814,0.327606,0.061788,0.000000,0.000000,0.000000,0.000000,-0.457133,
1624838791.000000,668181108.000000,-0.271835,-4.334548,0.000000,0.000000,0.000000,-0.946990,0.321264,0.065961,0.000000,0.000000,0.000000,0.000000,-0.406337,
1624838791.000000,701181108.000000,-0.273512,-4.335814,0.000000,0.000000,0.000000,-0.949330,0.314280,0.063660,0.000000,0.000000,0.000000,0.000000,-0.446428,
1624838791.000000,735181108.000000,-0.275206,-4.337056,0.000000,0.000000,0.000000,-0.951505,0.307633,0.061788,0.000000,0.000000,0.000000,0.000000,-0.411412,
1624838791.000000,768181108.000000,-0.276939,-4.338288,0.000000,0.000000,0.000000,-0.953682,0.300815,0.064427,0.000000,0.000000,0.000000,0.000000,-0.433734,
1624838791.000000,801181108.000000,-0.278668,-4.339481,0.000000,0.000000,0.000000,-0.955867,0.293800,0.063660,0.000000,0.000000,0.000000,0.000000,-0.445330,
1624838791.000000,834181108.000000,-0.280414,-4.340649,0.000000,0.000000,0.000000,-0.957896,0.287115,0.063660,0.000000,0.000000,0.000000,0.000000,-0.423374,
1624838791.000000,867181108.000000,-0.282241,-4.341833,0.000000,0.000000,0.000000,-0.959936,0.280220,0.065961,0.000000,0.000000,0.000000,0.000000,-0.435793,
1624838791.000000,901181108.000000,-0.284020,-4.342950,0.000000,0.000000,0.000000,-0.961973,0.273143,0.061788,0.000000,0.000000,0.000000,0.000000,-0.433228,
1624838791.000000,934181108.000000,-0.285837,-4.344054,0.000000,0.000000,0.000000,-0.963874,0.266359,0.064427,0.000000,0.000000,0.000000,0.000000,-0.426950,
1624838791.000000,967181108.000000,-0.287669,-4.345133,0.000000,0.000000,0.000000,-0.965743,0.259502,0.064427,0.000000,0.000000,0.000000,0.000000,-0.430750,
1624838792.000000,181108.000000,-0.289494,-4.346172,0.000000,0.000000,0.000000,-0.967626,0.252389,0.063660,0.000000,0.000000,0.000000,0.000000,-0.445937,
1624838792.000000,33181108.000000,-0.291357,-4.347198,0.000000,0.000000,0.000000,-0.969365,0.245624,0.064427,0.000000,0.000000,0.000000,0.000000,-0.423359,
1624838792.000000,66181108.000000,-0.293233,-4.348197,0.000000,0.000000,0.000000,-0.971082,0.238748,0.064427,0.000000,0.000000,0.000000,0.000000,-0.429522,
1624838792.000000,100181108.000000,-0.295102,-4.349157,0.000000,0.000000,0.000000,-0.972824,0.231545,0.061788,0.000000,0.000000,0.000000,0.000000,-0.435906,
1624838792.000000,133181108.000000,-0.296984,-4.350091,0.000000,0.000000,0.000000,-0.974427,0.224703,0.063660,0.000000,0.000000,0.000000,0.000000,-0.425902,
1624838792.000000,166181108.000000,-0.298902,-4.351008,0.000000,0.000000,0.000000,-0.975994,0.217798,0.064427,0.000000,0.000000,0.000000,0.000000,-0.429125,
1624838792.000000,199181108.000000,-0.300810,-4.351887,0.000000,0.000000,0.000000,-0.977575,0.210589,0.063660,0.000000,0.000000,0.000000,0.000000,-0.447302,
1624838792.000000,232181108.000000,-0.302707,-4.352728,0.000000,0.000000,0.000000,-0.979039,0.203675,0.062893,0.000000,0.000000,0.000000,0.000000,-0.428286,
1624838792.000000,265181108.000000,-0.304663,-4.353562,0.000000,0.000000,0.000000,-0.980461,0.196715,0.064427,0.000000,0.000000,0.000000,0.000000,-0.430533,
1624838792.000000,299181108.000000,-0.306607,-4.354358,0.000000,0.000000,0.000000,-0.981898,0.189410,0.061788,0.000000,0.000000,0.000000,0.000000,-0.437989,
1624838792.000000,332181108.000000,-0.308563,-4.355126,0.000000,0.000000,0.000000,-0.983222,0.182413,0.063660,0.000000,0.000000,0.000000,0.000000,-0.431559,
1624838792.000000,365181108.000000,-0.310600,-4.355892,0.000000,0.000000,0.000000,-0.984502,0.175371,0.065961,0.000000,0.000000,0.000000,0.000000,-0.433813,
1624838792.000000,398181108.000000,-0.312601,-4.356611,0.000000,0.000000,0.000000,-0.985784,0.168016,0.064427,0.000000,0.000000,0.000000,0.000000,-0.452425,
1624838792.000000,431181108.000000,-0.314588,-4.357293,0.000000,0.000000,0.000000,-0.986975,0.160873,0.063660,0.000000,0.000000,0.000000,0.000000,-0.438900,
1624838792.000000,464181108.000000,-0.316609,-4.357954,0.000000,0.000000,0.000000,-0.988094,0.153854,0.064427,0.000000,0.000000,0.000000,0.000000,-0.430750,
1624838792.000000,498181108.000000,-0.318687,-4.358600,0.000000,0.000000,0.000000,-0.989224,0.146408,0.064021,0.000000,0.000000,0.000000,0.000000,-0.443066,
1624838792.000000,531181108.000000,-0.320751,-4.359208,0.000000,0.000000,0.000000,-0.990276,0.139115,0.065194,0.000000,0.000000,0.000000,0.000000,-0.446551,
1624838792.000000,564181108.000000,-0.322799,-4.359779,0.000000,0.000000,0.000000,-0.991252,0.131980,0.064427,0.000000,0.000000,0.000000,0.000000,-0.436436,
1624838792.000000,597181108.000000,-0.324904,-4.360332,0.000000,0.000000,0.000000,-0.992218,0.124514,0.065961,0.000000,0.000000,0.000000,0.000000,-0.456275,
1624838792.000000,630181108.000000,-0.326993,-4.360849,0.000000,0.000000,0.000000,-0.993110,0.117182,0.065194,0.000000,0.000000,0.000000,0.000000,-0.447649,
1624838792.000000,663181108.000000,-0.329064,-4.361329,0.000000,0.000000,0.000000,-0.993934,0.109974,0.064427,0.000000,0.000000,0.000000,0.000000,-0.439680,
1624838792.000000,696181108.000000,-0.331241,-4.361799,0.000000,0.000000,0.000000,-0.994735,0.102478,0.067495,0.000000,0.000000,0.000000,0.000000,-0.456875,
1624838792.000000,730181108.000000,-0.333326,-4.362217,0.000000,0.000000,0.000000,-0.995471,0.095068,0.062532,0.000000,0.000000,0.000000,0.000000,-0.438052,
1624838792.000000,763181108.000000,-0.335416,-4.362605,0.000000,0.000000,0.000000,-0.996135,0.087831,0.064427,0.000000,0.000000,0.000000,0.000000,-0.440417,
1624838792.000000,796181108.000000,-0.337562,-4.362969,0.000000,0.000000,0.000000,-0.996766,0.080356,0.065961,0.000000,0.000000,0.000000,0.000000,-0.454650,
1624838792.000000,829181108.000000,-0.339688,-4.363298,0.000000,0.000000,0.000000,-0.997336,0.072947,0.065194,0.000000,0.000000,0.000000,0.000000,-0.450351,
1624838792.000000,862181108.000000,-0.341744,-4.363585,0.000000,0.000000,0.000000,-0.997834,0.065785,0.062893,0.000000,0.000000,0.000000,0.000000,-0.435121,
1624838792.000000,895181108.000000,-0.343904,-4.363855,0.000000,0.000000,0.000000,-0.998295,0.058373,0.065961,0.000000,0.000000,0.000000,0.000000,-0.450120,
1624838792.000000,928181108.000000,-0.346042,-4.364090,0.000000,0.000000,0.000000,-0.998697,0.051027,0.065194,0.000000,0.000000,0.000000,0.000000,-0.445850,
1624838792.000000,962181108.000000,-0.348108,-4.364287,0.000000,0.000000,0.000000,-0.999031,0.044003,0.061043,0.000000,0.000000,0.000000,0.000000,-0.413635,
1624838792.000000,995181108.000000,-0.350202,-4.364457,0.000000,0.000000,0.000000,-0.999326,0.036704,0.063660,0.000000,0.000000,0.000000,0.000000,-0.442743,
1624838793.000000,28181108.000000,-0.352349,-4.364599,0.000000,0.000000,0.000000,-0.999568,0.029396,0.065194,0.000000,0.000000,0.000000,0.000000,-0.443126,
1624838793.000000,61181108.000000,-0.354396,-4.364705,0.000000,0.000000,0.000000,-0.999750,0.022380,0.062126,0.000000,0.000000,0.000000,0.000000,-0.425404,
1624838793.000000,94181108.000000,-0.356572,-4.364787,0.000000,0.000000,0.000000,-0.999886,0.015084,0.065961,0.000000,0.000000,0.000000,0.000000,-0.442216,
1624838793.000000,127181108.000000,-0.358672,-4.364835,0.000000,0.000000,0.000000,-0.999970,0.007764,0.063660,0.000000,0.000000,0.000000,0.000000,-0.443668,
1624838793.000000,161181108.000000,-0.360747,-4.364852,0.000000,0.000000,0.000000,-1.000000,0.000822,0.061043,0.000000,0.000000,0.000000,0.000000,-0.408355,
1624838793.000000,194181108.000000,-0.358596,-4.364864,0.000000,0.000000,0.000000,0.999979,0.006462,0.065194,0.000000,0.000000,0.000000,0.000000,189.958099,
1624838793.000000,227181108.000000,-0.360722,-4.364821,0.000000,0.000000,0.000000,0.999905,0.013795,0.064427,0.000000,0.000000,0.000000,0.000000,-0.444477,
1624838793.000000,261181108.000000,-0.362872,-4.364747,0.000000,0.000000,0.000000,0.999779,0.021047,0.063277,0.000000,0.000000,0.000000,0.000000,-0.426643,
1624838793.000000,295181108.000000,-0.365046,-4.364639,0.000000,0.000000,0.000000,0.999600,0.028287,0.064021,0.000000,0.000000,0.000000,0.000000,-0.426026,
1624838793.000000,328181108.000000,-0.367092,-4.364509,0.000000,0.000000,0.000000,0.999369,0.035520,0.062126,0.000000,0.000000,0.000000,0.000000,-0.438575,
1624838793.000000,365611900.000000,-0.369211,-4.364343,0.000000,0.000000,0.000000,0.999096,0.042520,0.064427,0.000000,0.000000,0.000000,0.000000,-0.424566,
1624838793.000000,399611900.000000,-0.371379,-4.364141,0.000000,0.000000,0.000000,0.998728,0.050426,0.064021,0.000000,0.000000,0.000000,0.000000,-0.465589,
1624838793.000000,432611900.000000,-0.373442,-4.363918,0.000000,0.000000,0.000000,0.998368,0.057114,0.062893,0.000000,0.000000,0.000000,0.000000,-0.405882,
1624838793.000000,465611900.000000,-0.375528,-4.363664,0.000000,0.000000,0.000000,0.997950,0.063993,0.063660,0.000000,0.000000,0.000000,0.000000,-0.417680,
1624838793.000000,498611900.000000,-0.377659,-4.363373,0.000000,0.000000,0.000000,0.997460,0.071222,0.065194,0.000000,0.000000,0.000000,0.000000,-0.439145,
1624838793.000000,532611900.000000,-0.379787,-4.363052,0.000000,0.000000,0.000000,0.996906,0.078599,0.063277,0.000000,0.000000,0.000000,0.000000,-0.435184,
