1624913855.000000,123839900.000000,-0.399084,-3.780683,0.000000,0.000000,0.000000,-0.038217,0.999269,0.000767,0.000000,0.000000,0.000000,0.000000,0.000051,
1624913865.000000,588270961.000000,-0.399084,-3.780683,0.000000,0.000000,0.000000,-0.038221,0.999269,0.000000,0.000000,0.000000,0.000000,0.000000,0.000007,
1624913865.000000,621270961.000000,-0.399084,-3.780683,0.000000,0.000000,0.000000,-0.038221,0.999269,0.000000,0.000000,0.000000,0.000000,0.000000,0.000000,
1624913865.000000,656270961.000000,-0.399084,-3.780683,0.000000,0.000000,0.000000,-0.038221,0.999269,0.000000,0.000000,0.000000,0.000000,0.000000,-0.000020,
1624913865.000000,689270961.000000,-0.399084,-3.780683,0.000000,0.000000,0.000000,-0.038221,0.999269,0.000000,0.000000,0.000000,0.000000,0.000000,0.000014,
1624913865.000000,722270961.000000,-0.399084,-3.780683,0.000000,0.000000,0.000000,-0.038220,0.999269,0.000000,0.000000,0.000000,0.000000,0.000000,0.000029,
1624913865.000000,755270961.000000,-0.399084,-3.780683,0.000000,0.000000,0.000000,-0.038222,0.999269,0.000000,0.000000,0.000000,0.000000,0.000000,-0.000094,
1624913865.000000,788270961.000000,-0.399084,-3.780683,0.000000,0.000000,0.000000,-0.038221,0.999269,0.000000,0.000000,0.000000,0.000000,0.000000,0.000014,
1624913865.000000,822270961.000000,-0.399084,-3.780683,0.000000,0.000000,0.000000,-0.038221,0.999269,0.000000,0.000000,0.000000,0.000000,0.000000,0.000021,
1624913865.000000,855270961.000000,-0.399084,-3.780683,0.000000,0.000000,0.000000,-0.038220,0.999269,0.000000,0.000000,0.000000,0.000000,0.000000,0.000051,
1624913865.000000,888270961.000000,-0.399084,-3.780683,0.000000,0.000000,0.000000,-0.038220,0.999269,0.000000,0.000000,0.000000,0.000000,0.000000,0.000007,
1624913865.000000,921270961.000000,-0.399059,-3.780685,0.000000,0.000000,0.000000,-0.038220,0.999269,0.000767,0.000000,0.000000,0.000000,0.000000,0.000036,
1624913865.000000,954270961.000000,-0.399110,-3.780681,0.000000,0.000000,0.000000,-0.038221,0.999269,-0.001534,0.000000,0.000000,0.000000,0.000000,-0.000087,
1624913865.000000,987270961.000000,-0.398378,-3.780738,0.000000,0.000000,0.000000,-0.039112,0.999235,0.022243,0.000000,0.000000,0.000000,0.000000,-0.054070,
1624913866.000000,20270961.000000,-0.396713,-3.780876,0.000000,0.000000,0.000000,-0.044089,0.999028,0.050621,0.000000,0.000000,0.000000,0.000000,-0.301867,
1624913866.000000,53270961.000000,-0.394672,-3.781072,0.000000,0.000000,0.000000,-0.051262,0.998685,0.062126,0.000000,0.000000,0.000000,0.000000,-0.435251,
1624913866.000000,86270961.000000,-0.392609,-3.781297,0.000000,0.000000,0.000000,-0.057669,0.998336,0.062893,0.000000,0.000000,0.000000,0.000000,-0.388839,
1624913866.000000,119270961.000000,-0.390574,-3.781548,0.000000,0.000000,0.000000,-0.064817,0.997897,0.062126,0.000000,0.000000,0.000000,0.000000,-0.434030,
1624913866.000000,152270961.000000,-0.388518,-3.781832,0.000000,0.000000,0.000000,-0.072285,0.997384,0.062893,0.000000,0.000000,0.000000,0.000000,-0.453703,
1624913866.000000,185270961.000000,-0.386417,-3.782153,0.000000,0.000000,0.000000,-0.078973,0.996877,0.064427,0.000000,0.000000,0.000000,0.000000,-0.406504,
1624913866.000000,218270961.000000,-0.384295,-3.782507,0.000000,0.000000,0.000000,-0.086417,0.996259,0.065194,0.000000,0.000000,0.000000,0.000000,-0.452685,
1624913866.000000,251270961.000000,-0.382278,-3.782876,0.000000,0.000000,0.000000,-0.093979,0.995574,0.062126,0.000000,0.000000,0.000000,0.000000,-0.460198,
1624913866.000000,284270961.000000,-0.380167,-3.783292,0.000000,0.000000,0.000000,-0.100623,0.994925,0.065194,0.000000,0.000000,0.000000,0.000000,-0.404560,
1624913866.000000,317270961.000000,-0.378063,-3.783739,0.000000,0.000000,0.000000,-0.108014,0.994149,0.065194,0.000000,0.000000,0.000000,0.000000,-0.450416,
1624913866.000000,350270961.000000,-0.376039,-3.784199,0.000000,0.000000,0.000000,-0.115037,0.993361,0.062893,0.000000,0.000000,0.000000,0.000000,-0.428308,
1624913866.000000,383270961.000000,-0.378130,-3.783692,0.000000,0.000000,0.000000,0.122242,-0.992500,0.065194,0.000000,0.000000,0.000000,0.000000,189.959824,
1624913866.000000,415270961.000000,-0.376120,-3.784210,0.000000,0.000000,0.000000,0.129430,-0.991589,0.064859,0.000000,0.000000,0.000000,0.000000,-0.452891,
1624913866.000000,449270961.000000,-0.374069,-3.784770,0.000000,0.000000,0.000000,0.136533,-0.990636,0.062532,0.000000,0.000000,0.000000,0.000000,-0.421552,
1624913866.000000,482270961.000000,-0.371978,-3.785374,0.000000,0.000000,0.000000,0.143724,-0.989618,0.065961,0.000000,0.000000,0.000000,0.000000,-0.440193,
1624913866.000000,515270961.000000,-0.369920,-3.786002,0.000000,0.000000,0.000000,0.151115,-0.988516,0.065194,0.000000,0.000000,0.000000,0.000000,-0.452858,
1624913866.000000,547270961.000000,-0.367944,-3.786636,0.000000,0.000000,0.000000,0.158115,-0.987421,0.064859,0.000000,0.000000,0.000000,0.000000,-0.442818,
1624913866.000000,581270961.000000,-0.365857,-3.787339,0.000000,0.000000,0.000000,0.165276,-0.986247,0.064766,0.000000,0.000000,0.000000,0.000000,-0.426853,
1624913866.000000,614270961.000000,-0.363828,-3.788055,0.000000,0.000000,0.000000,0.172677,-0.984979,0.065194,0.000000,0.000000,0.000000,0.000000,-0.455105,
1624913866.000000,647270961.000000,-0.361882,-3.788776,0.000000,0.000000,0.000000,0.179822,-0.983699,0.062893,0.000000,0.000000,0.000000,0.000000,-0.439940,
1624913866.000000,680270961.000000,-0.359804,-3.789579,0.000000,0.000000,0.000000,0.187058,-0.982349,0.067495,0.000000,0.000000,0.000000,0.000000,-0.446103,
1624913866.000000,713270961.000000,-0.357809,-3.790385,0.000000,0.000000,0.000000,0.194395,-0.980923,0.065194,0.000000,0.000000,0.000000,0.000000,-0.452974,
1624913866.000000,746270961.000000,-0.355873,-3.791199,0.000000,0.000000,0.000000,0.201380,-0.979513,0.063660,0.000000,0.000000,0.000000,0.000000,-0.431877,
1624913866.000000,780270961.000000,-0.353902,-3.792063,0.000000,0.000000,0.000000,0.208460,-0.978031,0.063277,0.000000,0.000000,0.000000,0.000000,-0.425493,
1624913866.000000,813270961.000000,-0.351944,-3.792954,0.000000,0.000000,0.000000,0.215746,-0.976450,0.065194,0.000000,0.000000,0.000000,0.000000,-0.451854,
1624913866.000000,846270961.000000,-0.350068,-3.793842,0.000000,0.000000,0.000000,0.222625,-0.974904,0.062893,0.000000,0.000000,0.000000,0.000000,-0.427297,
1624913866.000000,879270961.000000,-0.348160,-3.794779,0.000000,0.000000,0.000000,0.229572,-0.973292,0.064427,0.000000,0.000000,0.000000,0.000000,-0.432246,
1624913866.000000,912270961.000000,-0.346265,-3.795743,0.000000,0.000000,0.000000,0.236673,-0.971589,0.064427,0.000000,0.000000,0.000000,0.000000,-0.442577,
1624913866.000000,945270961.000000,-0.344429,-3.796711,0.000000,0.000000,0.000000,0.243959,-0.969786,0.062893,0.000000,0.000000,0.000000,0.000000,-0.454867,
1624913866.000000,978270961.000000,-0.342563,-3.797729,0.000000,0.000000,0.000000,0.250344,-0.968157,0.064427,0.000000,0.000000,0.000000,0.000000,-0.399351,
1624913867.000000,11270961.000000,-0.340733,-3.798761,0.000000,0.000000,0.000000,0.257476,-0.966285,0.063660,0.000000,0.000000,0.000000,0.000000,-0.446926,
1624913867.000000,44270961.000000,-0.338940,-3.799806,0.000000,0.000000,0.000000,0.264274,-0.964448,0.062893,0.000000,0.000000,0.000000,0.000000,-0.426755,
1624913867.000000,78270961.000000,-0.337097,-3.800916,0.000000,0.000000,0.000000,0.271107,-0.962549,0.063277,0.000000,0.000000,0.000000,0.000000,-0.417148,
1624913867.000000,111270961.000000,-0.335291,-3.802039,0.000000,0.000000,0.000000,0.278148,-0.960538,0.064427,0.000000,0.000000,0.000000,0.000000,-0.443849,
1624913867.000000,144270961.000000,-0.333566,-3.803147,0.000000,0.000000,0.000000,0.284937,-0.958546,0.062126,0.000000,0.000000,0.000000,0.000000,-0.428749,
1624913867.000000,177270961.000000,-0.331794,-3.804321,0.000000,0.000000,0.000000,0.291719,-0.956504,0.064427,0.000000,0.000000,0.000000,0.000000,-0.429291,
1624913867.000000,210270961.000000,-0.330039,-3.805521,0.000000,0.000000,0.000000,0.299239,-0.954178,0.064427,0.000000,0.000000,0.000000,0.000000,-0.477076,
1624913867.000000,243270961.000000,-0.328343,-3.806718,0.000000,0.000000,0.000000,0.305476,-0.952200,0.062893,0.000000,0.000000,0.000000,0.000000,-0.396526,
1624913867.000000,276270961.000000,-0.326622,-3.807967,0.000000,0.000000,0.000000,0.312234,-0.950005,0.064427,0.000000,0.000000,0.000000,0.000000,-0.430635,
1624913867.000000,309270961.000000,-0.324920,-3.809240,0.000000,0.000000,0.000000,0.319125,-0.947713,0.064427,0.000000,0.000000,0.000000,0.000000,-0.440164,
1624913867.000000,343270961.000000,-0.323257,-3.810524,0.000000,0.000000,0.000000,0.326443,-0.945217,0.061788,0.000000,0.000000,0.000000,0.000000,-0.454854,
1624913867.000000,376270961.000000,-0.321613,-3.811832,0.000000,0.000000,0.000000,0.333092,-0.942894,0.063660,0.000000,0.000000,0.000000,0.000000,-0.426805,
1624913867.000000,409270961.000000,-0.319948,-3.813195,0.000000,0.000000,0.000000,0.339505,-0.940604,0.065194,0.000000,0.000000,0.000000,0.000000,-0.412746,
1624913867.000000,442270961.000000,-0.318303,-3.814581,0.000000,0.000000,0.000000,0.346306,-0.938121,0.065194,0.000000,0.000000,0.000000,0.000000,-0.438791,
1624913867.000000,475270961.000000,-0.316735,-3.815940,0.000000,0.000000,0.000000,0.352887,-0.935666,0.062893,0.000000,0.000000,0.000000,0.000000,-0.425700,
1624913867.000000,508270961.000000,-0.315073,-3.817424,0.000000,0.000000,0.000000,0.359766,-0.933043,0.067495,0.000000,0.000000,0.000000,0.000000,-0.446175,
1624913867.000000,542270961.000000,-0.313471,-3.818897,0.000000,0.000000,0.000000,0.366788,-0.930304,0.064021,0.000000,0.000000,0.000000,0.000000,-0.443388,
1624913867.000000,575270961.000000,-0.311945,-3.820342,0.000000,0.000000,0.000000,0.373411,-0.927666,0.063660,0.000000,0.000000,0.000000,0.000000,-0.432036,
1624913867.000000,608270961.000000,-0.310387,-3.821861,0.000000,0.000000,0.000000,0.380177,-0.924914,0.065961,0.000000,0.000000,0.000000,0.000000,-0.442714,
1624913867.000000,641270961.000000,-0.308940,-3.823313,0.000000,0.000000,0.000000,0.386846,-0.922144,0.062126,0.000000,0.000000,0.000000,0.000000,-0.437657,
1624913867.000000,674270961.000000,-0.307513,-3.824786,0.000000,0.000000,0.000000,0.393224,-0.919443,0.062126,0.000000,0.000000,0.000000,0.000000,-0.419776,
1624913867.000000,707270961.000000,-0.306021,-3.826371,0.000000,0.000000,0.000000,0.399885,-0.916565,0.065961,0.000000,0.000000,0.000000,0.000000,-0.439752,
1624913867.000000,741270961.000000,-0.304621,-3.827902,0.000000,0.000000,0.000000,0.406504,-0.913649,0.061043,0.000000,0.000000,0.000000,0.000000,-0.425493,
1624913867.000000,774270961.000000,-0.303225,-3.829473,0.000000,0.000000,0.000000,0.412907,-0.910773,0.063660,0.000000,0.000000,0.000000,0.000000,-0.425397,
1624913867.000000,807270961.000000,-0.301836,-3.831082,0.000000,0.000000,0.000000,0.419581,-0.907718,0.064427,0.000000,0.000000,0.000000,0.000000,-0.444889,
1624913867.000000,840270961.000000,-0.300470,-3.832711,0.000000,0.000000,0.000000,0.426280,-0.904591,0.064427,0.000000,0.000000,0.000000,0.000000,-0.448061,
1624913867.000000,873270961.000000,-0.299160,-3.834321,0.000000,0.000000,0.000000,0.432626,-0.901573,0.062893,0.000000,0.000000,0.000000,0.000000,-0.425873,
1624913867.000000,906270961.000000,-0.297811,-3.836029,0.000000,0.000000,0.000000,0.439188,-0.898395,0.065961,0.000000,0.000000,0.000000,0.000000,-0.441840,
1624913867.000000,940270961.000000,-0.296518,-3.837717,0.000000,0.000000,0.000000,0.445874,-0.895096,0.062532,0.000000,0.000000,0.000000,0.000000,-0.438606,
1624913867.000000,972693916.000000,-0.295249,-3.839423,0.000000,0.000000,0.000000,0.452188,-0.891922,0.064427,0.000000,0.000000,0.000000,0.000000,-0.428308,
1624913868.000000,5693916.000000,-0.293975,-3.841188,0.000000,0.000000,0.000000,0.458721,-0.888580,0.065961,0.000000,0.000000,0.000000,0.000000,-0.444723,
1624913868.000000,38693916.000000,-0.292757,-3.842931,0.000000,0.000000,0.000000,0.465390,-0.885106,0.064427,0.000000,0.000000,0.000000,0.000000,-0.455705,
1624913868.000000,71693916.000000,-0.291579,-3.844670,0.000000,0.000000,0.000000,0.471706,-0.881756,0.063660,0.000000,0.000000,0.000000,0.000000,-0.433315,
1624913868.000000,105693916.000000,-0.290315,-3.846595,0.000000,0.000000,0.000000,0.478309,-0.878191,0.067743,0.000000,0.000000,0.000000,0.000000,-0.441425,
1624913868.000000,138693916.000000,-0.289188,-3.848369,0.000000,0.000000,0.000000,0.484884,-0.874578,0.063660,0.000000,0.000000,0.000000,0.000000,-0.454679,
1624913868.000000,172693916.000000,-0.288062,-3.850201,0.000000,0.000000,0.000000,0.491111,-0.871097,0.063277,0.000000,0.000000,0.000000,0.000000,-0.419603,
1624913868.000000,205693916.000000,-0.286949,-3.852072,0.000000,0.000000,0.000000,0.497583,-0.867416,0.065961,0.000000,0.000000,0.000000,0.000000,-0.451261,
1624913868.000000,238693916.000000,-0.285877,-3.853938,0.000000,0.000000,0.000000,0.504102,-0.863644,0.065194,0.000000,0.000000,0.000000,0.000000,-0.456478,
1624913868.000000,272693916.000000,-0.284808,-3.855863,0.000000,0.000000,0.000000,0.510487,-0.859886,0.064766,0.000000,0.000000,0.000000,0.000000,-0.435808,
1624913868.000000,305693916.000000,-0.283780,-3.857781,0.000000,0.000000,0.000000,0.516788,-0.856113,0.065961,0.000000,0.000000,0.000000,0.000000,-0.445142,
1624913868.000000,339693916.000000,-0.282792,-3.859693,0.000000,0.000000,0.000000,0.523129,-0.852253,0.063277,0.000000,0.000000,0.000000,0.000000,-0.436678,
1624913868.000000,372693916.000000,-0.281843,-3.861595,0.000000,0.000000,0.000000,0.529221,-0.848484,0.064427,0.000000,0.000000,0.000000,0.000000,-0.434153,
1624913868.000000,405693916.000000,-0.280911,-3.863534,0.000000,0.000000,0.000000,0.535445,-0.844570,0.065194,0.000000,0.000000,0.000000,0.000000,-0.445575,
1624913868.000000,438693916.000000,-0.280019,-3.865464,0.000000,0.000000,0.000000,0.542049,-0.840347,0.064427,0.000000,0.000000,0.000000,0.000000,-0.475132,
1624913868.000000,471693916.000000,-0.279176,-3.867361,0.000000,0.000000,0.000000,0.547513,-0.836797,0.062893,0.000000,0.000000,0.000000,0.000000,-0.394865,
1624913868.000000,504693916.000000,-0.278338,-3.869315,0.000000,0.000000,0.000000,0.553522,-0.832835,0.064427,0.000000,0.000000,0.000000,0.000000,-0.436255,
1624913868.000000,537693916.000000,-0.277550,-3.871235,0.000000,0.000000,0.000000,0.560013,-0.828484,0.062893,0.000000,0.000000,0.000000,0.000000,-0.473586,
1624913868.000000,570693916.000000,-0.276779,-3.873189,0.000000,0.000000,0.000000,0.565353,-0.824849,0.063660,0.000000,0.000000,0.000000,0.000000,-0.391483,
1624913868.000000,604693916.000000,-0.276017,-3.875201,0.000000,0.000000,0.000000,0.571312,-0.820733,0.063277,0.000000,0.000000,0.000000,0.000000,-0.426005,
1624913868.000000,637693916.000000,-0.275311,-3.877152,0.000000,0.000000,0.000000,0.577292,-0.816538,0.062893,0.000000,0.000000,0.000000,0.000000,-0.442729,
1624913868.000000,670693916.000000,-0.274625,-3.879138,0.000000,0.000000,0.000000,0.583376,-0.812202,0.063660,0.000000,0.000000,0.000000,0.000000,-0.452757,
1624913868.000000,703693916.000000,-0.273944,-3.881206,0.000000,0.000000,0.000000,0.588770,-0.808301,0.065961,0.000000,0.000000,0.000000,0.000000,-0.403484,
1624913868.000000,736693916.000000,-0.273329,-3.883162,0.000000,0.000000,0.000000,0.594666,-0.803973,0.062126,0.000000,0.000000,0.000000,0.000000,-0.443278,
1624913868.000000,769693916.000000,-0.272736,-3.885150,0.000000,0.000000,0.000000,0.600259,-0.799806,0.062893,0.000000,0.000000,0.000000,0.000000,-0.422666,
1624913868.000000,803693916.000000,-0.272143,-3.887244,0.000000,0.000000,0.000000,0.605985,-0.795476,0.064021,0.000000,0.000000,0.000000,0.000000,-0.422260,
1624913868.000000,836693916.000000,-0.271593,-3.889298,0.000000,0.000000,0.000000,0.611916,-0.790922,0.064427,0.000000,0.000000,0.000000,0.000000,-0.453234,
1624913868.000000,870693916.000000,-0.271068,-3.891385,0.000000,0.000000,0.000000,0.617482,-0.786585,0.063277,0.000000,0.000000,0.000000,0.000000,-0.415045,
1624913868.000000,903693916.000000,-0.270584,-3.893429,0.000000,0.000000,0.000000,0.623123,-0.782124,0.063660,0.000000,0.000000,0.000000,0.000000,-0.435887,
1624913868.000000,936693916.000000,-0.270119,-3.895529,0.000000,0.000000,0.000000,0.628947,-0.777448,0.065194,0.000000,0.000000,0.000000,0.000000,-0.452685,
1624913868.000000,969693916.000000,-0.269699,-3.897562,0.000000,0.000000,0.000000,0.634333,-0.773060,0.062893,0.000000,0.000000,0.000000,0.000000,-0.421069,
1624913869.000000,3693916.000000,-0.269291,-3.899700,0.000000,0.000000,0.000000,0.640350,-0.768083,0.064021,0.000000,0.000000,0.000000,0.000000,-0.459292,
1624913869.000000,36693916.000000,-0.268919,-3.901819,0.000000,0.000000,0.000000,0.645673,-0.763614,0.065194,0.000000,0.000000,0.000000,0.000000,-0.421268,
1624913869.000000,69693916.000000,-0.268585,-3.903893,0.000000,0.000000,0.000000,0.651422,-0.758715,0.063660,0.000000,0.000000,0.000000,0.000000,-0.457753,
1624913869.000000,102693916.000000,-0.268281,-3.905972,0.000000,0.000000,0.000000,0.656393,-0.754419,0.063660,0.000000,0.000000,0.000000,0.000000,-0.398220,
1624913869.000000,136693916.000000,-0.268001,-3.908105,0.000000,0.000000,0.000000,0.662479,-0.749081,0.063277,0.000000,0.000000,0.000000,0.000000,-0.476157,
1624913869.000000,169693916.000000,-0.267755,-3.910217,0.000000,0.000000,0.000000,0.667339,-0.744754,0.064427,0.000000,0.000000,0.000000,0.000000,-0.394355,
1624913869.000000,202693916.000000,-0.267537,-3.912332,0.000000,0.000000,0.000000,0.672594,-0.740012,0.064427,0.000000,0.000000,0.000000,0.000000,-0.429038,
1624913869.000000,235693916.000000,-0.267350,-3.914450,0.000000,0.000000,0.000000,0.678074,-0.734994,0.064427,0.000000,0.000000,0.000000,0.000000,-0.450290,
1624913869.000000,268693916.000000,-0.267198,-3.916520,0.000000,0.000000,0.000000,0.683264,-0.730171,0.062893,0.000000,0.000000,0.000000,0.000000,-0.429399,
1624913869.000000,302693916.000000,-0.267072,-3.918642,0.000000,0.000000,0.000000,0.688389,-0.725342,0.062532,0.000000,0.000000,0.000000,0.000000,-0.414245,
1624913869.000000,335693916.000000,-0.266977,-3.920766,0.000000,0.000000,0.000000,0.693721,-0.720244,0.064427,0.000000,0.000000,0.000000,0.000000,-0.447049,
1624913869.000000,368693916.000000,-0.266914,-3.922816,0.000000,0.000000,0.000000,0.698840,-0.715278,0.062126,0.000000,0.000000,0.000000,0.000000,-0.432210,
1624913869.000000,401693916.000000,-0.266880,-3.924941,0.000000,0.000000,0.000000,0.703870,-0.710329,0.064427,0.000000,0.000000,0.000000,0.000000,-0.427730,
1624913869.000000,435693916.000000,-0.266878,-3.927067,0.000000,0.000000,0.000000,0.709578,-0.704627,0.062532,0.000000,0.000000,0.000000,0.000000,-0.474523,
1624913869.000000,468693916.000000,-0.266907,-3.929193,0.000000,0.000000,0.000000,0.714282,-0.699858,0.064427,0.000000,0.000000,0.000000,0.000000,-0.406041,
1624913869.000000,501693916.000000,-0.266965,-3.931319,0.000000,0.000000,0.000000,0.719214,-0.694789,0.064427,0.000000,0.000000,0.000000,0.000000,-0.428594,
1624913869.000000,534693916.000000,-0.267056,-3.933468,0.000000,0.000000,0.000000,0.724351,-0.689431,0.065194,0.000000,0.000000,0.000000,0.000000,-0.449860,
1624913869.000000,567693916.000000,-0.267175,-3.935565,0.000000,0.000000,0.000000,0.729659,-0.683811,0.063660,0.000000,0.000000,0.000000,0.000000,-0.468500,
1624913869.000000,600693916.000000,-0.267323,-3.937610,0.000000,0.000000,0.000000,0.734415,-0.678701,0.062126,0.000000,0.000000,0.000000,0.000000,-0.423085,
1624913869.000000,633693916.000000,-0.267509,-3.939779,0.000000,0.000000,0.000000,0.739091,-0.673606,0.065961,0.000000,0.000000,0.000000,0.000000,-0.419172,
1624913869.000000,666693916.000000,-0.267729,-3.941970,0.000000,0.000000,0.000000,0.744009,-0.668170,0.066728,0.000000,0.000000,0.000000,0.000000,-0.444246,
1624913869.000000,699693916.000000,-0.267969,-3.944057,0.000000,0.000000,0.000000,0.748793,-0.662804,0.063660,0.000000,0.000000,0.000000,0.000000,-0.435706,
1624913869.000000,732693916.000000,-0.268249,-3.946216,0.000000,0.000000,0.000000,0.753695,-0.657225,0.065961,0.000000,0.000000,0.000000,0.000000,-0.450073,
1624913869.000000,765693916.000000,-0.268558,-3.948345,0.000000,0.000000,0.000000,0.758567,-0.651595,0.065194,0.000000,0.000000,0.000000,0.000000,-0.451272,
1624913869.000000,799693916.000000,-0.268898,-3.950469,0.000000,0.000000,0.000000,0.763307,-0.646036,0.063277,0.000000,0.000000,0.000000,0.000000,-0.429669,
1624913869.000000,832693916.000000,-0.269274,-3.952613,0.000000,0.000000,0.000000,0.768110,-0.640318,0.065961,0.000000,0.000000,0.000000,0.000000,-0.452634,
1624913869.000000,865693916.000000,-0.269672,-3.954702,0.000000,0.000000,0.000000,0.772789,-0.634663,0.064427,0.000000,0.000000,0.000000,0.000000,-0.444792,
1624913869.000000,898693916.000000,-0.270105,-3.956809,0.000000,0.000000,0.000000,0.777363,-0.629052,0.065194,0.000000,0.000000,0.000000,0.000000,-0.438752,
1624913869.000000,931693916.000000,-0.270575,-3.958935,0.000000,0.000000,0.000000,0.782031,-0.623240,0.065961,0.000000,0.000000,0.000000,0.000000,-0.451785,
1624913869.000000,967693916.000000,-0.271102,-3.961151,0.000000,0.000000,0.000000,0.787181,-0.616723,0.063277,0.000000,0.000000,0.000000,0.000000,-0.461492,
1624913870.000000,693916.000000,-0.271619,-3.963187,0.000000,0.000000,0.000000,0.791602,-0.611037,0.063660,0.000000,0.000000,0.000000,0.000000,-0.436526,
1624913870.000000,33693916.000000,-0.272178,-3.965265,0.000000,0.000000,0.000000,0.795790,-0.605573,0.065194,0.000000,0.000000,0.000000,0.000000,-0.417247,
1624913870.000000,66693916.000000,-0.272747,-3.967261,0.000000,0.000000,0.000000,0.800390,-0.599480,0.062893,0.000000,0.000000,0.000000,0.000000,-0.462691,
1624913870.000000,100693916.000000,-0.273388,-3.969394,0.000000,0.000000,0.000000,0.804451,-0.594019,0.065510,0.000000,0.000000,0.000000,0.000000,-0.400326,
1624913870.000000,133693916.000000,-0.274021,-3.971397,0.000000,0.000000,0.000000,0.808745,-0.588160,0.063660,0.000000,0.000000,0.000000,0.000000,-0.440204,
1624913870.000000,169693916.000000,-0.274731,-3.973535,0.000000,0.000000,0.000000,0.813202,-0.581981,0.062574,0.000000,0.000000,0.000000,0.000000,-0.423263,
1624913870.000000,202693916.000000,-0.275423,-3.975518,0.000000,0.000000,0.000000,0.817293,-0.576222,0.063660,0.000000,0.000000,0.000000,0.000000,-0.428164,
1624913870.000000,235693916.000000,-0.276160,-3.977540,0.000000,0.000000,0.000000,0.821489,-0.570225,0.065194,0.000000,0.000000,0.000000,0.000000,-0.443563,
1624913870.000000,268693916.000000,-0.276891,-3.979455,0.000000,0.000000,0.000000,0.825517,-0.564378,0.062126,0.000000,0.000000,0.000000,0.000000,-0.430327,
1624913870.000000,301693916.000000,-0.277686,-3.981454,0.000000,0.000000,0.000000,0.829485,-0.558529,0.065194,0.000000,0.000000,0.000000,0.000000,-0.428337,
1624913870.000000,334693916.000000,-0.278500,-3.983418,0.000000,0.000000,0.000000,0.833546,-0.552451,0.064427,0.000000,0.000000,0.000000,0.000000,-0.443025,
1624913870.000000,368693916.000000,-0.279322,-3.985324,0.000000,0.000000,0.000000,0.837501,-0.546435,0.061043,0.000000,0.000000,0.000000,0.000000,-0.423519,
1624913870.000000,401693916.000000,-0.280182,-3.987241,0.000000,0.000000,0.000000,0.841268,-0.540618,0.063660,0.000000,0.000000,0.000000,0.000000,-0.420057,
1624913870.000000,434693916.000000,-0.281090,-3.989191,0.000000,0.000000,0.000000,0.845220,-0.534418,0.065194,0.000000,0.000000,0.000000,0.000000,-0.445579,
1624913870.000000,461286914.000000,-0.281994,-3.991059,0.000000,0.000000,0.000000,0.849310,-0.527894,0.062893,0.000000,0.000000,0.000000,0.000000,-0.466668,
1624913870.000000,494286914.000000,-0.282926,-3.992914,0.000000,0.000000,0.000000,0.852968,-0.521963,0.062893,0.000000,0.000000,0.000000,0.000000,-0.422283,
1624913870.000000,527286914.000000,-0.283919,-3.994823,0.000000,0.000000,0.000000,0.856758,-0.515718,0.065194,0.000000,0.000000,0.000000,0.000000,-0.442772,
1624913870.000000,560286914.000000,-0.284903,-3.996650,0.000000,0.000000,0.000000,0.860191,-0.509972,0.062893,0.000000,0.000000,0.000000,0.000000,-0.405633,
1624913870.000000,593286914.000000,-0.285936,-3.998508,0.000000,0.000000,0.000000,0.863712,-0.503986,0.064427,0.000000,0.000000,0.000000,0.000000,-0.420924,
1624913870.000000,626286914.000000,-0.287008,-4.000373,0.000000,0.000000,0.000000,0.867389,-0.497630,0.065194,0.000000,0.000000,0.000000,0.000000,-0.445041,
1624913870.000000,660286914.000000,-0.288082,-4.002179,0.000000,0.000000,0.000000,0.871032,-0.491227,0.061788,0.000000,0.000000,0.000000,0.000000,-0.433298,
1624913870.000000,693286914.000000,-0.289208,-4.004013,0.000000,0.000000,0.000000,0.874440,-0.485133,0.065194,0.000000,0.000000,0.000000,0.000000,-0.423193,
1624913870.000000,726286914.000000,-0.290346,-4.005808,0.000000,0.000000,0.000000,0.877960,-0.478734,0.064427,0.000000,0.000000,0.000000,0.000000,-0.442592,
1624913870.000000,759286914.000000,-0.291498,-4.007565,0.000000,0.000000,0.000000,0.881673,-0.471861,0.063660,0.000000,0.000000,0.000000,0.000000,-0.473442,
1624913870.000000,792286914.000000,-0.292660,-4.009285,0.000000,0.000000,0.000000,0.884672,-0.466213,0.062893,0.000000,0.000000,0.000000,0.000000,-0.387567,
1624913870.000000,825286914.000000,-0.293889,-4.011051,0.000000,0.000000,0.000000,0.887998,-0.459848,0.065194,0.000000,0.000000,0.000000,0.000000,-0.435230,
1624913870.000000,860286914.000000,-0.295174,-4.012838,0.000000,0.000000,0.000000,0.891766,-0.452496,0.062915,0.000000,0.000000,0.000000,0.000000,-0.472093,
1624913870.000000,893286914.000000,-0.296411,-4.014505,0.000000,0.000000,0.000000,0.894629,-0.446810,0.062893,0.000000,0.000000,0.000000,0.000000,-0.385834,
1624913870.000000,926286914.000000,-0.297715,-4.016216,0.000000,0.000000,0.000000,0.897793,-0.440417,0.065194,0.000000,0.000000,0.000000,0.000000,-0.432329,
1624913870.000000,959286914.000000,-0.298982,-4.017828,0.000000,0.000000,0.000000,0.900997,-0.433824,0.062126,0.000000,0.000000,0.000000,0.000000,-0.444232,
1624913870.000000,992286914.000000,-0.300288,-4.019441,0.000000,0.000000,0.000000,0.904201,-0.427108,0.062893,0.000000,0.000000,0.000000,0.000000,-0.450983,
1624913871.000000,25286914.000000,-0.301633,-4.021055,0.000000,0.000000,0.000000,0.907036,-0.421054,0.063660,0.000000,0.000000,0.000000,0.000000,-0.405135,
1624913871.000000,58286914.000000,-0.303035,-4.022687,0.000000,0.000000,0.000000,0.910366,-0.413805,0.065194,0.000000,0.000000,0.000000,0.000000,-0.483498,
1624913871.000000,91286914.000000,-0.304394,-4.024222,0.000000,0.000000,0.000000,0.913240,-0.407422,0.062126,0.000000,0.000000,0.000000,0.000000,-0.424251,
1624913871.000000,124286914.000000,-0.305842,-4.025813,0.000000,0.000000,0.000000,0.915933,-0.401330,0.065194,0.000000,0.000000,0.000000,0.000000,-0.403646,
1624913871.000000,157286914.000000,-0.307295,-4.027365,0.000000,0.000000,0.000000,0.919096,-0.394034,0.064427,0.000000,0.000000,0.000000,0.000000,-0.481960,
1624913871.000000,191286914.000000,-0.308772,-4.028894,0.000000,0.000000,0.000000,0.921906,-0.387413,0.062532,0.000000,0.000000,0.000000,0.000000,-0.423084,
1624913871.000000,224286914.000000,-0.310288,-4.030421,0.000000,0.000000,0.000000,0.924488,-0.381211,0.065194,0.000000,0.000000,0.000000,0.000000,-0.407165,
1624913871.000000,257286914.000000,-0.311844,-4.031943,0.000000,0.000000,0.000000,0.927304,-0.374308,0.065961,0.000000,0.000000,0.000000,0.000000,-0.451810,
1624913871.000000,290286914.000000,-0.313348,-4.033373,0.000000,0.000000,0.000000,0.930125,-0.367244,0.062893,0.000000,0.000000,0.000000,0.000000,-0.460999,
1624913871.000000,323286914.000000,-0.314967,-4.034866,0.000000,0.000000,0.000000,0.932601,-0.360910,0.066728,0.000000,0.000000,0.000000,0.000000,-0.412208,
1624913871.000000,356286914.000000,-0.316569,-4.036302,0.000000,0.000000,0.000000,0.935462,-0.353427,0.065194,0.000000,0.000000,0.000000,0.000000,-0.485545,
1624913871.000000,389286914.000000,-0.318154,-4.037680,0.000000,0.000000,0.000000,0.937768,-0.347261,0.063660,0.000000,0.000000,0.000000,0.000000,-0.398948,
1624913871.000000,422286914.000000,-0.319816,-4.039086,0.000000,0.000000,0.000000,0.940288,-0.340379,0.065961,0.000000,0.000000,0.000000,0.000000,-0.444201,
1624913871.000000,455286914.000000,-0.321479,-4.040451,0.000000,0.000000,0.000000,0.942822,-0.333296,0.065194,0.000000,0.000000,0.000000,0.000000,-0.455907,
1624913871.000000,489286914.000000,-0.323164,-4.041790,0.000000,0.000000,0.000000,0.945436,-0.325808,0.063277,0.000000,0.000000,0.000000,0.000000,-0.466550,
1624913871.000000,522286914.000000,-0.324907,-4.043134,0.000000,0.000000,0.000000,0.947629,-0.319374,0.066728,0.000000,0.000000,0.000000,0.000000,-0.411931,
1624913871.000000,555286914.000000,-0.326629,-4.044424,0.000000,0.000000,0.000000,0.949975,-0.312326,0.065194,0.000000,0.000000,0.000000,0.000000,-0.450208,
1624913871.000000,588286914.000000,-0.328329,-4.045658,0.000000,0.000000,0.000000,0.952168,-0.305576,0.063660,0.000000,0.000000,0.000000,0.000000,-0.430150,
1624913871.000000,621286914.000000,-0.330067,-4.046883,0.000000,0.000000,0.000000,0.954359,-0.298662,0.064427,0.000000,0.000000,0.000000,0.000000,-0.439534,
1624913871.000000,654286914.000000,-0.331823,-4.048082,0.000000,0.000000,0.000000,0.956533,-0.291624,0.064427,0.000000,0.000000,0.000000,0.000000,-0.446466,
1624913871.000000,687286914.000000,-0.333553,-4.049228,0.000000,0.000000,0.000000,0.958545,-0.284942,0.062893,0.000000,0.000000,0.000000,0.000000,-0.422936,
1624913871.000000,720286914.000000,-0.335385,-4.050404,0.000000,0.000000,0.000000,0.960570,-0.278039,0.065961,0.000000,0.000000,0.000000,0.000000,-0.435995,
1624913871.000000,753286914.000000,-0.337148,-4.051499,0.000000,0.000000,0.000000,0.962576,-0.271012,0.062893,0.000000,0.000000,0.000000,0.000000,-0.442857,
1624913871.000000,788286914.000000,-0.338992,-4.052608,0.000000,0.000000,0.000000,0.964645,-0.263553,0.061469,0.000000,0.000000,0.000000,0.000000,-0.442338,
1624913871.000000,821286914.000000,-0.340852,-4.053689,0.000000,0.000000,0.000000,0.966365,-0.257174,0.065194,0.000000,0.000000,0.000000,0.000000,-0.400428,
1624913871.000000,854286914.000000,-0.342704,-4.054732,0.000000,0.000000,0.000000,0.968234,-0.250044,0.064427,0.000000,0.000000,0.000000,0.000000,-0.446697,
1624913871.000000,887286914.000000,-0.344527,-4.055725,0.000000,0.000000,0.000000,0.969952,-0.243298,0.062893,0.000000,0.000000,0.000000,0.000000,-0.421885,
1624913871.000000,920286914.000000,-0.346408,-4.056715,0.000000,0.000000,0.000000,0.971633,-0.236492,0.064427,0.000000,0.000000,0.000000,0.000000,-0.424920,
1624913871.000000,953286914.000000,-0.348304,-4.057677,0.000000,0.000000,0.000000,0.973461,-0.228855,0.064427,0.000000,0.000000,0.000000,0.000000,-0.475905,
1624913871.000000,986286914.000000,-0.350123,-4.058567,0.000000,0.000000,0.000000,0.975043,-0.222015,0.061359,0.000000,0.000000,0.000000,0.000000,-0.425505,
1624913872.000000,21286914.000000,-0.352161,-4.059527,0.000000,0.000000,0.000000,0.976656,-0.214808,0.064361,0.000000,0.000000,0.000000,0.000000,-0.421984,
1624913872.000000,54286914.000000,-0.354097,-4.060406,0.000000,0.000000,0.000000,0.978094,-0.208163,0.064427,0.000000,0.000000,0.000000,0.000000,-0.412049,
1624913872.000000,87286914.000000,-0.355998,-4.061237,0.000000,0.000000,0.000000,0.979533,-0.201285,0.062893,0.000000,0.000000,0.000000,0.000000,-0.425906,
1624913872.000000,120286914.000000,-0.357958,-4.062062,0.000000,0.000000,0.000000,0.980924,-0.194390,0.064427,0.000000,0.000000,0.000000,0.000000,-0.426294,
1624913872.000000,153286914.000000,-0.359906,-4.062848,0.000000,0.000000,0.000000,0.982419,-0.186691,0.063660,0.000000,0.000000,0.000000,0.000000,-0.475302,
1624913872.000000,186286914.000000,-0.361866,-4.063605,0.000000,0.000000,0.000000,0.983619,-0.180259,0.063660,0.000000,0.000000,0.000000,0.000000,-0.396575,
1624913872.000000,219286914.000000,-0.363835,-4.064336,0.000000,0.000000,0.000000,0.984859,-0.173356,0.063660,0.000000,0.000000,0.000000,0.000000,-0.425082,
1624913872.000000,252286914.000000,-0.365863,-4.065056,0.000000,0.000000,0.000000,0.986094,-0.166191,0.065194,0.000000,0.000000,0.000000,0.000000,-0.440616,
1624913872.000000,285286914.000000,-0.367853,-4.065730,0.000000,0.000000,0.000000,0.987355,-0.158522,0.063660,0.000000,0.000000,0.000000,0.000000,-0.471045,
1624913872.000000,318286914.000000,-0.369828,-4.066366,0.000000,0.000000,0.000000,0.988418,-0.151757,0.062893,0.000000,0.000000,0.000000,0.000000,-0.415011,
1624913872.000000,351286914.000000,-0.371885,-4.066997,0.000000,0.000000,0.000000,0.989426,-0.145041,0.065194,0.000000,0.000000,0.000000,0.000000,-0.411619,
1624913872.000000,384286914.000000,-0.373902,-4.067585,0.000000,0.000000,0.000000,0.990458,-0.137816,0.063660,0.000000,0.000000,0.000000,0.000000,-0.442315,
1624913872.000000,417286914.000000,-0.375926,-4.068145,0.000000,0.000000,0.000000,0.991388,-0.130960,0.063660,0.000000,0.000000,0.000000,0.000000,-0.419292,
1624913872.000000,450286914.000000,-0.378008,-4.068688,0.000000,0.000000,0.000000,0.992308,-0.123795,0.065194,0.000000,0.000000,0.000000,0.000000,-0.437819,
1624913872.000000,483286914.000000,-0.379999,-4.069179,0.000000,0.000000,0.000000,0.993118,-0.117115,0.062126,0.000000,0.000000,0.000000,0.000000,-0.407839,
1624913872.000000,516286914.000000,-0.382021,-4.069646,0.000000,0.000000,0.000000,0.993958,-0.109761,0.062893,0.000000,0.000000,0.000000,0.000000,-0.448589,
1624913872.000000,549286914.000000,-0.384123,-4.070102,0.000000,0.000000,0.000000,0.994659,-0.103220,0.065194,0.000000,0.000000,0.000000,0.000000,-0.398691,
1624913872.000000,583286914.000000,-0.386183,-4.070517,0.000000,0.000000,0.000000,0.995455,-0.095238,0.061788,0.000000,0.000000,0.000000,0.000000,-0.471861,
1624913872.000000,616286914.000000,-0.388248,-4.070900,0.000000,0.000000,0.000000,0.996090,-0.088343,0.063660,0.000000,0.000000,0.000000,0.000000,-0.419655,
1624913872.000000,649286914.000000,-0.390319,-4.071254,0.000000,0.000000,0.000000,0.996746,-0.080601,0.063660,0.000000,0.000000,0.000000,0.000000,-0.470907,
1624913872.000000,682286914.000000,-0.392445,-4.071586,0.000000,0.000000,0.000000,0.997268,-0.073862,0.065194,0.000000,0.000000,0.000000,0.000000,-0.409609,
1624913872.000000,715286914.000000,-0.394500,-4.071877,0.000000,0.000000,0.000000,0.997770,-0.066747,0.062893,0.000000,0.000000,0.000000,0.000000,-0.432280,
1624913872.000000,748286914.000000,-0.396634,-4.072148,0.000000,0.000000,0.000000,0.998232,-0.059434,0.065194,0.000000,0.000000,0.000000,0.000000,-0.444093,
1624913872.000000,781286914.000000,-0.398747,-4.072384,0.000000,0.000000,0.000000,0.998644,-0.052050,0.064427,0.000000,0.000000,0.000000,0.000000,-0.448223,
1624913872.000000,814286914.000000,-0.400813,-4.072585,0.000000,0.000000,0.000000,0.999011,-0.044460,0.062893,0.000000,0.000000,0.000000,0.000000,-0.460538,
1624913872.000000,849286914.000000,-0.403083,-4.072770,0.000000,0.000000,0.000000,0.999318,-0.036923,0.065085,0.000000,0.000000,0.000000,0.000000,-0.431070,
1624913872.000000,882286914.000000,-0.405179,-4.072909,0.000000,0.000000,0.000000,0.999564,-0.029513,0.063660,0.000000,0.000000,0.000000,0.000000,-0.449313,
1624913872.000000,915286914.000000,-0.407302,-4.073021,0.000000,0.000000,0.000000,0.999736,-0.022957,0.064427,0.000000,0.000000,0.000000,0.000000,-0.397483,
1624913872.000000,948286914.000000,-0.409528,-4.073107,0.000000,0.000000,0.000000,0.999878,-0.015596,0.067495,0.000000,0.000000,0.000000,0.000000,-0.446236,
1624913872.000000,983412998.000000,-0.411628,-4.073156,0.000000,0.000000,0.000000,0.999967,-0.008107,0.063660,0.000000,0.000000,0.000000,0.000000,-0.453860,
1624913873.000000,16412998.000000,-0.413754,-4.073176,0.000000,0.000000,0.000000,1.000000,-0.000980,0.064427,0.000000,0.000000,0.000000,0.000000,-0.431990,
1624913873.000000,49412998.000000,-0.415956,-4.073164,0.000000,0.000000,0.000000,0.999980,0.006382,0.066728,0.000000,0.000000,0.000000,0.000000,-0.446187,
1624913873.000000,82412998.000000,-0.418133,-4.073120,0.000000,0.000000,0.000000,0.999903,0.013959,0.065961,0.000000,0.000000,0.000000,0.000000,-0.459240,
1624913873.000000,116412998.000000,-0.420257,-4.073045,0.000000,0.000000,0.000000,0.999772,0.021333,0.062532,0.000000,0.000000,0.000000,0.000000,-0.433822,
1624913873.000000,149412998.000000,-0.422482,-4.072933,0.000000,0.000000,0.000000,0.999586,0.028762,0.067495,0.000000,0.000000,0.000000,0.000000,-0.450349,
1624913873.000000,182412998.000000,-0.424604,-4.072795,0.000000,0.000000,0.000000,0.999344,0.036208,0.064427,0.000000,0.000000,0.000000,0.000000,-0.451559,
1624913873.000000,215412998.000000,-0.426672,-4.072630,0.000000,0.000000,0.000000,0.999059,0.043360,0.062893,0.000000,0.000000,0.000000,0.000000,-0.433776,
1624913873.000000,249412998.000000,-0.428840,-4.072425,0.000000,0.000000,0.000000,0.998714,0.050692,0.064021,0.000000,0.000000,0.000000,0.000000,-0.431781,
1624913873.000000,282412998.000000,-0.430953,-4.072195,0.000000,0.000000,0.000000,0.998312,0.058078,0.064427,0.000000,0.000000,0.000000,0.000000,-0.448282,
1624913873.000000,315412998.000000,-0.433013,-4.071939,0.000000,0.000000,0.000000,0.997846,0.065599,0.062893,0.000000,0.000000,0.000000,0.000000,-0.456706,
1624913873.000000,348412998.000000,-0.435118,-4.071645,0.000000,0.000000,0.000000,0.997350,0.072754,0.064427,0.000000,0.000000,0.000000,0.000000,-0.434640,
1624913873.000000,381412998.000000,-0.437195,-4.071325,0.000000,0.000000,0.000000,0.996798,0.079965,0.063660,0.000000,0.000000,0.000000,0.000000,-0.438317,
