1624914640.000000,509580881.000000,-1.031229,-7.540214,0.000000,0.000000,0.000000,-0.053858,0.998549,0.000000,0.000000,0.000000,0.000000,0.000000,0.000043,
1624914650.000000,961086891.000000,-1.031229,-7.540214,0.000000,0.000000,0.000000,-0.053877,0.998548,0.000000,0.000000,0.000000,0.000000,0.000000,-0.000007,
1624914650.000000,995086891.000000,-1.031229,-7.540214,0.000000,0.000000,0.000000,-0.053877,0.998548,0.000000,0.000000,0.000000,0.000000,0.000000,0.000014,
1624914651.000000,28086891.000000,-1.031229,-7.540214,0.000000,0.000000,0.000000,-0.053878,0.998547,0.000000,0.000000,0.000000,0.000000,0.000000,-0.000072,
1624914651.000000,61086891.000000,-1.031229,-7.540214,0.000000,0.000000,0.000000,-0.053878,0.998547,0.000000,0.000000,0.000000,0.000000,0.000000,0.000007,
1624914651.000000,94086891.000000,-1.031229,-7.540214,0.000000,0.000000,0.000000,-0.053878,0.998547,0.000000,0.000000,0.000000,0.000000,0.000000,0.000007,
1624914651.000000,127086891.000000,-1.031229,-7.540214,0.000000,0.000000,0.000000,-0.053879,0.998547,0.000000,0.000000,0.000000,0.000000,0.000000,-0.000051,
1624914651.000000,159086891.000000,-1.031229,-7.540214,0.000000,0.000000,0.000000,-0.053878,0.998547,0.000000,0.000000,0.000000,0.000000,0.000000,0.000030,
1624914651.000000,192086891.000000,-1.031229,-7.540214,0.000000,0.000000,0.000000,-0.053879,0.998547,0.000000,0.000000,0.000000,0.000000,0.000000,-0.000043,
1624914651.000000,225086891.000000,-1.031229,-7.540214,0.000000,0.000000,0.000000,-0.053878,0.998548,0.000000,0.000000,0.000000,0.000000,0.000000,0.000087,
1624914651.000000,259086891.000000,-1.031229,-7.540214,0.000000,0.000000,0.000000,-0.053878,0.998548,0.000000,0.000000,0.000000,0.000000,0.000000,-0.000007,
1624914651.000000,292086891.000000,-1.031229,-7.540214,0.000000,0.000000,0.000000,-0.053878,0.998548,0.000000,0.000000,0.000000,0.000000,0.000000,0.000000,
1624914651.000000,325086891.000000,-1.031229,-7.540214,0.000000,0.000000,0.000000,-0.053878,0.998548,0.000000,0.000000,0.000000,0.000000,0.000000,0.000000,
1624914651.000000,358086891.000000,-1.030524,-7.540291,0.000000,0.000000,0.000000,-0.054808,0.998497,0.021476,0.000000,0.000000,0.000000,0.000000,-0.056462,
1624914651.000000,391086891.000000,-1.028840,-7.540485,0.000000,0.000000,0.000000,-0.059961,0.998201,0.051388,0.000000,0.000000,0.000000,0.000000,-0.312812,
1624914651.000000,424086891.000000,-1.026856,-7.540737,0.000000,0.000000,0.000000,-0.066533,0.997784,0.060592,0.000000,0.000000,0.000000,0.000000,-0.399077,
1624914651.000000,451728931.000000,-1.024776,-7.541030,0.000000,0.000000,0.000000,-0.073513,0.997294,0.063660,0.000000,0.000000,0.000000,0.000000,-0.424089,
1624914651.000000,484728931.000000,-1.022650,-7.541361,0.000000,0.000000,0.000000,-0.080791,0.996731,0.065194,0.000000,0.000000,0.000000,0.000000,-0.442418,
1624914651.000000,517728931.000000,-1.020554,-7.541718,0.000000,0.000000,0.000000,-0.087511,0.996164,0.064427,0.000000,0.000000,0.000000,0.000000,-0.408707,
1624914651.000000,550728931.000000,-1.018464,-7.542105,0.000000,0.000000,0.000000,-0.095292,0.995449,0.064427,0.000000,0.000000,0.000000,0.000000,-0.473579,
1624914651.000000,583728931.000000,-1.016330,-7.542534,0.000000,0.000000,0.000000,-0.102551,0.994728,0.065961,0.000000,0.000000,0.000000,0.000000,-0.442122,
1624914651.000000,616728931.000000,-1.014227,-7.542988,0.000000,0.000000,0.000000,-0.109878,0.993945,0.065194,0.000000,0.000000,0.000000,0.000000,-0.446601,
1624914651.000000,649728931.000000,-1.012204,-7.543455,0.000000,0.000000,0.000000,-0.116435,0.993198,0.062893,0.000000,0.000000,0.000000,0.000000,-0.399965,
1624914651.000000,682728931.000000,-1.014294,-7.542943,0.000000,0.000000,0.000000,0.123638,-0.992327,0.065194,0.000000,0.000000,0.000000,0.000000,189.959869,
1624914651.000000,715728931.000000,-1.012237,-7.543480,0.000000,0.000000,0.000000,0.131361,-0.991335,0.064427,0.000000,0.000000,0.000000,0.000000,-0.471939,
1624914651.000000,748728931.000000,-1.010237,-7.544034,0.000000,0.000000,0.000000,0.137770,-0.990464,0.062893,0.000000,0.000000,0.000000,0.000000,-0.391975,
1624914651.000000,783728931.000000,-1.008123,-7.544651,0.000000,0.000000,0.000000,0.145273,-0.989392,0.062915,0.000000,0.000000,0.000000,0.000000,-0.433118,
1624914651.000000,816728931.000000,-1.006091,-7.545277,0.000000,0.000000,0.000000,0.152453,-0.988311,0.064427,0.000000,0.000000,0.000000,0.000000,-0.440027,
1624914651.000000,849728931.000000,-1.004092,-7.545925,0.000000,0.000000,0.000000,0.159893,-0.987134,0.063660,0.000000,0.000000,0.000000,0.000000,-0.456528,
1624914651.000000,882728931.000000,-1.002103,-7.546601,0.000000,0.000000,0.000000,0.166393,-0.986059,0.063660,0.000000,0.000000,0.000000,0.000000,-0.399293,
1624914651.000000,915728931.000000,-1.000124,-7.547306,0.000000,0.000000,0.000000,0.174136,-0.984722,0.063660,0.000000,0.000000,0.000000,0.000000,-0.476230,
1624914651.000000,948728931.000000,-0.998156,-7.548039,0.000000,0.000000,0.000000,0.180511,-0.983573,0.063660,0.000000,0.000000,0.000000,0.000000,-0.392553,
1624914651.000000,981728931.000000,-0.996127,-7.548827,0.000000,0.000000,0.000000,0.187586,-0.982248,0.065961,0.000000,0.000000,0.000000,0.000000,-0.436284,
1624914652.000000,15728931.000000,-0.994133,-7.549636,0.000000,0.000000,0.000000,0.195441,-0.980716,0.063277,0.000000,0.000000,0.000000,0.000000,-0.470757,
1624914652.000000,48728931.000000,-0.992245,-7.550435,0.000000,0.000000,0.000000,0.202286,-0.979327,0.062126,0.000000,0.000000,0.000000,0.000000,-0.423294,
1624914652.000000,81728931.000000,-0.990276,-7.551301,0.000000,0.000000,0.000000,0.209289,-0.977854,0.065194,0.000000,0.000000,0.000000,0.000000,-0.433720,
1624914652.000000,114728931.000000,-0.988388,-7.552165,0.000000,0.000000,0.000000,0.216372,-0.976311,0.062893,0.000000,0.000000,0.000000,0.000000,-0.439319,
1624914652.000000,147728931.000000,-0.986490,-7.553065,0.000000,0.000000,0.000000,0.223158,-0.974782,0.063660,0.000000,0.000000,0.000000,0.000000,-0.421632,
1624914652.000000,180728931.000000,-0.984604,-7.553990,0.000000,0.000000,0.000000,0.228983,-0.973430,0.063660,0.000000,0.000000,0.000000,0.000000,-0.362411,
1624914652.000000,213728931.000000,-0.982731,-7.554942,0.000000,0.000000,0.000000,0.236577,-0.971613,0.063660,0.000000,0.000000,0.000000,0.000000,-0.473246,
1624914652.000000,246728931.000000,-0.980939,-7.555885,0.000000,0.000000,0.000000,0.243230,-0.969969,0.061359,0.000000,0.000000,0.000000,0.000000,-0.415325,
1624914652.000000,279728931.000000,-0.979050,-7.556913,0.000000,0.000000,0.000000,0.250136,-0.968211,0.065194,0.000000,0.000000,0.000000,0.000000,-0.431906,
1624914652.000000,312728931.000000,-0.977197,-7.557957,0.000000,0.000000,0.000000,0.257324,-0.966325,0.064427,0.000000,0.000000,0.000000,0.000000,-0.450373,
1624914652.000000,345728931.000000,-0.975382,-7.559015,0.000000,0.000000,0.000000,0.264121,-0.964490,0.063660,0.000000,0.000000,0.000000,0.000000,-0.426668,
1624914652.000000,378728931.000000,-0.973582,-7.560098,0.000000,0.000000,0.000000,0.271028,-0.962571,0.063660,0.000000,0.000000,0.000000,0.000000,-0.434478,
1624914652.000000,411728931.000000,-0.971777,-7.561221,0.000000,0.000000,0.000000,0.278167,-0.960533,0.064427,0.000000,0.000000,0.000000,0.000000,-0.449968,
1624914652.000000,444728931.000000,-0.969988,-7.562370,0.000000,0.000000,0.000000,0.284989,-0.958531,0.064427,0.000000,0.000000,0.000000,0.000000,-0.430924,
1624914652.000000,477728931.000000,-0.968216,-7.563545,0.000000,0.000000,0.000000,0.292295,-0.956328,0.064427,0.000000,0.000000,0.000000,0.000000,-0.462481,
1624914652.000000,510728931.000000,-0.966483,-7.564732,0.000000,0.000000,0.000000,0.299318,-0.954154,0.063660,0.000000,0.000000,0.000000,0.000000,-0.445525,
1624914652.000000,543728931.000000,-0.964767,-7.565944,0.000000,0.000000,0.000000,0.306017,-0.952026,0.063660,0.000000,0.000000,0.000000,0.000000,-0.425989,
1624914652.000000,576728931.000000,-0.963089,-7.567165,0.000000,0.000000,0.000000,0.312685,-0.949857,0.062893,0.000000,0.000000,0.000000,0.000000,-0.424963,
1624914652.000000,609728931.000000,-0.961388,-7.568441,0.000000,0.000000,0.000000,0.319614,-0.947548,0.064427,0.000000,0.000000,0.000000,0.000000,-0.442649,
1624914652.000000,642728931.000000,-0.959765,-7.569694,0.000000,0.000000,0.000000,0.326280,-0.945273,0.062126,0.000000,0.000000,0.000000,0.000000,-0.426870,
1624914652.000000,675728931.000000,-0.958121,-7.571002,0.000000,0.000000,0.000000,0.332882,-0.942969,0.063660,0.000000,0.000000,0.000000,0.000000,-0.423807,
1624914652.000000,708728931.000000,-0.956514,-7.572315,0.000000,0.000000,0.000000,0.338746,-0.940878,0.062893,0.000000,0.000000,0.000000,0.000000,-0.377337,
1624914652.000000,741728931.000000,-0.954886,-7.573683,0.000000,0.000000,0.000000,0.346107,-0.938195,0.064427,0.000000,0.000000,0.000000,0.000000,-0.474836,
1624914652.000000,774728931.000000,-0.953279,-7.575075,0.000000,0.000000,0.000000,0.352724,-0.935727,0.064427,0.000000,0.000000,0.000000,0.000000,-0.427976,
1624914652.000000,807728931.000000,-0.951693,-7.576491,0.000000,0.000000,0.000000,0.360111,-0.932910,0.064427,0.000000,0.000000,0.000000,0.000000,-0.479156,
1624914652.000000,840728931.000000,-0.950129,-7.577931,0.000000,0.000000,0.000000,0.366931,-0.930248,0.064427,0.000000,0.000000,0.000000,0.000000,-0.443711,
1624914652.000000,873728931.000000,-0.948622,-7.579359,0.000000,0.000000,0.000000,0.373497,-0.927631,0.062893,0.000000,0.000000,0.000000,0.000000,-0.428395,
1624914652.000000,906728931.000000,-0.947064,-7.580879,0.000000,0.000000,0.000000,0.380286,-0.924869,0.065961,0.000000,0.000000,0.000000,0.000000,-0.444181,
1624914652.000000,942728931.000000,-0.945422,-7.582530,0.000000,0.000000,0.000000,0.387620,-0.921819,0.064683,0.000000,0.000000,0.000000,0.000000,-0.441273,
1624914652.000000,975728931.000000,-0.943963,-7.584041,0.000000,0.000000,0.000000,0.393728,-0.919227,0.063660,0.000000,0.000000,0.000000,0.000000,-0.402111,
1624914653.000000,8728931.000000,-0.942491,-7.585610,0.000000,0.000000,0.000000,0.400997,-0.916080,0.065194,0.000000,0.000000,0.000000,0.000000,-0.480081,
1624914653.000000,41728931.000000,-0.940991,-7.587257,0.000000,0.000000,0.000000,0.407310,-0.913290,0.067495,0.000000,0.000000,0.000000,0.000000,-0.418302,
1624914653.000000,74728931.000000,-0.939599,-7.588830,0.000000,0.000000,0.000000,0.414331,-0.910126,0.063660,0.000000,0.000000,0.000000,0.000000,-0.466737,
1624914653.000000,107728931.000000,-0.938199,-7.590464,0.000000,0.000000,0.000000,0.421129,-0.907001,0.065194,0.000000,0.000000,0.000000,0.000000,-0.453458,
1624914653.000000,141728931.000000,-0.936790,-7.592156,0.000000,0.000000,0.000000,0.427981,-0.903788,0.064766,0.000000,0.000000,0.000000,0.000000,-0.445184,
1624914653.000000,174728931.000000,-0.935454,-7.593810,0.000000,0.000000,0.000000,0.434018,-0.900904,0.064427,0.000000,0.000000,0.000000,0.000000,-0.405442,
1624914653.000000,207728931.000000,-0.934110,-7.595522,0.000000,0.000000,0.000000,0.440676,-0.897666,0.065961,0.000000,0.000000,0.000000,0.000000,-0.448704,
1624914653.000000,240728931.000000,-0.932807,-7.597234,0.000000,0.000000,0.000000,0.447190,-0.894439,0.065194,0.000000,0.000000,0.000000,0.000000,-0.440576,
1624914653.000000,273728931.000000,-0.931528,-7.598965,0.000000,0.000000,0.000000,0.453712,-0.891148,0.065194,0.000000,0.000000,0.000000,0.000000,-0.442801,
1624914653.000000,306728931.000000,-0.930247,-7.600755,0.000000,0.000000,0.000000,0.460485,-0.887667,0.066728,0.000000,0.000000,0.000000,0.000000,-0.461499,
1624914653.000000,339728931.000000,-0.929050,-7.602482,0.000000,0.000000,0.000000,0.467415,-0.884038,0.063660,0.000000,0.000000,0.000000,0.000000,-0.474084,
1624914653.000000,372728931.000000,-0.927880,-7.604226,0.000000,0.000000,0.000000,0.473656,-0.880710,0.063660,0.000000,0.000000,0.000000,0.000000,-0.428684,
1624914653.000000,406728931.000000,-0.926692,-7.606050,0.000000,0.000000,0.000000,0.479741,-0.877410,0.064021,0.000000,0.000000,0.000000,0.000000,-0.407156,
1624914653.000000,439728931.000000,-0.925572,-7.607828,0.000000,0.000000,0.000000,0.486423,-0.873724,0.063660,0.000000,0.000000,0.000000,0.000000,-0.462532,
1624914653.000000,472728931.000000,-0.924490,-7.609599,0.000000,0.000000,0.000000,0.492048,-0.870568,0.062893,0.000000,0.000000,0.000000,0.000000,-0.390913,
1624914653.000000,505728931.000000,-0.923408,-7.611429,0.000000,0.000000,0.000000,0.498822,-0.866704,0.064427,0.000000,0.000000,0.000000,0.000000,-0.472603,
1624914653.000000,538728931.000000,-0.922365,-7.613253,0.000000,0.000000,0.000000,0.505027,-0.863104,0.063660,0.000000,0.000000,0.000000,0.000000,-0.434796,
1624914653.000000,571728931.000000,-0.921348,-7.615091,0.000000,0.000000,0.000000,0.510589,-0.859825,0.063660,0.000000,0.000000,0.000000,0.000000,-0.391267,
1624914653.000000,604728931.000000,-0.920345,-7.616965,0.000000,0.000000,0.000000,0.517274,-0.855820,0.064427,0.000000,0.000000,0.000000,0.000000,-0.472314,
1624914653.000000,637728931.000000,-0.919382,-7.618832,0.000000,0.000000,0.000000,0.523396,-0.852090,0.063660,0.000000,0.000000,0.000000,0.000000,-0.434500,
1624914653.000000,670728931.000000,-0.918468,-7.620667,0.000000,0.000000,0.000000,0.529319,-0.848423,0.062126,0.000000,0.000000,0.000000,0.000000,-0.422153,
1624914653.000000,703728931.000000,-0.917535,-7.622605,0.000000,0.000000,0.000000,0.534919,-0.844903,0.065194,0.000000,0.000000,0.000000,0.000000,-0.400919,
1624914653.000000,736728931.000000,-0.916662,-7.624488,0.000000,0.000000,0.000000,0.541542,-0.840674,0.062893,0.000000,0.000000,0.000000,0.000000,-0.476216,
1624914653.000000,769728931.000000,-0.915805,-7.626407,0.000000,0.000000,0.000000,0.546934,-0.837176,0.063660,0.000000,0.000000,0.000000,0.000000,-0.389562,
1624914653.000000,802728931.000000,-0.914966,-7.628360,0.000000,0.000000,0.000000,0.553430,-0.832896,0.064427,0.000000,0.000000,0.000000,0.000000,-0.471462,
1624914653.000000,836728931.000000,-0.914157,-7.630326,0.000000,0.000000,0.000000,0.559514,-0.828821,0.062532,0.000000,0.000000,0.000000,0.000000,-0.430745,
1624914653.000000,869728931.000000,-0.913394,-7.632257,0.000000,0.000000,0.000000,0.565220,-0.824940,0.062893,0.000000,0.000000,0.000000,0.000000,-0.418193,
1624914653.000000,902728931.000000,-0.912641,-7.634244,0.000000,0.000000,0.000000,0.571099,-0.820881,0.064427,0.000000,0.000000,0.000000,0.000000,-0.432975,
1624914653.000000,935728931.000000,-0.911917,-7.636243,0.000000,0.000000,0.000000,0.577161,-0.816630,0.064427,0.000000,0.000000,0.000000,0.000000,-0.448754,
1624914653.000000,971179967.000000,-0.911220,-7.638252,0.000000,0.000000,0.000000,0.582355,-0.812934,0.064427,0.000000,0.000000,0.000000,0.000000,-0.386375,
1624914654.000000,4179967.000000,-0.910551,-7.640270,0.000000,0.000000,0.000000,0.588618,-0.808411,0.064427,0.000000,0.000000,0.000000,0.000000,-0.468167,
1624914654.000000,36179967.000000,-0.909927,-7.642250,0.000000,0.000000,0.000000,0.594084,-0.804403,0.064859,0.000000,0.000000,0.000000,0.000000,-0.423685,
1624914654.000000,69179967.000000,-0.909332,-7.644238,0.000000,0.000000,0.000000,0.600031,-0.799976,0.062893,0.000000,0.000000,0.000000,0.000000,-0.449296,
1624914654.000000,102179967.000000,-0.908751,-7.646283,0.000000,0.000000,0.000000,0.605741,-0.795662,0.064427,0.000000,0.000000,0.000000,0.000000,-0.433748,
1624914654.000000,135179967.000000,-0.908213,-7.648287,0.000000,0.000000,0.000000,0.611588,-0.791176,0.062893,0.000000,0.000000,0.000000,0.000000,-0.446623,
1624914654.000000,168179967.000000,-0.907698,-7.650324,0.000000,0.000000,0.000000,0.617100,-0.786884,0.063660,0.000000,0.000000,0.000000,0.000000,-0.423410,
1624914654.000000,201179967.000000,-0.907212,-7.652368,0.000000,0.000000,0.000000,0.622631,-0.782515,0.063660,0.000000,0.000000,0.000000,0.000000,-0.427167,
1624914654.000000,235179967.000000,-0.906754,-7.654418,0.000000,0.000000,0.000000,0.627931,-0.778269,0.061788,0.000000,0.000000,0.000000,0.000000,-0.399449,
1624914654.000000,268179967.000000,-0.906330,-7.656450,0.000000,0.000000,0.000000,0.633398,-0.773826,0.062893,0.000000,0.000000,0.000000,0.000000,-0.427015,
1624914654.000000,301179967.000000,-0.905924,-7.658537,0.000000,0.000000,0.000000,0.638907,-0.769284,0.064427,0.000000,0.000000,0.000000,0.000000,-0.432683,
1624914654.000000,334179967.000000,-0.905546,-7.660655,0.000000,0.000000,0.000000,0.645013,-0.764172,0.065194,0.000000,0.000000,0.000000,0.000000,-0.482678,
1624914654.000000,367179967.000000,-0.905216,-7.662679,0.000000,0.000000,0.000000,0.650447,-0.759552,0.062126,0.000000,0.000000,0.000000,0.000000,-0.432246,
1624914654.000000,401179967.000000,-0.904897,-7.664832,0.000000,0.000000,0.000000,0.655981,-0.754777,0.064021,0.000000,0.000000,0.000000,0.000000,-0.429977,
1624914654.000000,434179967.000000,-0.904610,-7.666990,0.000000,0.000000,0.000000,0.661586,-0.749870,0.065961,0.000000,0.000000,0.000000,0.000000,-0.451467,
1624914654.000000,467179967.000000,-0.904363,-7.669076,0.000000,0.000000,0.000000,0.666934,-0.745117,0.063660,0.000000,0.000000,0.000000,0.000000,-0.433615,
1624914654.000000,500179967.000000,-0.904146,-7.671165,0.000000,0.000000,0.000000,0.672225,-0.740347,0.063660,0.000000,0.000000,0.000000,0.000000,-0.431783,
1624914654.000000,534179967.000000,-0.903951,-7.673359,0.000000,0.000000,0.000000,0.677854,-0.735196,0.064766,0.000000,0.000000,0.000000,0.000000,-0.448798,
1624914654.000000,567179967.000000,-0.903792,-7.675505,0.000000,0.000000,0.000000,0.683166,-0.730263,0.065194,0.000000,0.000000,0.000000,0.000000,-0.439330,
1624914654.000000,600179967.000000,-0.903663,-7.677652,0.000000,0.000000,0.000000,0.687995,-0.725715,0.065194,0.000000,0.000000,0.000000,0.000000,-0.402068,
1624914654.000000,633179967.000000,-0.903567,-7.679776,0.000000,0.000000,0.000000,0.693827,-0.720141,0.064427,0.000000,0.000000,0.000000,0.000000,-0.488931,
1624914654.000000,666179967.000000,-0.903501,-7.681927,0.000000,0.000000,0.000000,0.698631,-0.715482,0.065194,0.000000,0.000000,0.000000,0.000000,-0.405554,
1624914654.000000,700179967.000000,-0.903467,-7.684103,0.000000,0.000000,0.000000,0.704312,-0.709890,0.064021,0.000000,0.000000,0.000000,0.000000,-0.468920,
1624914654.000000,733179967.000000,-0.903466,-7.686280,0.000000,0.000000,0.000000,0.709621,-0.704583,0.065961,0.000000,0.000000,0.000000,0.000000,-0.454975,
1624914654.000000,766179967.000000,-0.903497,-7.688431,0.000000,0.000000,0.000000,0.714692,-0.699439,0.065194,0.000000,0.000000,0.000000,0.000000,-0.437747,
1624914654.000000,799179967.000000,-0.903559,-7.690581,0.000000,0.000000,0.000000,0.719777,-0.694205,0.065194,0.000000,0.000000,0.000000,0.000000,-0.442288,
1624914654.000000,832179967.000000,-0.903653,-7.692731,0.000000,0.000000,0.000000,0.724945,-0.688807,0.065194,0.000000,0.000000,0.000000,0.000000,-0.452930,
1624914654.000000,865179967.000000,-0.903775,-7.694828,0.000000,0.000000,0.000000,0.729857,-0.683600,0.063660,0.000000,0.000000,0.000000,0.000000,-0.433810,
1624914654.000000,898179967.000000,-0.903930,-7.696974,0.000000,0.000000,0.000000,0.734422,-0.678693,0.065194,0.000000,0.000000,0.000000,0.000000,-0.406215,
1624914654.000000,931179967.000000,-0.904113,-7.699092,0.000000,0.000000,0.000000,0.739410,-0.673256,0.064427,0.000000,0.000000,0.000000,0.000000,-0.447150,
1624914654.000000,964179967.000000,-0.904325,-7.701182,0.000000,0.000000,0.000000,0.744508,-0.667613,0.063660,0.000000,0.000000,0.000000,0.000000,-0.460917,
1624914654.000000,997179967.000000,-0.904566,-7.703269,0.000000,0.000000,0.000000,0.748510,-0.663123,0.063660,0.000000,0.000000,0.000000,0.000000,-0.364506,
1624914655.000000,31179967.000000,-0.904840,-7.705378,0.000000,0.000000,0.000000,0.754128,-0.656727,0.062532,0.000000,0.000000,0.000000,0.000000,-0.500767,
1624914655.000000,64179967.000000,-0.905146,-7.707481,0.000000,0.000000,0.000000,0.758418,-0.651768,0.064427,0.000000,0.000000,0.000000,0.000000,-0.397418,
1624914655.000000,97179967.000000,-0.905478,-7.709556,0.000000,0.000000,0.000000,0.763371,-0.645961,0.063660,0.000000,0.000000,0.000000,0.000000,-0.462557,
1624914655.000000,130179967.000000,-0.905847,-7.711675,0.000000,0.000000,0.000000,0.767336,-0.641246,0.065194,0.000000,0.000000,0.000000,0.000000,-0.373378,
1624914655.000000,163179967.000000,-0.906227,-7.713690,0.000000,0.000000,0.000000,0.772211,-0.635366,0.062126,0.000000,0.000000,0.000000,0.000000,-0.462872,
1624914655.000000,196179967.000000,-0.906656,-7.715798,0.000000,0.000000,0.000000,0.776684,-0.629890,0.065194,0.000000,0.000000,0.000000,0.000000,-0.428579,
1624914655.000000,230179967.000000,-0.907117,-7.717899,0.000000,0.000000,0.000000,0.781712,-0.623639,0.063277,0.000000,0.000000,0.000000,0.000000,-0.471865,
1624914655.000000,263179967.000000,-0.907597,-7.719944,0.000000,0.000000,0.000000,0.785816,-0.618460,0.063660,0.000000,0.000000,0.000000,0.000000,-0.400478,
1624914655.000000,296179967.000000,-0.908100,-7.721958,0.000000,0.000000,0.000000,0.790438,-0.612542,0.062893,0.000000,0.000000,0.000000,0.000000,-0.455119,
1624914655.000000,329179967.000000,-0.908652,-7.724038,0.000000,0.000000,0.000000,0.794860,-0.606793,0.065194,0.000000,0.000000,0.000000,0.000000,-0.439528,
1624914655.000000,362179967.000000,-0.909200,-7.725987,0.000000,0.000000,0.000000,0.799144,-0.601140,0.061359,0.000000,0.000000,0.000000,0.000000,-0.429861,
1624914655.000000,395179967.000000,-0.909803,-7.728026,0.000000,0.000000,0.000000,0.803023,-0.595948,0.064427,0.000000,0.000000,0.000000,0.000000,-0.392852,
1624914655.000000,428179967.000000,-0.910433,-7.730056,0.000000,0.000000,0.000000,0.807334,-0.590095,0.064427,0.000000,0.000000,0.000000,0.000000,-0.440493,
1624914655.000000,461179967.000000,-0.911087,-7.732053,0.000000,0.000000,0.000000,0.811917,-0.583773,0.063660,0.000000,0.000000,0.000000,0.000000,-0.473275,
1624914655.000000,494179967.000000,-0.911769,-7.734040,0.000000,0.000000,0.000000,0.815956,-0.578115,0.063660,0.000000,0.000000,0.000000,0.000000,-0.421329,
1624914655.000000,527179967.000000,-0.912498,-7.736064,0.000000,0.000000,0.000000,0.820176,-0.572111,0.065194,0.000000,0.000000,0.000000,0.000000,-0.444770,
1624914655.000000,560179967.000000,-0.913228,-7.738007,0.000000,0.000000,0.000000,0.824292,-0.566165,0.062893,0.000000,0.000000,0.000000,0.000000,-0.438268,
1624914655.000000,593179967.000000,-0.914004,-7.739986,0.000000,0.000000,0.000000,0.827889,-0.560892,0.064427,0.000000,0.000000,0.000000,0.000000,-0.386816,
1624914655.000000,626179967.000000,-0.914818,-7.741978,0.000000,0.000000,0.000000,0.832255,-0.554393,0.065194,0.000000,0.000000,0.000000,0.000000,-0.474511,
1624914655.000000,659179967.000000,-0.915631,-7.743887,0.000000,0.000000,0.000000,0.836314,-0.548250,0.062893,0.000000,0.000000,0.000000,0.000000,-0.446262,
1624914655.000000,692179967.000000,-0.916482,-7.745809,0.000000,0.000000,0.000000,0.839825,-0.542858,0.063660,0.000000,0.000000,0.000000,0.000000,-0.389973,
1624914655.000000,725179967.000000,-0.917370,-7.747740,0.000000,0.000000,0.000000,0.844008,-0.536331,0.064427,0.000000,0.000000,0.000000,0.000000,-0.469844,
1624914655.000000,758179967.000000,-0.918265,-7.749613,0.000000,0.000000,0.000000,0.847924,-0.530117,0.062893,0.000000,0.000000,0.000000,0.000000,-0.445131,
1624914655.000000,791179967.000000,-0.919187,-7.751472,0.000000,0.000000,0.000000,0.851553,-0.524268,0.062893,0.000000,0.000000,0.000000,0.000000,-0.417204,
1624914655.000000,824179967.000000,-0.920157,-7.753364,0.000000,0.000000,0.000000,0.855220,-0.518265,0.064427,0.000000,0.000000,0.000000,0.000000,-0.426343,
1624914655.000000,857179967.000000,-0.921131,-7.755197,0.000000,0.000000,0.000000,0.859056,-0.511881,0.062893,0.000000,0.000000,0.000000,0.000000,-0.451341,
1624914655.000000,890179967.000000,-0.922144,-7.757037,0.000000,0.000000,0.000000,0.862604,-0.505879,0.063660,0.000000,0.000000,0.000000,0.000000,-0.422575,
1624914655.000000,923179967.000000,-0.923195,-7.758885,0.000000,0.000000,0.000000,0.866219,-0.499665,0.064427,0.000000,0.000000,0.000000,0.000000,-0.435699,
1624914655.000000,956179967.000000,-0.924274,-7.760718,0.000000,0.000000,0.000000,0.869913,-0.493205,0.064427,0.000000,0.000000,0.000000,0.000000,-0.451016,
1624914655.000000,989179967.000000,-0.925311,-7.762427,0.000000,0.000000,0.000000,0.873064,-0.487605,0.060592,0.000000,0.000000,0.000000,0.000000,-0.389421,
1624914656.000000,22179967.000000,-0.926453,-7.764250,0.000000,0.000000,0.000000,0.876540,-0.481328,0.065194,0.000000,0.000000,0.000000,0.000000,-0.434868,
1624914656.000000,55179967.000000,-0.927621,-7.766057,0.000000,0.000000,0.000000,0.880113,-0.474765,0.065194,0.000000,0.000000,0.000000,0.000000,-0.452865,
1624914656.000000,88179967.000000,-0.928774,-7.767783,0.000000,0.000000,0.000000,0.883727,-0.468003,0.062893,0.000000,0.000000,0.000000,0.000000,-0.464663,
1624914656.000000,121179967.000000,-0.929966,-7.769513,0.000000,0.000000,0.000000,0.886799,-0.462156,0.063660,0.000000,0.000000,0.000000,0.000000,-0.400355,
1624914656.000000,154179967.000000,-0.931242,-7.771307,0.000000,0.000000,0.000000,0.890488,-0.455006,0.066728,0.000000,0.000000,0.000000,0.000000,-0.487609,
1624914656.000000,187179967.000000,-0.932485,-7.773001,0.000000,0.000000,0.000000,0.893715,-0.448635,0.063660,0.000000,0.000000,0.000000,0.000000,-0.432806,
1624914656.000000,220179967.000000,-0.933783,-7.774717,0.000000,0.000000,0.000000,0.896983,-0.442064,0.065194,0.000000,0.000000,0.000000,0.000000,-0.444770,
1624914656.000000,253179967.000000,-0.935105,-7.776414,0.000000,0.000000,0.000000,0.899972,-0.435948,0.065194,0.000000,0.000000,0.000000,0.000000,-0.412573,
1624914656.000000,286179967.000000,-0.936452,-7.778092,0.000000,0.000000,0.000000,0.903323,-0.428960,0.065194,0.000000,0.000000,0.000000,0.000000,-0.469692,
1624914656.000000,319179967.000000,-0.937807,-7.779730,0.000000,0.000000,0.000000,0.906416,-0.422386,0.064427,0.000000,0.000000,0.000000,0.000000,-0.440305,
1624914656.000000,352179967.000000,-0.939219,-7.781387,0.000000,0.000000,0.000000,0.909331,-0.416073,0.065961,0.000000,0.000000,0.000000,0.000000,-0.421441,
1624914656.000000,386179967.000000,-0.940671,-7.783042,0.000000,0.000000,0.000000,0.912501,-0.409073,0.064766,0.000000,0.000000,0.000000,0.000000,-0.452014,
1624914656.000000,419179967.000000,-0.942115,-7.784637,0.000000,0.000000,0.000000,0.915685,-0.401898,0.065194,0.000000,0.000000,0.000000,0.000000,-0.475750,
1624914656.000000,441066013.000000,-0.943599,-7.786230,0.000000,0.000000,0.000000,0.918233,-0.396041,0.065961,0.000000,0.000000,0.000000,0.000000,-0.387073,
1624914656.000000,474066013.000000,-0.945053,-7.787745,0.000000,0.000000,0.000000,0.921483,-0.388420,0.063660,0.000000,0.000000,0.000000,0.000000,-0.502160,
1624914656.000000,507066013.000000,-0.946529,-7.789240,0.000000,0.000000,0.000000,0.923849,-0.382756,0.063660,0.000000,0.000000,0.000000,0.000000,-0.372016,
1624914656.000000,540066013.000000,-0.948081,-7.790767,0.000000,0.000000,0.000000,0.927071,-0.374885,0.065961,0.000000,0.000000,0.000000,0.000000,-0.515428,
1624914656.000000,573066013.000000,-0.949565,-7.792181,0.000000,0.000000,0.000000,0.929680,-0.368369,0.062126,0.000000,0.000000,0.000000,0.000000,-0.425420,
1624914656.000000,606066013.000000,-0.951125,-7.793627,0.000000,0.000000,0.000000,0.932262,-0.361784,0.064427,0.000000,0.000000,0.000000,0.000000,-0.428664,
1624914656.000000,639066013.000000,-0.952686,-7.795033,0.000000,0.000000,0.000000,0.934866,-0.355001,0.063660,0.000000,0.000000,0.000000,0.000000,-0.440339,
1624914656.000000,672066013.000000,-0.954267,-7.796416,0.000000,0.000000,0.000000,0.937343,-0.348407,0.063660,0.000000,0.000000,0.000000,0.000000,-0.426905,
1624914656.000000,705066013.000000,-0.955867,-7.797777,0.000000,0.000000,0.000000,0.939780,-0.341779,0.063660,0.000000,0.000000,0.000000,0.000000,-0.427992,
1624914656.000000,738066013.000000,-0.957506,-7.799131,0.000000,0.000000,0.000000,0.942090,-0.335360,0.064427,0.000000,0.000000,0.000000,0.000000,-0.413488,
1624914656.000000,771066013.000000,-0.959124,-7.800431,0.000000,0.000000,0.000000,0.944452,-0.328648,0.062893,0.000000,0.000000,0.000000,0.000000,-0.431194,
1624914656.000000,807066013.000000,-0.960921,-7.801831,0.000000,0.000000,0.000000,0.947040,-0.321116,0.063277,0.000000,0.000000,0.000000,0.000000,-0.442483,
1624914656.000000,840066013.000000,-0.962638,-7.803127,0.000000,0.000000,0.000000,0.949390,-0.314098,0.065194,0.000000,0.000000,0.000000,0.000000,-0.448516,
1624914656.000000,873066013.000000,-0.964272,-7.804324,0.000000,0.000000,0.000000,0.951577,-0.307411,0.061359,0.000000,0.000000,0.000000,0.000000,-0.426392,
1624914656.000000,906066013.000000,-0.965984,-7.805541,0.000000,0.000000,0.000000,0.953709,-0.300730,0.063660,0.000000,0.000000,0.000000,0.000000,-0.425082,
1624914656.000000,939066013.000000,-0.967777,-7.806776,0.000000,0.000000,0.000000,0.955904,-0.293679,0.065961,0.000000,0.000000,0.000000,0.000000,-0.447539,
1624914656.000000,974066013.000000,-0.969566,-7.807971,0.000000,0.000000,0.000000,0.958092,-0.286462,0.061469,0.000000,0.000000,0.000000,0.000000,-0.430940,
1624914657.000000,7066013.000000,-0.971330,-7.809111,0.000000,0.000000,0.000000,0.960082,-0.279720,0.063660,0.000000,0.000000,0.000000,0.000000,-0.426034,
1624914657.000000,40066013.000000,-0.973153,-7.810253,0.000000,0.000000,0.000000,0.962114,-0.272648,0.065194,0.000000,0.000000,0.000000,0.000000,-0.445949,
1624914657.000000,73066013.000000,-0.974928,-7.811329,0.000000,0.000000,0.000000,0.964043,-0.265746,0.062893,0.000000,0.000000,0.000000,0.000000,-0.434299,
1624914657.000000,106066013.000000,-0.976739,-7.812393,0.000000,0.000000,0.000000,0.965885,-0.258971,0.063660,0.000000,0.000000,0.000000,0.000000,-0.425545,
1624914657.000000,139066013.000000,-0.978610,-7.813457,0.000000,0.000000,0.000000,0.967634,-0.252358,0.065194,0.000000,0.000000,0.000000,0.000000,-0.414536,
1624914657.000000,172066013.000000,-0.980495,-7.814493,0.000000,0.000000,0.000000,0.969474,-0.245192,0.065194,0.000000,0.000000,0.000000,0.000000,-0.448400,
1624914657.000000,205066013.000000,-0.982327,-7.815467,0.000000,0.000000,0.000000,0.971169,-0.238390,0.062893,0.000000,0.000000,0.000000,0.000000,-0.424858,
1624914657.000000,238066013.000000,-0.984241,-7.816449,0.000000,0.000000,0.000000,0.972871,-0.231348,0.065194,0.000000,0.000000,0.000000,0.000000,-0.439107,
1624914657.000000,271066013.000000,-0.986124,-7.817381,0.000000,0.000000,0.000000,0.974553,-0.224158,0.063660,0.000000,0.000000,0.000000,0.000000,-0.447524,
1624914657.000000,304066013.000000,-0.987998,-7.818274,0.000000,0.000000,0.000000,0.976201,-0.216868,0.062893,0.000000,0.000000,0.000000,0.000000,-0.452945,
1624914657.000000,337066013.000000,-0.989953,-7.819171,0.000000,0.000000,0.000000,0.977627,-0.210348,0.065194,0.000000,0.000000,0.000000,0.000000,-0.404472,
1624914657.000000,371066013.000000,-0.991851,-7.820011,0.000000,0.000000,0.000000,0.979153,-0.203126,0.061043,0.000000,0.000000,0.000000,0.000000,-0.434248,
1624914657.000000,404066013.000000,-0.993761,-7.820824,0.000000,0.000000,0.000000,0.980542,-0.196309,0.062893,0.000000,0.000000,0.000000,0.000000,-0.421595,
1624914657.000000,437066013.000000,-0.995752,-7.821638,0.000000,0.000000,0.000000,0.981926,-0.189266,0.065194,0.000000,0.000000,0.000000,0.000000,-0.435031,
1624914657.000000,470066013.000000,-0.997685,-7.822394,0.000000,0.000000,0.000000,0.983388,-0.181518,0.062893,0.000000,0.000000,0.000000,0.000000,-0.477887,
1624914657.000000,503066013.000000,-0.999629,-7.823122,0.000000,0.000000,0.000000,0.984628,-0.174662,0.062893,0.000000,0.000000,0.000000,0.000000,-0.422261,
1624914657.000000,536066013.000000,-1.001607,-7.823830,0.000000,0.000000,0.000000,0.985865,-0.167540,0.063660,0.000000,0.000000,0.000000,0.000000,-0.438103,
1624914657.000000,569066013.000000,-1.003642,-7.824526,0.000000,0.000000,0.000000,0.986990,-0.160784,0.065194,0.000000,0.000000,0.000000,0.000000,-0.415074,
1624914657.000000,602066013.000000,-1.005615,-7.825170,0.000000,0.000000,0.000000,0.988195,-0.153201,0.062893,0.000000,0.000000,0.000000,0.000000,-0.465324,
1624914657.000000,635066013.000000,-1.007671,-7.825807,0.000000,0.000000,0.000000,0.989274,-0.146069,0.065194,0.000000,0.000000,0.000000,0.000000,-0.437175,
1624914657.000000,668066013.000000,-1.009710,-7.826407,0.000000,0.000000,0.000000,0.990258,-0.139246,0.064427,0.000000,0.000000,0.000000,0.000000,-0.417791,
1624914657.000000,701066013.000000,-1.011709,-7.826964,0.000000,0.000000,0.000000,0.991290,-0.131694,0.062893,0.000000,0.000000,0.000000,0.000000,-0.461967,
1624914657.000000,734066013.000000,-1.013765,-7.827505,0.000000,0.000000,0.000000,0.992151,-0.125049,0.064427,0.000000,0.000000,0.000000,0.000000,-0.406093,
1624914657.000000,767066013.000000,-1.015878,-7.828029,0.000000,0.000000,0.000000,0.993062,-0.117595,0.065961,0.000000,0.000000,0.000000,0.000000,-0.455104,
1624914657.000000,800066013.000000,-1.017949,-7.828510,0.000000,0.000000,0.000000,0.993946,-0.109873,0.064427,0.000000,0.000000,0.000000,0.000000,-0.471041,
1624914657.000000,833066013.000000,-1.020052,-7.828965,0.000000,0.000000,0.000000,0.994714,-0.102686,0.065194,0.000000,0.000000,0.000000,0.000000,-0.438081,
1624914657.000000,866066013.000000,-1.022136,-7.829385,0.000000,0.000000,0.000000,0.995397,-0.095840,0.064427,0.000000,0.000000,0.000000,0.000000,-0.416984,
1624914657.000000,899066013.000000,-1.024226,-7.829774,0.000000,0.000000,0.000000,0.996110,-0.088118,0.064427,0.000000,0.000000,0.000000,0.000000,-0.469947,
1624914657.000000,932066013.000000,-1.026372,-7.830142,0.000000,0.000000,0.000000,0.996689,-0.081312,0.065961,0.000000,0.000000,0.000000,0.000000,-0.414011,
1624914657.000000,965066013.000000,-1.028498,-7.830473,0.000000,0.000000,0.000000,0.997310,-0.073299,0.065194,0.000000,0.000000,0.000000,0.000000,-0.487082,
1624914657.000000,998066013.000000,-1.030603,-7.830770,0.000000,0.000000,0.000000,0.997780,-0.066601,0.064427,0.000000,0.000000,0.000000,0.000000,-0.406927,
1624914658.000000,31066013.000000,-1.032737,-7.831040,0.000000,0.000000,0.000000,0.998242,-0.059261,0.065194,0.000000,0.000000,0.000000,0.000000,-0.445739,
1624914658.000000,64066013.000000,-1.034900,-7.831282,0.000000,0.000000,0.000000,0.998659,-0.051779,0.065961,0.000000,0.000000,0.000000,0.000000,-0.454175,
1624914658.000000,97066013.000000,-1.036991,-7.831484,0.000000,0.000000,0.000000,0.999001,-0.044686,0.063660,0.000000,0.000000,0.000000,0.000000,-0.430371,
1624914658.000000,130066013.000000,-1.039111,-7.831657,0.000000,0.000000,0.000000,0.999321,-0.036836,0.064427,0.000000,0.000000,0.000000,0.000000,-0.476163,
1624914658.000000,163066013.000000,-1.041257,-7.831800,0.000000,0.000000,0.000000,0.999551,-0.029968,0.065194,0.000000,0.000000,0.000000,0.000000,-0.416436,
1624914658.000000,196066013.000000,-1.043330,-7.831910,0.000000,0.000000,0.000000,0.999736,-0.022982,0.062893,0.000000,0.000000,0.000000,0.000000,-0.423560,
1624914658.000000,229066013.000000,-1.045454,-7.831992,0.000000,0.000000,0.000000,0.999883,-0.015322,0.064427,0.000000,0.000000,0.000000,0.000000,-0.464321,
1624914658.000000,264066013.000000,-1.047605,-7.832041,0.000000,0.000000,0.000000,0.999970,-0.007759,0.061469,0.000000,0.000000,0.000000,0.000000,-0.432226,
1624914658.000000,297066013.000000,-1.049706,-7.832059,0.000000,0.000000,0.000000,1.000000,-0.000820,0.063660,0.000000,0.000000,0.000000,0.000000,-0.420514,
1624914658.000000,330066013.000000,-1.051832,-7.832049,0.000000,0.000000,0.000000,0.999983,0.005796,0.064427,0.000000,0.000000,0.000000,0.000000,-0.400973,
1624914658.000000,363066013.000000,-1.053932,-7.832008,0.000000,0.000000,0.000000,0.999906,0.013718,0.063660,0.000000,0.000000,0.000000,0.000000,-0.480185,
1624914658.000000,396066013.000000,-1.056007,-7.831938,0.000000,0.000000,0.000000,0.999797,0.020168,0.062893,0.000000,0.000000,0.000000,0.000000,-0.390974,
1624914658.000000,429066013.000000,-1.058156,-7.831836,0.000000,0.000000,0.000000,0.999628,0.027282,0.065194,0.000000,0.000000,0.000000,0.000000,-0.431272,
1624914658.000000,462066013.000000,-1.060277,-7.831703,0.000000,0.000000,0.000000,0.999381,0.035174,0.064427,0.000000,0.000000,0.000000,0.000000,-0.478489,
1624914658.000000,495066013.000000,-1.062296,-7.831547,0.000000,0.000000,0.000000,0.999111,0.042155,0.061359,0.000000,0.000000,0.000000,0.000000,-0.423471,
1624914658.000000,528066013.000000,-1.064414,-7.831354,0.000000,0.000000,0.000000,0.998814,0.048682,0.064427,0.000000,0.000000,0.000000,0.000000,-0.395934,
1624914658.000000,561066013.000000,-1.066553,-7.831128,0.000000,0.000000,0.000000,0.998398,0.056588,0.065194,0.000000,0.000000,0.000000,0.000000,-0.479826,
1624914658.000000,594066013.000000,-1.068588,-7.830883,0.000000,0.000000,0.000000,0.998006,0.063123,0.062126,0.000000,0.000000,0.000000,0.000000,-0.396771,
1624914658.000000,626066013.000000,-1.070646,-7.830608,0.000000,0.000000,0.000000,0.997580,0.069523,0.064859,0.000000,0.000000,0.000000,0.000000,-0.400909,
1624914658.000000,660066013.000000,-1.072774,-7.830292,0.000000,0.000000,0.000000,0.996963,0.077879,0.063277,0.000000,0.000000,0.000000,0.000000,-0.492841,
1624914658.000000,693066013.000000,-1.074822,-7.829956,0.000000,0.000000,0.000000,0.996426,0.084474,0.062893,0.000000,0.000000,0.000000,0.000000,-0.401052,
1624914658.000000,727066013.000000,-1.076940,-7.829577,0.000000,0.000000,0.000000,0.995745,0.092154,0.063277,0.000000,0.000000,0.000000,0.000000,-0.453549,
1624914658.000000,760066013.000000,-1.079052,-7.829167,0.000000,0.000000,0.000000,0.995036,0.099512,0.065194,0.000000,0.000000,0.000000,0.000000,-0.447988,
