1624835930.000000,870574962.000000,-1.171784,-7.799366,0.000000,0.000000,0.000000,-0.108546,0.994091,0.000000,0.000000,0.000000,0.000000,0.000000,0.000165,
1624835930.000000,903574962.000000,-1.171784,-7.799366,0.000000,0.000000,0.000000,-0.108546,0.994091,0.000000,0.000000,0.000000,0.000000,0.000000,-0.000042,
1624835930.000000,936574962.000000,-1.171784,-7.799366,0.000000,0.000000,0.000000,-0.108544,0.994092,0.000000,0.000000,0.000000,0.000000,0.000000,0.000130,
1624835930.000000,969574962.000000,-1.171809,-7.799360,0.000000,0.000000,0.000000,-0.108548,0.994091,-0.000767,0.000000,0.000000,0.000000,0.000000,-0.000208,
1624835931.000000,2574962.000000,-1.171784,-7.799366,0.000000,0.000000,0.000000,-0.108554,0.994091,0.000767,0.000000,0.000000,0.000000,0.000000,-0.000356,
1624835931.000000,35574962.000000,-1.171784,-7.799366,0.000000,0.000000,0.000000,-0.108546,0.994091,0.000000,0.000000,0.000000,0.000000,0.000000,0.000441,
1624835941.000000,370470092.000000,-1.171785,-7.799364,0.000000,0.000000,0.000000,-0.108724,0.994072,0.000000,0.000000,0.000000,0.000000,0.000000,0.000074,
1624835941.000000,402470092.000000,-1.171785,-7.799364,0.000000,0.000000,0.000000,-0.108724,0.994072,0.000000,0.000000,0.000000,0.000000,0.000000,0.000004,
1624835941.000000,435470092.000000,-1.171760,-7.799369,0.000000,0.000000,0.000000,-0.108729,0.994071,0.000767,0.000000,0.000000,0.000000,0.000000,-0.000276,
1624835941.000000,469470092.000000,-1.171785,-7.799364,0.000000,0.000000,0.000000,-0.108735,0.994071,-0.000744,0.000000,0.000000,0.000000,0.000000,-0.000372,
1624835941.000000,502470092.000000,-1.171785,-7.799364,0.000000,0.000000,0.000000,-0.108737,0.994071,0.000000,0.000000,0.000000,0.000000,0.000000,-0.000108,
1624835941.000000,535470092.000000,-1.171785,-7.799364,0.000000,0.000000,0.000000,-0.108734,0.994071,0.000000,0.000000,0.000000,0.000000,0.000000,0.000168,
1624835941.000000,568470092.000000,-1.171785,-7.799364,0.000000,0.000000,0.000000,-0.108732,0.994071,0.000000,0.000000,0.000000,0.000000,0.000000,0.000108,
1624835941.000000,600470092.000000,-1.171785,-7.799364,0.000000,0.000000,0.000000,-0.108732,0.994071,0.000000,0.000000,0.000000,0.000000,0.000000,0.000045,
1624835941.000000,633470092.000000,-1.171785,-7.799364,0.000000,0.000000,0.000000,-0.108735,0.994071,0.000000,0.000000,0.000000,0.000000,0.000000,-0.000204,
1624835941.000000,667470092.000000,-1.171785,-7.799364,0.000000,0.000000,0.000000,-0.108735,0.994071,0.000000,0.000000,0.000000,0.000000,0.000000,0.000000,
1624835941.000000,700470092.000000,-1.171785,-7.799364,0.000000,0.000000,0.000000,-0.108733,0.994071,0.000000,0.000000,0.000000,0.000000,0.000000,0.000119,
1624835941.000000,733470092.000000,-1.171785,-7.799364,0.000000,0.000000,0.000000,-0.108740,0.994070,0.000000,0.000000,0.000000,0.000000,0.000000,-0.000408,
1624835941.000000,766470092.000000,-1.171093,-7.799518,0.000000,0.000000,0.000000,-0.109509,0.993986,0.021476,0.000000,0.000000,0.000000,0.000000,-0.046905,
1624835941.000000,799470092.000000,-1.169464,-7.799889,0.000000,0.000000,0.000000,-0.114130,0.993466,0.050621,0.000000,0.000000,0.000000,0.000000,-0.281827,
1624835941.000000,832470092.000000,-1.167520,-7.800355,0.000000,0.000000,0.000000,-0.120672,0.992692,0.060592,0.000000,0.000000,0.000000,0.000000,-0.399252,
1624835941.000000,865470092.000000,-1.165508,-7.800867,0.000000,0.000000,0.000000,-0.127589,0.991827,0.062893,0.000000,0.000000,0.000000,0.000000,-0.422467,
1624835941.000000,899470092.000000,-1.163479,-7.801413,0.000000,0.000000,0.000000,-0.134532,0.990909,0.061788,0.000000,0.000000,0.000000,0.000000,-0.411984,
1624835941.000000,931470092.000000,-1.161483,-7.801979,0.000000,0.000000,0.000000,-0.140877,0.990027,0.064859,0.000000,0.000000,0.000000,0.000000,-0.400361,
1624835941.000000,965470092.000000,-1.159446,-7.802588,0.000000,0.000000,0.000000,-0.148602,0.988897,0.062532,0.000000,0.000000,0.000000,0.000000,-0.459235,
1624835941.000000,998470092.000000,-1.157466,-7.803212,0.000000,0.000000,0.000000,-0.155643,0.987813,0.062893,0.000000,0.000000,0.000000,0.000000,-0.431738,
1624835942.000000,31470092.000000,-1.155496,-7.803864,0.000000,0.000000,0.000000,-0.163010,0.986624,0.062893,0.000000,0.000000,0.000000,0.000000,-0.452275,
1624835942.000000,64470092.000000,-1.153464,-7.804570,0.000000,0.000000,0.000000,-0.169630,0.985508,0.065194,0.000000,0.000000,0.000000,0.000000,-0.406899,
1624835942.000000,97470092.000000,-1.151536,-7.805270,0.000000,0.000000,0.000000,-0.176710,0.984263,0.062126,0.000000,0.000000,0.000000,0.000000,-0.435645,
1624835942.000000,130470092.000000,-1.149548,-7.806024,0.000000,0.000000,0.000000,-0.183698,0.982983,0.064427,0.000000,0.000000,0.000000,0.000000,-0.430584,
1624835942.000000,163470092.000000,-1.147571,-7.806806,0.000000,0.000000,0.000000,-0.190888,0.981612,0.064427,0.000000,0.000000,0.000000,0.000000,-0.443632,
1624835942.000000,196470092.000000,-1.145630,-7.807608,0.000000,0.000000,0.000000,-0.198125,0.980177,0.063660,0.000000,0.000000,0.000000,0.000000,-0.447163,
1624835942.000000,230470092.000000,-1.143676,-7.808447,0.000000,0.000000,0.000000,-0.205050,0.978751,0.062532,0.000000,0.000000,0.000000,0.000000,-0.415870,
1624835942.000000,263470092.000000,-1.141712,-7.809325,0.000000,0.000000,0.000000,-0.212223,0.977221,0.065194,0.000000,0.000000,0.000000,0.000000,-0.444508,
1624835942.000000,296470092.000000,-1.139807,-7.810211,0.000000,0.000000,0.000000,-0.219391,0.975637,0.063660,0.000000,0.000000,0.000000,0.000000,-0.444882,
1624835942.000000,330470092.000000,-1.137825,-7.811169,0.000000,0.000000,0.000000,-0.227109,0.973869,0.064766,0.000000,0.000000,0.000000,0.000000,-0.465756,
1624835942.000000,364470092.000000,-1.135879,-7.812145,0.000000,0.000000,0.000000,-0.233801,0.972285,0.064021,0.000000,0.000000,0.000000,0.000000,-0.404531,
1624835942.000000,397470092.000000,-1.134015,-7.813114,0.000000,0.000000,0.000000,-0.241028,0.970518,0.063660,0.000000,0.000000,0.000000,0.000000,-0.450934,
1624835942.000000,430470092.000000,-1.132143,-7.814122,0.000000,0.000000,0.000000,-0.247959,0.968771,0.064427,0.000000,0.000000,0.000000,0.000000,-0.433167,
1624835942.000000,463470092.000000,-1.130198,-7.815207,0.000000,0.000000,0.000000,-0.255173,0.966896,0.067495,0.000000,0.000000,0.000000,0.000000,-0.451747,
1624835942.000000,496470092.000000,-1.128378,-7.816257,0.000000,0.000000,0.000000,-0.262345,0.964974,0.063660,0.000000,0.000000,0.000000,0.000000,-0.449994,
1624835942.000000,529470092.000000,-1.126531,-7.817359,0.000000,0.000000,0.000000,-0.269287,0.963060,0.065194,0.000000,0.000000,0.000000,0.000000,-0.436445,
1624835942.000000,562470092.000000,-1.124678,-7.818502,0.000000,0.000000,0.000000,-0.276489,0.961017,0.065961,0.000000,0.000000,0.000000,0.000000,-0.453706,
1624835942.000000,595470092.000000,-1.122865,-7.819660,0.000000,0.000000,0.000000,-0.283777,0.958890,0.065194,0.000000,0.000000,0.000000,0.000000,-0.460107,
1624835942.000000,628470092.000000,-1.121068,-7.820844,0.000000,0.000000,0.000000,-0.290745,0.956801,0.065194,0.000000,0.000000,0.000000,0.000000,-0.440890,
1624835942.000000,662470092.000000,-1.119269,-7.822068,0.000000,0.000000,0.000000,-0.297851,0.954612,0.064021,0.000000,0.000000,0.000000,0.000000,-0.437390,
1624835942.000000,695470092.000000,-1.117508,-7.823305,0.000000,0.000000,0.000000,-0.304981,0.952358,0.065194,0.000000,0.000000,0.000000,0.000000,-0.453187,
1624835942.000000,728470092.000000,-1.115827,-7.824522,0.000000,0.000000,0.000000,-0.311751,0.950164,0.062893,0.000000,0.000000,0.000000,0.000000,-0.431349,
1624835942.000000,761470092.000000,-1.114063,-7.825840,0.000000,0.000000,0.000000,-0.318756,0.947837,0.066728,0.000000,0.000000,0.000000,0.000000,-0.447312,
1624835942.000000,794470092.000000,-1.112399,-7.827122,0.000000,0.000000,0.000000,-0.325813,0.945434,0.063660,0.000000,0.000000,0.000000,0.000000,-0.451843,
1624835942.000000,826470092.000000,-1.110833,-7.828365,0.000000,0.000000,0.000000,-0.332784,0.943003,0.062486,0.000000,0.000000,0.000000,0.000000,-0.461429,
1624835942.000000,861918994.000000,-1.109167,-7.829727,0.000000,0.000000,0.000000,-0.339069,0.940761,0.063277,0.000000,0.000000,0.000000,0.000000,-0.392526,
1624835942.000000,894918994.000000,-1.107559,-7.831079,0.000000,0.000000,0.000000,-0.345961,0.938249,0.063660,0.000000,0.000000,0.000000,0.000000,-0.444578,
1624835942.000000,927918994.000000,-1.105990,-7.832437,0.000000,0.000000,0.000000,-0.352509,0.935809,0.062893,0.000000,0.000000,0.000000,0.000000,-0.423482,
1624835942.000000,961918994.000000,-1.104309,-7.833937,0.000000,0.000000,0.000000,-0.360044,0.932935,0.066254,0.000000,0.000000,0.000000,0.000000,-0.474417,
1624835942.000000,995918994.000000,-1.102763,-7.835359,0.000000,0.000000,0.000000,-0.366429,0.930446,0.061788,0.000000,0.000000,0.000000,0.000000,-0.403065,
1624835943.000000,28918994.000000,-1.101218,-7.836819,0.000000,0.000000,0.000000,-0.372950,0.927851,0.064427,0.000000,0.000000,0.000000,0.000000,-0.425403,
1624835943.000000,61918994.000000,-1.099694,-7.838302,0.000000,0.000000,0.000000,-0.379598,0.925152,0.064427,0.000000,0.000000,0.000000,0.000000,-0.434820,
1624835943.000000,94918994.000000,-1.098192,-7.839807,0.000000,0.000000,0.000000,-0.386903,0.922121,0.064427,0.000000,0.000000,0.000000,0.000000,-0.479338,
1624835943.000000,128918994.000000,-1.096748,-7.841297,0.000000,0.000000,0.000000,-0.392850,0.919603,0.061043,0.000000,0.000000,0.000000,0.000000,-0.379902,
1624835943.000000,161918994.000000,-1.095289,-7.842844,0.000000,0.000000,0.000000,-0.399360,0.916794,0.064427,0.000000,0.000000,0.000000,0.000000,-0.429703,
1624835943.000000,194918994.000000,-1.093870,-7.844392,0.000000,0.000000,0.000000,-0.406089,0.913834,0.063660,0.000000,0.000000,0.000000,0.000000,-0.445524,
1624835943.000000,227918994.000000,-1.092473,-7.845961,0.000000,0.000000,0.000000,-0.412467,0.910972,0.063660,0.000000,0.000000,0.000000,0.000000,-0.423677,
1624835943.000000,260918994.000000,-1.091081,-7.847569,0.000000,0.000000,0.000000,-0.418947,0.908011,0.064427,0.000000,0.000000,0.000000,0.000000,-0.431768,
1624835943.000000,293918994.000000,-1.089730,-7.849178,0.000000,0.000000,0.000000,-0.426011,0.904718,0.063660,0.000000,0.000000,0.000000,0.000000,-0.472387,
1624835943.000000,328918994.000000,-1.088355,-7.850865,0.000000,0.000000,0.000000,-0.432094,0.901828,0.062192,0.000000,0.000000,0.000000,0.000000,-0.384823,
1624835943.000000,361918994.000000,-1.087036,-7.852532,0.000000,0.000000,0.000000,-0.438989,0.898492,0.064427,0.000000,0.000000,0.000000,0.000000,-0.464230,
1624835943.000000,394918994.000000,-1.085740,-7.854218,0.000000,0.000000,0.000000,-0.445085,0.895488,0.064427,0.000000,0.000000,0.000000,0.000000,-0.411870,
1624835943.000000,427918994.000000,-1.084469,-7.855922,0.000000,0.000000,0.000000,-0.451347,0.892349,0.064427,0.000000,0.000000,0.000000,0.000000,-0.424511,
1624835943.000000,460918994.000000,-1.083221,-7.857643,0.000000,0.000000,0.000000,-0.457673,0.889121,0.064427,0.000000,0.000000,0.000000,0.000000,-0.430421,
1624835943.000000,494918994.000000,-1.081970,-7.859424,0.000000,0.000000,0.000000,-0.464458,0.885595,0.064021,0.000000,0.000000,0.000000,0.000000,-0.449843,
1624835943.000000,527918994.000000,-1.080802,-7.861140,0.000000,0.000000,0.000000,-0.470574,0.882361,0.062893,0.000000,0.000000,0.000000,0.000000,-0.419252,
1624835943.000000,560918994.000000,-1.079616,-7.862935,0.000000,0.000000,0.000000,-0.476805,0.879009,0.065194,0.000000,0.000000,0.000000,0.000000,-0.428853,
1624835943.000000,593918994.000000,-1.078470,-7.864725,0.000000,0.000000,0.000000,-0.483329,0.875439,0.064427,0.000000,0.000000,0.000000,0.000000,-0.450715,
1624835943.000000,626918994.000000,-1.077390,-7.866468,0.000000,0.000000,0.000000,-0.489899,0.871779,0.062126,0.000000,0.000000,0.000000,0.000000,-0.455746,
1624835943.000000,659918994.000000,-1.076296,-7.868291,0.000000,0.000000,0.000000,-0.495062,0.868858,0.064427,0.000000,0.000000,0.000000,0.000000,-0.359530,
1624835943.000000,692918994.000000,-1.075239,-7.870107,0.000000,0.000000,0.000000,-0.501881,0.864937,0.063660,0.000000,0.000000,0.000000,0.000000,-0.476737,
1624835943.000000,725918994.000000,-1.074234,-7.871894,0.000000,0.000000,0.000000,-0.507959,0.861381,0.062126,0.000000,0.000000,0.000000,0.000000,-0.426778,
1624835943.000000,759918994.000000,-1.073230,-7.873739,0.000000,0.000000,0.000000,-0.514064,0.857752,0.061788,0.000000,0.000000,0.000000,0.000000,-0.417820,
1624835943.000000,792918994.000000,-1.072230,-7.875644,0.000000,0.000000,0.000000,-0.520422,0.853909,0.065194,0.000000,0.000000,0.000000,0.000000,-0.450235,
1624835943.000000,825918994.000000,-1.071293,-7.877496,0.000000,0.000000,0.000000,-0.527020,0.849853,0.062893,0.000000,0.000000,0.000000,0.000000,-0.469349,
1624835943.000000,859918994.000000,-1.070317,-7.879498,0.000000,0.000000,0.000000,-0.532737,0.846281,0.065510,0.000000,0.000000,0.000000,0.000000,-0.396550,
1624835943.000000,892918994.000000,-1.069412,-7.881422,0.000000,0.000000,0.000000,-0.539038,0.842281,0.064427,0.000000,0.000000,0.000000,0.000000,-0.452344,
1624835943.000000,925918994.000000,-1.068546,-7.883336,0.000000,0.000000,0.000000,-0.545137,0.838347,0.063660,0.000000,0.000000,0.000000,0.000000,-0.439851,
1624835943.000000,958918994.000000,-1.067697,-7.885285,0.000000,0.000000,0.000000,-0.551096,0.834442,0.064427,0.000000,0.000000,0.000000,0.000000,-0.431833,
1624835943.000000,991918994.000000,-1.066867,-7.887270,0.000000,0.000000,0.000000,-0.557329,0.830292,0.065194,0.000000,0.000000,0.000000,0.000000,-0.453803,
1624835944.000000,24918994.000000,-1.066067,-7.889267,0.000000,0.000000,0.000000,-0.563414,0.826175,0.065194,0.000000,0.000000,0.000000,0.000000,-0.445264,
1624835944.000000,58918994.000000,-1.065296,-7.891276,0.000000,0.000000,0.000000,-0.569337,0.822104,0.063277,0.000000,0.000000,0.000000,0.000000,-0.422781,
1624835944.000000,91918994.000000,-1.064537,-7.893343,0.000000,0.000000,0.000000,-0.575489,0.817809,0.066728,0.000000,0.000000,0.000000,0.000000,-0.454727,
1624835944.000000,124918994.000000,-1.063809,-7.895422,0.000000,0.000000,0.000000,-0.581662,0.813431,0.066728,0.000000,0.000000,0.000000,0.000000,-0.458663,
1624835944.000000,157918994.000000,-1.063122,-7.897487,0.000000,0.000000,0.000000,-0.588117,0.808776,0.065961,0.000000,0.000000,0.000000,0.000000,-0.482293,
1624835944.000000,190918994.000000,-1.062474,-7.899539,0.000000,0.000000,0.000000,-0.594256,0.804276,0.065194,0.000000,0.000000,0.000000,0.000000,-0.461364,
1624835944.000000,223918994.000000,-1.061857,-7.901599,0.000000,0.000000,0.000000,-0.599774,0.800169,0.065194,0.000000,0.000000,0.000000,0.000000,-0.416853,
1624835944.000000,256918994.000000,-1.061261,-7.903693,0.000000,0.000000,0.000000,-0.605598,0.795771,0.065961,0.000000,0.000000,0.000000,0.000000,-0.442331,
1624835944.000000,289918994.000000,-1.060697,-7.905796,0.000000,0.000000,0.000000,-0.611570,0.791191,0.065961,0.000000,0.000000,0.000000,0.000000,-0.456116,
1624835944.000000,322918994.000000,-1.060176,-7.907857,0.000000,0.000000,0.000000,-0.617387,0.786660,0.064427,0.000000,0.000000,0.000000,0.000000,-0.446871,
1624835944.000000,358918994.000000,-1.059659,-7.910049,0.000000,0.000000,0.000000,-0.623823,0.781565,0.062574,0.000000,0.000000,0.000000,0.000000,-0.456025,
1624835944.000000,391918994.000000,-1.059187,-7.912200,0.000000,0.000000,0.000000,-0.629673,0.776860,0.066728,0.000000,0.000000,0.000000,0.000000,-0.455020,
1624835944.000000,424918994.000000,-1.058771,-7.914234,0.000000,0.000000,0.000000,-0.634829,0.772652,0.062893,0.000000,0.000000,0.000000,0.000000,-0.403326,
1624835944.000000,457918994.000000,-1.058379,-7.916297,0.000000,0.000000,0.000000,-0.640690,0.767800,0.063660,0.000000,0.000000,0.000000,0.000000,-0.461115,
1624835944.000000,490918994.000000,-1.058017,-7.918367,0.000000,0.000000,0.000000,-0.645840,0.763473,0.063660,0.000000,0.000000,0.000000,0.000000,-0.407674,
1624835944.000000,523918994.000000,-1.057683,-7.920441,0.000000,0.000000,0.000000,-0.651321,0.758803,0.063660,0.000000,0.000000,0.000000,0.000000,-0.436422,
1624835944.000000,557918994.000000,-1.057383,-7.922495,0.000000,0.000000,0.000000,-0.656617,0.754224,0.061043,0.000000,0.000000,0.000000,0.000000,-0.411805,
1624835944.000000,590918994.000000,-1.057096,-7.924678,0.000000,0.000000,0.000000,-0.662114,0.749403,0.066728,0.000000,0.000000,0.000000,0.000000,-0.443179,
1624835944.000000,623918994.000000,-1.056858,-7.926714,0.000000,0.000000,0.000000,-0.667544,0.744570,0.062126,0.000000,0.000000,0.000000,0.000000,-0.440520,
1624835944.000000,656918994.000000,-1.056640,-7.928855,0.000000,0.000000,0.000000,-0.673167,0.739491,0.065194,0.000000,0.000000,0.000000,0.000000,-0.459256,
1624835944.000000,689918994.000000,-1.056455,-7.930973,0.000000,0.000000,0.000000,-0.678089,0.734980,0.064427,0.000000,0.000000,0.000000,0.000000,-0.404643,
1624835944.000000,723918994.000000,-1.056302,-7.933068,0.000000,0.000000,0.000000,-0.683413,0.730032,0.061788,0.000000,0.000000,0.000000,0.000000,-0.427537,
1624835944.000000,756918994.000000,-1.056181,-7.935115,0.000000,0.000000,0.000000,-0.688466,0.725269,0.062126,0.000000,0.000000,0.000000,0.000000,-0.420839,
1624835944.000000,789918994.000000,-1.056083,-7.937289,0.000000,0.000000,0.000000,-0.693657,0.720305,0.065961,0.000000,0.000000,0.000000,0.000000,-0.435284,
1624835944.000000,824918994.000000,-1.056018,-7.939465,0.000000,0.000000,0.000000,-0.699078,0.715046,0.062192,0.000000,0.000000,0.000000,0.000000,-0.431592,
1624835944.000000,857918994.000000,-1.055985,-7.941566,0.000000,0.000000,0.000000,-0.703979,0.710221,0.063660,0.000000,0.000000,0.000000,0.000000,-0.416826,
1624835944.000000,890918994.000000,-1.055981,-7.943666,0.000000,0.000000,0.000000,-0.709105,0.705103,0.063660,0.000000,0.000000,0.000000,0.000000,-0.439050,
1624835944.000000,923918994.000000,-1.056009,-7.945817,0.000000,0.000000,0.000000,-0.714203,0.699939,0.065194,0.000000,0.000000,0.000000,0.000000,-0.439770,
1624835944.000000,956918994.000000,-1.056065,-7.947892,0.000000,0.000000,0.000000,-0.719001,0.695009,0.062893,0.000000,0.000000,0.000000,0.000000,-0.416915,
1624835944.000000,990918994.000000,-1.056156,-7.950067,0.000000,0.000000,0.000000,-0.724474,0.689302,0.064021,0.000000,0.000000,0.000000,0.000000,-0.465093,
1624835945.000000,23918994.000000,-1.056278,-7.952215,0.000000,0.000000,0.000000,-0.729133,0.684372,0.065194,0.000000,0.000000,0.000000,0.000000,-0.411122,
1624835945.000000,56918994.000000,-1.056423,-7.954286,0.000000,0.000000,0.000000,-0.733840,0.679322,0.062893,0.000000,0.000000,0.000000,0.000000,-0.418399,
1624835945.000000,89918994.000000,-1.056605,-7.956429,0.000000,0.000000,0.000000,-0.738730,0.674002,0.065194,0.000000,0.000000,0.000000,0.000000,-0.437964,
1624835945.000000,123918994.000000,-1.056815,-7.958545,0.000000,0.000000,0.000000,-0.743664,0.668554,0.062532,0.000000,0.000000,0.000000,0.000000,-0.432334,
1624835945.000000,156918994.000000,-1.057056,-7.960658,0.000000,0.000000,0.000000,-0.748651,0.662964,0.064427,0.000000,0.000000,0.000000,0.000000,-0.454003,
1624835945.000000,189918994.000000,-1.057331,-7.962791,0.000000,0.000000,0.000000,-0.753116,0.657887,0.065194,0.000000,0.000000,0.000000,0.000000,-0.409789,
1624835945.000000,222918994.000000,-1.057626,-7.964846,0.000000,0.000000,0.000000,-0.758230,0.651987,0.062893,0.000000,0.000000,0.000000,0.000000,-0.473232,
1624835945.000000,256918994.000000,-1.057949,-7.966896,0.000000,0.000000,0.000000,-0.762338,0.647179,0.061043,0.000000,0.000000,0.000000,0.000000,-0.371965,
1624835945.000000,288918994.000000,-1.058311,-7.968991,0.000000,0.000000,0.000000,-0.767293,0.641297,0.066441,0.000000,0.000000,0.000000,0.000000,-0.480689,
1624835945.000000,322918994.000000,-1.058693,-7.971031,0.000000,0.000000,0.000000,-0.771617,0.636088,0.061043,0.000000,0.000000,0.000000,0.000000,-0.398224,
1624835945.000000,351941074.000000,-1.059108,-7.973090,0.000000,0.000000,0.000000,-0.776029,0.630697,0.063660,0.000000,0.000000,0.000000,0.000000,-0.422189,
1624835945.000000,384941074.000000,-1.059558,-7.975168,0.000000,0.000000,0.000000,-0.780564,0.625076,0.064427,0.000000,0.000000,0.000000,0.000000,-0.437731,
1624835945.000000,417941074.000000,-1.060044,-7.977264,0.000000,0.000000,0.000000,-0.785211,0.619228,0.065194,0.000000,0.000000,0.000000,0.000000,-0.452695,
1624835945.000000,450941074.000000,-1.060536,-7.979254,0.000000,0.000000,0.000000,-0.789558,0.613677,0.062126,0.000000,0.000000,0.000000,0.000000,-0.427311,
1624835945.000000,484941074.000000,-1.061088,-7.981359,0.000000,0.000000,0.000000,-0.793978,0.607946,0.064021,0.000000,0.000000,0.000000,0.000000,-0.425710,
1624835945.000000,517941074.000000,-1.061651,-7.983383,0.000000,0.000000,0.000000,-0.798504,0.601990,0.063660,0.000000,0.000000,0.000000,0.000000,-0.453409,
1624835945.000000,550941074.000000,-1.062258,-7.985447,0.000000,0.000000,0.000000,-0.802774,0.596283,0.065194,0.000000,0.000000,0.000000,0.000000,-0.431960,
1624835945.000000,583941074.000000,-1.062894,-7.987503,0.000000,0.000000,0.000000,-0.807110,0.590400,0.065194,0.000000,0.000000,0.000000,0.000000,-0.442915,
1624835945.000000,616941074.000000,-1.063569,-7.989572,0.000000,0.000000,0.000000,-0.811537,0.584301,0.065961,0.000000,0.000000,0.000000,0.000000,-0.456768,
1624835945.000000,649941074.000000,-1.064258,-7.991583,0.000000,0.000000,0.000000,-0.815718,0.578449,0.064427,0.000000,0.000000,0.000000,0.000000,-0.435876,
1624835945.000000,683941074.000000,-1.064984,-7.993608,0.000000,0.000000,0.000000,-0.819895,0.572513,0.063277,0.000000,0.000000,0.000000,0.000000,-0.426959,
1624835945.000000,716941074.000000,-1.065741,-7.995623,0.000000,0.000000,0.000000,-0.824183,0.566323,0.065194,0.000000,0.000000,0.000000,0.000000,-0.456375,
1624835945.000000,749941074.000000,-1.066519,-7.997602,0.000000,0.000000,0.000000,-0.828613,0.559821,0.064427,0.000000,0.000000,0.000000,0.000000,-0.476821,
1624835945.000000,782941074.000000,-1.067354,-7.999639,0.000000,0.000000,0.000000,-0.832410,0.554160,0.066728,0.000000,0.000000,0.000000,0.000000,-0.413152,
1624835945.000000,816941074.000000,-1.068209,-8.001640,0.000000,0.000000,0.000000,-0.836608,0.547803,0.064021,0.000000,0.000000,0.000000,0.000000,-0.448111,
1624835945.000000,849941074.000000,-1.069063,-8.003560,0.000000,0.000000,0.000000,-0.840550,0.541734,0.063660,0.000000,0.000000,0.000000,0.000000,-0.438585,
1624835945.000000,882941074.000000,-1.069967,-8.005512,0.000000,0.000000,0.000000,-0.844800,0.535082,0.065194,0.000000,0.000000,0.000000,0.000000,-0.478434,
1624835945.000000,915941074.000000,-1.070922,-8.007497,0.000000,0.000000,0.000000,-0.848524,0.529157,0.066728,0.000000,0.000000,0.000000,0.000000,-0.424089,
1624835945.000000,948941074.000000,-1.071860,-8.009377,0.000000,0.000000,0.000000,-0.852341,0.522986,0.063660,0.000000,0.000000,0.000000,0.000000,-0.439810,
1624835945.000000,981941074.000000,-1.072849,-8.011288,0.000000,0.000000,0.000000,-0.856131,0.516760,0.065194,0.000000,0.000000,0.000000,0.000000,-0.441735,
1624835946.000000,14941074.000000,-1.073865,-8.013184,0.000000,0.000000,0.000000,-0.859986,0.510318,0.065194,0.000000,0.000000,0.000000,0.000000,-0.454942,
1624835946.000000,47941074.000000,-1.074848,-8.014954,0.000000,0.000000,0.000000,-0.863564,0.504239,0.061359,0.000000,0.000000,0.000000,0.000000,-0.427517,
1624835946.000000,81941074.000000,-1.075944,-8.016864,0.000000,0.000000,0.000000,-0.867143,0.498060,0.064766,0.000000,0.000000,0.000000,0.000000,-0.420048,
1624835946.000000,114941074.000000,-1.077016,-8.018671,0.000000,0.000000,0.000000,-0.870781,0.491671,0.063660,0.000000,0.000000,0.000000,0.000000,-0.445619,
1624835946.000000,147941074.000000,-1.078100,-8.020441,0.000000,0.000000,0.000000,-0.874225,0.485520,0.062893,0.000000,0.000000,0.000000,0.000000,-0.427210,
1624835946.000000,180941074.000000,-1.079223,-8.022217,0.000000,0.000000,0.000000,-0.877580,0.479430,0.063660,0.000000,0.000000,0.000000,0.000000,-0.421412,
1624835946.000000,213941074.000000,-1.080371,-8.023976,0.000000,0.000000,0.000000,-0.881071,0.472985,0.063660,0.000000,0.000000,0.000000,0.000000,-0.444235,
1624835946.000000,246941074.000000,-1.081544,-8.025719,0.000000,0.000000,0.000000,-0.884384,0.466761,0.063660,0.000000,0.000000,0.000000,0.000000,-0.427315,
1624835946.000000,279941074.000000,-1.082771,-8.027486,0.000000,0.000000,0.000000,-0.887668,0.460485,0.065194,0.000000,0.000000,0.000000,0.000000,-0.429280,
1624835946.000000,312941074.000000,-1.084009,-8.029214,0.000000,0.000000,0.000000,-0.891264,0.453484,0.064427,0.000000,0.000000,0.000000,0.000000,-0.477025,
1624835946.000000,345941074.000000,-1.085227,-8.030863,0.000000,0.000000,0.000000,-0.894221,0.447626,0.062126,0.000000,0.000000,0.000000,0.000000,-0.397653,
1624835946.000000,379941074.000000,-1.086528,-8.032576,0.000000,0.000000,0.000000,-0.897329,0.441361,0.063277,0.000000,0.000000,0.000000,0.000000,-0.411398,
1624835946.000000,412941074.000000,-1.087854,-8.034270,0.000000,0.000000,0.000000,-0.900541,0.434770,0.065194,0.000000,0.000000,0.000000,0.000000,-0.444362,
1624835946.000000,445941074.000000,-1.089156,-8.035886,0.000000,0.000000,0.000000,-0.903635,0.428303,0.062893,0.000000,0.000000,0.000000,0.000000,-0.434493,
1624835946.000000,478941074.000000,-1.090497,-8.037502,0.000000,0.000000,0.000000,-0.906606,0.421978,0.063660,0.000000,0.000000,0.000000,0.000000,-0.423511,
1624835946.000000,511941074.000000,-1.091878,-8.039119,0.000000,0.000000,0.000000,-0.909660,0.415355,0.064427,0.000000,0.000000,0.000000,0.000000,-0.442028,
1624835946.000000,544941074.000000,-1.093266,-8.040696,0.000000,0.000000,0.000000,-0.912614,0.408822,0.063660,0.000000,0.000000,0.000000,0.000000,-0.434565,
1624835946.000000,577941074.000000,-1.094658,-8.042235,0.000000,0.000000,0.000000,-0.915412,0.402519,0.062893,0.000000,0.000000,0.000000,0.000000,-0.417904,
1624835946.000000,611941074.000000,-1.096141,-8.043829,0.000000,0.000000,0.000000,-0.918319,0.395842,0.064021,0.000000,0.000000,0.000000,0.000000,-0.428407,
1624835946.000000,645941074.000000,-1.097647,-8.045401,0.000000,0.000000,0.000000,-0.921216,0.389051,0.064021,0.000000,0.000000,0.000000,0.000000,-0.434311,
1624835946.000000,678941074.000000,-1.099105,-8.046878,0.000000,0.000000,0.000000,-0.923884,0.382673,0.062893,0.000000,0.000000,0.000000,0.000000,-0.418974,
1624835946.000000,711941074.000000,-1.100637,-8.048388,0.000000,0.000000,0.000000,-0.926669,0.375879,0.065194,0.000000,0.000000,0.000000,0.000000,-0.444983,
1624835946.000000,744941074.000000,-1.102173,-8.049857,0.000000,0.000000,0.000000,-0.929370,0.369149,0.064427,0.000000,0.000000,0.000000,0.000000,-0.439543,
1624835946.000000,777941074.000000,-1.103693,-8.051270,0.000000,0.000000,0.000000,-0.931895,0.362727,0.062893,0.000000,0.000000,0.000000,0.000000,-0.418208,
1624835946.000000,810941074.000000,-1.105307,-8.052731,0.000000,0.000000,0.000000,-0.934515,0.355923,0.065961,0.000000,0.000000,0.000000,0.000000,-0.441876,
1624835946.000000,843941074.000000,-1.106848,-8.054083,0.000000,0.000000,0.000000,-0.937076,0.349126,0.062126,0.000000,0.000000,0.000000,0.000000,-0.440222,
1624835946.000000,877941074.000000,-1.108465,-8.055463,0.000000,0.000000,0.000000,-0.939453,0.342679,0.062532,0.000000,0.000000,0.000000,0.000000,-0.404197,
1624835946.000000,910941074.000000,-1.110082,-8.056804,0.000000,0.000000,0.000000,-0.941890,0.335922,0.063660,0.000000,0.000000,0.000000,0.000000,-0.435302,
1624835946.000000,943941074.000000,-1.111699,-8.058105,0.000000,0.000000,0.000000,-0.944300,0.329085,0.062893,0.000000,0.000000,0.000000,0.000000,-0.439395,
1624835946.000000,976941074.000000,-1.113333,-8.059384,0.000000,0.000000,0.000000,-0.946549,0.322560,0.062893,0.000000,0.000000,0.000000,0.000000,-0.418255,
1624835947.000000,9941074.000000,-1.115067,-8.060701,0.000000,0.000000,0.000000,-0.948880,0.315637,0.065961,0.000000,0.000000,0.000000,0.000000,-0.442707,
1624835947.000000,42941074.000000,-1.116758,-8.061948,0.000000,0.000000,0.000000,-0.951004,0.309178,0.063660,0.000000,0.000000,0.000000,0.000000,-0.412078,
1624835947.000000,75941074.000000,-1.118446,-8.063155,0.000000,0.000000,0.000000,-0.953308,0.301999,0.062893,0.000000,0.000000,0.000000,0.000000,-0.456980,
1624835947.000000,108941074.000000,-1.120214,-8.064381,0.000000,0.000000,0.000000,-0.955493,0.295014,0.065194,0.000000,0.000000,0.000000,0.000000,-0.443563,
1624835947.000000,141941074.000000,-1.122000,-8.065580,0.000000,0.000000,0.000000,-0.957677,0.287847,0.065194,0.000000,0.000000,0.000000,0.000000,-0.454097,
1624835947.000000,175941074.000000,-1.123739,-8.066712,0.000000,0.000000,0.000000,-0.959680,0.281095,0.061043,0.000000,0.000000,0.000000,0.000000,-0.414291,
1624835947.000000,208941074.000000,-1.125602,-8.067886,0.000000,0.000000,0.000000,-0.961725,0.274017,0.066728,0.000000,0.000000,0.000000,0.000000,-0.446497,
1624835947.000000,241941074.000000,-1.127460,-8.069019,0.000000,0.000000,0.000000,-0.963769,0.266739,0.065961,0.000000,0.000000,0.000000,0.000000,-0.458190,
1624835947.000000,274941074.000000,-1.129270,-8.070086,0.000000,0.000000,0.000000,-0.965652,0.259839,0.063660,0.000000,0.000000,0.000000,0.000000,-0.433431,
1624835947.000000,308941074.000000,-1.131205,-8.071189,0.000000,0.000000,0.000000,-0.967725,0.252009,0.065510,0.000000,0.000000,0.000000,0.000000,-0.476444,
1624835947.000000,341941074.000000,-1.133091,-8.072226,0.000000,0.000000,0.000000,-0.969456,0.245266,0.065194,0.000000,0.000000,0.000000,0.000000,-0.421950,
1624835947.000000,374941074.000000,-1.134946,-8.073211,0.000000,0.000000,0.000000,-0.971310,0.237819,0.063660,0.000000,0.000000,0.000000,0.000000,-0.465126,
1624835947.000000,407941074.000000,-1.136906,-8.074215,0.000000,0.000000,0.000000,-0.972914,0.231169,0.066728,0.000000,0.000000,0.000000,0.000000,-0.414577,
1624835947.000000,441941074.000000,-1.138812,-8.075157,0.000000,0.000000,0.000000,-0.974641,0.223774,0.062532,0.000000,0.000000,0.000000,0.000000,-0.446674,
1624835947.000000,474941074.000000,-1.140732,-8.076071,0.000000,0.000000,0.000000,-0.976232,0.216727,0.064427,0.000000,0.000000,0.000000,0.000000,-0.437863,
1624835947.000000,507941074.000000,-1.142757,-8.076999,0.000000,0.000000,0.000000,-0.977809,0.209498,0.067495,0.000000,0.000000,0.000000,0.000000,-0.448415,
1624835947.000000,540941074.000000,-1.144704,-8.077854,0.000000,0.000000,0.000000,-0.979465,0.201613,0.064427,0.000000,0.000000,0.000000,0.000000,-0.488325,
1624835947.000000,573941074.000000,-1.146662,-8.078681,0.000000,0.000000,0.000000,-0.980780,0.195117,0.064427,0.000000,0.000000,0.000000,0.000000,-0.401670,
1624835947.000000,606941074.000000,-1.148656,-8.079489,0.000000,0.000000,0.000000,-0.982292,0.187358,0.065194,0.000000,0.000000,0.000000,0.000000,-0.479099,
1624835947.000000,640941074.000000,-1.150639,-8.080257,0.000000,0.000000,0.000000,-0.983564,0.180560,0.062532,0.000000,0.000000,0.000000,0.000000,-0.406816,
1624835947.000000,673941074.000000,-1.152631,-8.080998,0.000000,0.000000,0.000000,-0.984820,0.173576,0.064427,0.000000,0.000000,0.000000,0.000000,-0.430053,
1624835947.000000,706941074.000000,-1.154635,-8.081711,0.000000,0.000000,0.000000,-0.986051,0.166442,0.064427,0.000000,0.000000,0.000000,0.000000,-0.438780,
1624835947.000000,739941074.000000,-1.156648,-8.082394,0.000000,0.000000,0.000000,-0.987249,0.159183,0.064427,0.000000,0.000000,0.000000,0.000000,-0.445868,
1624835947.000000,772941074.000000,-1.158623,-8.083033,0.000000,0.000000,0.000000,-0.988335,0.152293,0.062893,0.000000,0.000000,0.000000,0.000000,-0.422745,
1624835947.000000,805941074.000000,-1.160655,-8.083657,0.000000,0.000000,0.000000,-0.989483,0.144646,0.064427,0.000000,0.000000,0.000000,0.000000,-0.468659,
1624835947.000000,839941074.000000,-1.162648,-8.084238,0.000000,0.000000,0.000000,-0.990443,0.137920,0.061043,0.000000,0.000000,0.000000,0.000000,-0.399646,
1624835947.000000,882389053.000000,-1.164721,-8.084811,0.000000,0.000000,0.000000,-0.991388,0.130955,0.065194,0.000000,0.000000,0.000000,0.000000,-0.425964,
1624835947.000000,915389053.000000,-1.166754,-8.085342,0.000000,0.000000,0.000000,-0.992296,0.123892,0.063660,0.000000,0.000000,0.000000,0.000000,-0.431610,
1624835947.000000,948389053.000000,-1.168794,-8.085843,0.000000,0.000000,0.000000,-0.993235,0.116122,0.063660,0.000000,0.000000,0.000000,0.000000,-0.474312,
1624835947.000000,981389053.000000,-1.170817,-8.086308,0.000000,0.000000,0.000000,-0.993962,0.109726,0.062893,0.000000,0.000000,0.000000,0.000000,-0.390176,
1624835948.000000,14389053.000000,-1.172920,-8.086762,0.000000,0.000000,0.000000,-0.994721,0.102618,0.065194,0.000000,0.000000,0.000000,0.000000,-0.433217,
1624835948.000000,47389053.000000,-1.174979,-8.087176,0.000000,0.000000,0.000000,-0.995446,0.095330,0.063660,0.000000,0.000000,0.000000,0.000000,-0.443881,
1624835948.000000,80389053.000000,-1.177020,-8.087556,0.000000,0.000000,0.000000,-0.996088,0.088368,0.062893,0.000000,0.000000,0.000000,0.000000,-0.423702,
1624835948.000000,114389053.000000,-1.179140,-8.087919,0.000000,0.000000,0.000000,-0.996691,0.081278,0.063277,0.000000,0.000000,0.000000,0.000000,-0.418586,
1624835948.000000,147389053.000000,-1.181216,-8.088244,0.000000,0.000000,0.000000,-0.997264,0.073927,0.063660,0.000000,0.000000,0.000000,0.000000,-0.446847,
1624835948.000000,181389053.000000,-1.183371,-8.088550,0.000000,0.000000,0.000000,-0.997783,0.066556,0.064021,0.000000,0.000000,0.000000,0.000000,-0.434679,
1624835948.000000,215389053.000000,-1.185530,-8.088823,0.000000,0.000000,0.000000,-0.998230,0.059468,0.064021,0.000000,0.000000,0.000000,0.000000,-0.417758,
1624835948.000000,248389053.000000,-1.187643,-8.089060,0.000000,0.000000,0.000000,-0.998645,0.052049,0.064427,0.000000,0.000000,0.000000,0.000000,-0.450351,
1624835948.000000,281389053.000000,-1.189759,-8.089266,0.000000,0.000000,0.000000,-0.998988,0.044984,0.064427,0.000000,0.000000,0.000000,0.000000,-0.428706,
1624835948.000000,314389053.000000,-1.191827,-8.089437,0.000000,0.000000,0.000000,-0.999278,0.037990,0.062893,0.000000,0.000000,0.000000,0.000000,-0.424262,
1624835948.000000,347389053.000000,-1.193974,-8.089585,0.000000,0.000000,0.000000,-0.999530,0.030651,0.065194,0.000000,0.000000,0.000000,0.000000,-0.445019,
1624835948.000000,380389053.000000,-1.196046,-8.089698,0.000000,0.000000,0.000000,-0.999722,0.023590,0.062893,0.000000,0.000000,0.000000,0.000000,-0.428106,
1624835948.000000,414389053.000000,-1.198196,-8.089783,0.000000,0.000000,0.000000,-0.999873,0.015909,0.063277,0.000000,0.000000,0.000000,0.000000,-0.451887,
1624835948.000000,447389053.000000,-1.200321,-8.089836,0.000000,0.000000,0.000000,-0.999959,0.009081,0.064427,0.000000,0.000000,0.000000,0.000000,-0.413873,
1624835948.000000,480389053.000000,-1.202422,-8.089859,0.000000,0.000000,0.000000,-0.999998,0.001948,0.063660,0.000000,0.000000,0.000000,0.000000,-0.432296,
1624835948.000000,513389053.000000,-1.204497,-8.089851,0.000000,0.000000,0.000000,-0.999985,-0.005507,0.062893,0.000000,0.000000,0.000000,0.000000,-0.451854,
1624835948.000000,546389053.000000,-1.206648,-8.089813,0.000000,0.000000,0.000000,-0.999925,-0.012249,0.065194,0.000000,0.000000,0.000000,0.000000,-0.408613,
1624835948.000000,579389053.000000,-1.208698,-8.089747,0.000000,0.000000,0.000000,-0.999802,-0.019898,0.062126,0.000000,0.000000,0.000000,0.000000,-0.463609,
1624835948.000000,612389053.000000,-1.210796,-8.089649,0.000000,0.000000,0.000000,-0.999638,-0.026886,0.063660,0.000000,0.000000,0.000000,0.000000,-0.423641,
1624835948.000000,645389053.000000,-1.212893,-8.089522,0.000000,0.000000,0.000000,-0.999434,-0.033643,0.063660,0.000000,0.000000,0.000000,0.000000,-0.409711,
1624835948.000000,678389053.000000,-1.215038,-8.089361,0.000000,0.000000,0.000000,-0.999140,-0.041472,0.065194,0.000000,0.000000,0.000000,0.000000,-0.474843,
1624835948.000000,711389053.000000,-1.217080,-8.089177,0.000000,0.000000,0.000000,-0.998824,-0.048480,0.062126,0.000000,0.000000,0.000000,0.000000,-0.425151,
1624835948.000000,745389053.000000,-1.219245,-8.088950,0.000000,0.000000,0.000000,-0.998434,-0.055946,0.064021,0.000000,0.000000,0.000000,0.000000,-0.439777,
1624835948.000000,778389053.000000,-1.221331,-8.088702,0.000000,0.000000,0.000000,-0.998065,-0.062184,0.063660,0.000000,0.000000,0.000000,0.000000,-0.378703,
1624835948.000000,811389053.000000,-1.223439,-8.088423,0.000000,0.000000,0.000000,-0.997566,-0.069729,0.064427,0.000000,0.000000,0.000000,0.000000,-0.458313,
1624835948.000000,844389053.000000,-1.225567,-8.088108,0.000000,0.000000,0.000000,-0.997024,-0.077093,0.065194,0.000000,0.000000,0.000000,0.000000,-0.447476,
1624835948.000000,877389053.000000,-1.227690,-8.087760,0.000000,0.000000,0.000000,-0.996377,-0.085051,0.065194,0.000000,0.000000,0.000000,0.000000,-0.483874,
1624835948.000000,910389053.000000,-1.229783,-8.087386,0.000000,0.000000,0.000000,-0.995792,-0.091644,0.064427,0.000000,0.000000,0.000000,0.000000,-0.401157,
1624835948.000000,943389053.000000,-1.231920,-8.086973,0.000000,0.000000,0.000000,-0.995085,-0.099025,0.065961,0.000000,0.000000,0.000000,0.000000,-0.449397,
1624835948.000000,976389053.000000,-1.234001,-8.086537,0.000000,0.000000,0.000000,-0.994259,-0.107003,0.064427,0.000000,0.000000,0.000000,0.000000,-0.486121,
1624835949.000000,9389053.000000,-1.236100,-8.086065,0.000000,0.000000,0.000000,-0.993526,-0.113603,0.065194,0.000000,0.000000,0.000000,0.000000,-0.402465,
1624835949.000000,42389053.000000,-1.238192,-8.085563,0.000000,0.000000,0.000000,-0.992592,-0.121493,0.065194,0.000000,0.000000,0.000000,0.000000,-0.481475,
1624835949.000000,75389053.000000,-1.240276,-8.085030,0.000000,0.000000,0.000000,-0.991718,-0.128435,0.065194,0.000000,0.000000,0.000000,0.000000,-0.424082,
1624835949.000000,108389053.000000,-1.242329,-8.084475,0.000000,0.000000,0.000000,-0.990841,-0.135031,0.064427,0.000000,0.000000,0.000000,0.000000,-0.403289,
1624835949.000000,141389053.000000,-1.244421,-8.083876,0.000000,0.000000,0.000000,-0.989738,-0.142895,0.065961,0.000000,0.000000,0.000000,0.000000,-0.481244,
