1624990413.957129,0.000000,0.644110,0.469877,0.207616,
1624990413.961288,0.000000,0.644113,0.469877,0.207610,
1624990413.965452,0.000000,0.644121,0.469853,0.207598,
1624990413.969637,0.000000,0.644118,0.469859,0.207596,
1624990413.973812,0.000000,0.644113,0.469865,0.207604,
1624990413.977974,0.000000,0.644120,0.469865,0.207597,
1624990413.982145,0.000000,0.644116,0.469862,0.207604,
1624990413.986301,0.000000,0.644132,0.469851,0.207602,
1624990413.990468,0.000000,0.644120,0.469864,0.207613,
1624990413.994644,0.000000,0.644118,0.469865,0.207608,
1624990413.998800,0.000000,0.644120,0.469873,0.207601,
1624990414.003039,0.000000,0.644114,0.469871,0.207596,
1624990414.007133,0.000000,0.644117,0.469868,0.207604,
1624990414.011301,0.000000,0.644116,0.469878,0.207590,
1624990414.015472,0.000000,0.644118,0.469876,0.207597,
1624990414.019635,0.000000,0.644119,0.469873,0.207591,
1624990414.023800,0.000000,0.644119,0.469870,0.207607,
1624990414.027973,0.000000,0.644114,0.469866,0.207617,
1624990414.032136,0.000000,0.644107,0.469877,0.207611,
1624990414.036300,0.000000,0.644103,0.469872,0.207621,
1624990414.040474,0.000000,0.644111,0.469857,0.207624,
1624990414.044634,0.000000,0.644114,0.469864,0.207615,
1624990414.048812,0.000000,0.644115,0.469863,0.207616,
1624990414.052969,0.000000,0.644113,0.469859,0.207619,
1624990414.057133,0.000000,0.644112,0.469867,0.207623,
1624990414.061306,0.000000,0.644106,0.469868,0.207621,
1624990414.065467,0.000000,0.644107,0.469862,0.207626,
1624990414.069709,0.000000,0.644113,0.469855,0.207627,
1624990414.073803,0.000000,0.644115,0.469857,0.207617,
1624990414.077973,0.000000,0.644115,0.469851,0.207629,
1624990414.082135,0.000000,0.644110,0.469861,0.207621,
1624990414.086301,0.000000,0.644119,0.469858,0.207625,
1624990414.090485,0.000000,0.644114,0.469862,0.207618,
1624990414.094647,0.000000,0.644118,0.469863,0.207607,
1624990414.098807,0.000000,0.644119,0.469856,0.207609,
1624990414.102970,0.000000,0.644117,0.469866,0.207600,
1624990414.107145,0.000000,0.644113,0.469868,0.207602,
1624990414.111305,0.000000,0.644108,0.469874,0.207618,
1624990414.115477,0.000000,0.644106,0.469878,0.207619,
1624990414.119643,0.000000,0.644104,0.469878,0.207627,
1624990414.123843,0.000000,0.644104,0.469878,0.207630,
1624990414.127972,0.000000,0.644110,0.469874,0.207613,
1624990424.719686,0.000000,0.644123,0.469860,0.207609,
1624990424.723759,0.000000,0.644119,0.469858,0.207613,
1624990424.727929,0.000000,0.644118,0.469862,0.207616,
1624990424.732101,0.000000,0.644128,0.469857,0.207611,
1624990424.736261,0.000000,0.644120,0.469857,0.207606,
1624990424.740422,0.000000,0.644118,0.469871,0.207604,
1624990424.744590,0.000000,0.644121,0.469871,0.207610,
1624990424.748750,0.000000,0.644110,0.469878,0.207607,
1624990424.752930,0.000000,0.644110,0.469876,0.207613,
1624990424.757119,0.000000,0.644103,0.469881,0.207617,
1624990424.819580,0.000000,0.644497,0.469763,0.207595,
1624990424.823821,0.000000,0.644736,0.469711,0.207589,
1624990424.827919,0.000000,0.645046,0.469649,0.207559,
1624990424.832091,0.000000,0.645410,0.469576,0.207519,
1624990424.836242,0.000000,0.645851,0.469497,0.207474,
1624990424.840408,0.000000,0.646307,0.469428,0.207429,
1624990424.844579,0.000000,0.646821,0.469345,0.207387,
1624990424.848832,0.000000,0.647374,0.469280,0.207340,
1624990424.852932,0.000000,0.647918,0.469220,0.207303,
1624990424.857074,0.000000,0.648471,0.469164,0.207285,
1624990424.919695,0.000000,0.656088,0.467482,0.207711,
1624990424.923797,0.000000,0.656621,0.467373,0.207723,
1624990424.927911,0.000000,0.657157,0.467279,0.207698,
1624990424.932085,0.000000,0.657735,0.467191,0.207655,
1624990424.936242,0.000000,0.658337,0.467111,0.207603,
1624990424.940415,0.000000,0.658946,0.467036,0.207546,
1624990424.944587,0.000000,0.659542,0.466956,0.207480,
1624990424.948753,0.000000,0.660125,0.466891,0.207426,
1624990424.952914,0.000000,0.660719,0.466795,0.207413,
1624990424.957080,0.000000,0.661319,0.466716,0.207346,
1624990425.019629,0.000000,0.669104,0.464558,0.207733,
1624990425.023817,0.000000,0.669664,0.464421,0.207719,
1624990425.027962,0.000000,0.670223,0.464298,0.207721,
1624990425.032127,0.000000,0.670798,0.464184,0.207684,
1624990425.036279,0.000000,0.671374,0.464069,0.207621,
1624990425.040452,0.000000,0.671945,0.463955,0.207552,
1624990425.044624,0.000000,0.672513,0.463851,0.207484,
1624990425.048776,0.000000,0.673087,0.463743,0.207429,
1624990425.053000,0.000000,0.673668,0.463621,0.207389,
1624990425.057252,0.000000,0.674242,0.463499,0.207341,
1624990425.119607,0.000000,0.682117,0.460971,0.207713,
1624990425.123787,0.000000,0.682663,0.460795,0.207720,
1624990425.128026,0.000000,0.683238,0.460643,0.207660,
1624990425.132121,0.000000,0.683824,0.460494,0.207613,
1624990425.136287,0.000000,0.684413,0.460354,0.207593,
1624990425.140468,0.000000,0.684987,0.460227,0.207555,
1624990425.144634,0.000000,0.685557,0.460098,0.207512,
1624990425.148817,0.000000,0.686136,0.459979,0.207457,
1624990425.152944,0.000000,0.686722,0.459852,0.207371,
1624990425.157118,0.000000,0.687330,0.459704,0.207284,
1624990425.219657,0.000000,0.695103,0.456894,0.207574,
1624990425.223780,0.000000,0.695634,0.456696,0.207555,
1624990425.227944,0.000000,0.696164,0.456519,0.207540,
1624990425.232105,0.000000,0.696733,0.456324,0.207521,
1624990425.236280,0.000000,0.697295,0.456156,0.207478,
1624990425.240430,0.000000,0.697881,0.455988,0.207439,
1624990425.244605,0.000000,0.698458,0.455830,0.207387,
1624990425.248770,0.000000,0.699046,0.455641,0.207341,
1624990425.252950,0.000000,0.699640,0.455462,0.207308,
1624990425.257119,0.000000,0.700223,0.455319,0.207212,
1624990425.319606,0.000000,0.707929,0.452110,0.207562,
1624990425.323789,0.000000,0.708466,0.451915,0.207553,
1624990425.327945,0.000000,0.709027,0.451714,0.207490,
1624990425.332257,0.000000,0.709603,0.451516,0.207412,
1624990425.336286,0.000000,0.710173,0.451318,0.207325,
1624990425.340434,0.000000,0.710734,0.451123,0.207284,
1624990425.344610,0.000000,0.711277,0.450945,0.207240,
1624990425.348766,0.000000,0.711859,0.450752,0.207201,
1624990425.352952,0.000000,0.712466,0.450538,0.207159,
1624990425.357115,0.000000,0.713029,0.450346,0.207113,
1624990425.419610,0.000000,0.720576,0.446854,0.207384,
1624990425.423783,0.000000,0.721117,0.446631,0.207331,
1624990425.427943,0.000000,0.721671,0.446382,0.207296,
1624990425.432105,0.000000,0.722209,0.446164,0.207252,
1624990425.436270,0.000000,0.722777,0.445930,0.207237,
1624990425.440439,0.000000,0.723353,0.445710,0.207186,
1624990425.444616,0.000000,0.723961,0.445461,0.207166,
1624990425.448773,0.000000,0.724527,0.445223,0.207106,
1624990425.452948,0.000000,0.725085,0.445028,0.207031,
1624990425.457108,0.000000,0.725629,0.444804,0.206967,
1624990425.519672,0.000000,0.733138,0.440975,0.207219,
1624990425.523790,0.000000,0.733665,0.440712,0.207202,
1624990425.527963,0.000000,0.734192,0.440458,0.207175,
1624990425.532116,0.000000,0.734741,0.440213,0.207125,
1624990425.536294,0.000000,0.735291,0.439956,0.207076,
1624990425.540539,0.000000,0.735869,0.439652,0.207158,
1624990425.544608,0.000000,0.736430,0.439413,0.206998,
1624990425.548781,0.000000,0.736961,0.439176,0.206947,
1624990425.552943,0.000000,0.737500,0.438941,0.206895,
1624990425.557130,0.000000,0.738073,0.438683,0.206824,
1624990425.619715,0.000000,0.745230,0.434544,0.207169,
1624990425.623844,0.000000,0.745733,0.434257,0.207170,
1624990425.628016,0.000000,0.746272,0.433956,0.207136,
1624990425.632185,0.000000,0.746795,0.433679,0.207104,
1624990425.636351,0.000000,0.747334,0.433419,0.207052,
1624990425.640503,0.000000,0.747867,0.433166,0.206988,
1624990425.644676,0.000000,0.748397,0.432900,0.206940,
1624990425.648861,0.000000,0.748960,0.432625,0.206896,
1624990425.653040,0.000000,0.749519,0.432347,0.206829,
1624990425.657192,0.000000,0.750082,0.432040,0.206777,
1624990425.719694,0.000000,0.756937,0.427693,0.206987,
1624990425.723858,0.000000,0.757414,0.427395,0.206985,
1624990425.728025,0.000000,0.757880,0.427111,0.206973,
1624990425.732186,0.000000,0.758387,0.426808,0.206942,
1624990425.736356,0.000000,0.758911,0.426516,0.206876,
1624990425.740545,0.000000,0.759434,0.426240,0.206808,
1624990425.744694,0.000000,0.759971,0.425969,0.206725,
1624990425.749023,0.000000,0.760518,0.425650,0.206686,
1624990425.753038,0.000000,0.761030,0.425376,0.206626,
1624990425.757187,0.000000,0.761539,0.425092,0.206577,
1624990425.819696,0.000000,0.768121,0.420517,0.206759,
1624990425.823884,0.000000,0.768578,0.420180,0.206757,
1624990425.828021,0.000000,0.769037,0.419866,0.206749,
1624990425.832186,0.000000,0.769532,0.419568,0.206694,
1624990425.836355,0.000000,0.770023,0.419257,0.206657,
1624990425.840533,0.000000,0.770537,0.418948,0.206619,
1624990425.844685,0.000000,0.771033,0.418646,0.206586,
1624990425.848865,0.000000,0.771574,0.418331,0.206520,
1624990425.853027,0.000000,0.772098,0.418013,0.206444,
1624990425.857198,0.000000,0.772614,0.417705,0.206367,
1624990425.919733,0.000000,0.779065,0.412758,0.206602,
1624990425.923878,0.000000,0.779499,0.412410,0.206620,
1624990425.928025,0.000000,0.779936,0.412090,0.206610,
1624990425.932200,0.000000,0.780402,0.411751,0.206589,
1624990425.936363,0.000000,0.780890,0.411404,0.206563,
1624990425.940534,0.000000,0.781396,0.411075,0.206484,
1624990425.944687,0.000000,0.781890,0.410754,0.206419,
1624990425.948851,0.000000,0.782393,0.410412,0.206366,
1624990425.953030,0.000000,0.782882,0.410092,0.206287,
1624990425.957302,0.000000,0.783361,0.409774,0.206199,
1624990426.019684,0.000000,0.789649,0.404574,0.206438,
1624990426.023934,0.000000,0.790034,0.404234,0.206442,
1624990426.027998,0.000000,0.790455,0.403854,0.206451,
1624990426.032146,0.000000,0.790886,0.403502,0.206422,
1624990426.036316,0.000000,0.791338,0.403161,0.206373,
1624990426.040486,0.000000,0.791793,0.402805,0.206330,
1624990426.044632,0.000000,0.792267,0.402438,0.206310,
1624990426.048804,0.000000,0.792738,0.402082,0.206274,
1624990426.052994,0.000000,0.793221,0.401712,0.206243,
1624990426.057142,0.000000,0.793701,0.401370,0.206173,
1624990426.119645,0.000000,0.799691,0.396000,0.206197,
1624990426.123809,0.000000,0.800075,0.395649,0.206197,
1624990426.128016,0.000000,0.800496,0.395265,0.206207,
1624990426.132193,0.000000,0.800904,0.394897,0.206188,
1624990426.136351,0.000000,0.801336,0.394527,0.206197,
1624990426.140520,0.000000,0.801785,0.394146,0.206173,
1624990426.144683,0.000000,0.802256,0.393755,0.206144,
1624990426.148855,0.000000,0.802733,0.393364,0.206122,
1624990426.153021,0.000000,0.803221,0.392979,0.206074,
1624990426.157185,0.000000,0.803669,0.392615,0.206024,
1624990426.219681,0.000000,0.809443,0.386967,0.206126,
1624990426.223854,0.000000,0.809807,0.386577,0.206144,
1624990426.228021,0.000000,0.810203,0.386180,0.206164,
1624990426.232243,0.000000,0.810605,0.385790,0.206135,
1624990426.236312,0.000000,0.811021,0.385395,0.206100,
1624990426.240471,0.000000,0.811458,0.384984,0.206074,
1624990426.244648,0.000000,0.811869,0.384601,0.206037,
1624990426.248819,0.000000,0.812306,0.384222,0.205992,
1624990426.253002,0.000000,0.812733,0.383835,0.205954,
1624990426.257155,0.000000,0.813172,0.383421,0.205941,
1624990426.319660,0.000000,0.818847,0.377375,0.206111,
1624990426.323808,0.000000,0.819189,0.376979,0.206130,
1624990426.327983,0.000000,0.819532,0.376587,0.206136,
1624990426.332137,0.000000,0.819888,0.376153,0.206163,
1624990426.336329,0.000000,0.820268,0.375755,0.206123,
1624990426.340506,0.000000,0.820667,0.375344,0.206087,
1624990426.344682,0.000000,0.821095,0.374932,0.206043,
1624990426.348838,0.000000,0.821547,0.374503,0.205983,
1624990426.353020,0.000000,0.821999,0.374063,0.205896,
1624990426.357167,0.000000,0.822424,0.373650,0.205845,
1624990426.419683,0.000000,0.827777,0.367479,0.205984,
1624990426.423845,0.000000,0.828099,0.367054,0.206006,
1624990426.428005,0.000000,0.828433,0.366632,0.206020,
1624990426.432178,0.000000,0.828778,0.366233,0.206020,
1624990426.436358,0.000000,0.829138,0.365797,0.206024,
1624990426.440558,0.000000,0.829523,0.365353,0.205994,
1624990426.444629,0.000000,0.829922,0.364909,0.205947,
1624990426.448794,0.000000,0.830304,0.364471,0.205931,
1624990426.452974,0.000000,0.830709,0.364049,0.205867,
1624990426.457129,0.000000,0.831121,0.363617,0.205813,
1624990426.519633,0.000000,0.836284,0.357128,0.206009,
1624990426.523803,0.000000,0.836583,0.356718,0.206024,
1624990426.527966,0.000000,0.836889,0.356313,0.206023,
1624990426.532130,0.000000,0.837204,0.355878,0.206040,
1624990426.536302,0.000000,0.837549,0.355427,0.206051,
1624990426.540516,0.000000,0.837902,0.354983,0.206046,
1624990426.544686,0.000000,0.838271,0.354518,0.206011,
1624990426.548851,0.000000,0.838649,0.354071,0.205977,
1624990426.553010,0.000000,0.839040,0.353610,0.205937,
1624990426.557180,0.000000,0.839418,0.353170,0.205893,
1624990426.619715,0.000000,0.844274,0.346496,0.205906,
1624990426.623846,0.000000,0.844542,0.346055,0.205951,
1624990426.628010,0.000000,0.844832,0.345640,0.205972,
1624990426.632181,0.000000,0.845152,0.345174,0.205986,
1624990426.636348,0.000000,0.845458,0.344738,0.205978,
1624990426.640513,0.000000,0.845772,0.344280,0.205972,
1624990426.644768,0.000000,0.846099,0.343851,0.205939,
1624990426.648852,0.000000,0.846453,0.343396,0.205899,
1624990426.653017,0.000000,0.846826,0.342897,0.205882,
1624990426.657183,0.000000,0.847215,0.342404,0.205817,
1624990426.719726,0.000000,0.851912,0.335371,0.205804,
1624990426.723838,0.000000,0.852181,0.334925,0.205794,
1624990426.728013,0.000000,0.852458,0.334480,0.205809,
1624990426.732179,0.000000,0.852728,0.334031,0.205822,
1624990426.736345,0.000000,0.853021,0.333553,0.205853,
1624990426.740514,0.000000,0.853330,0.333077,0.205838,
1624990426.744682,0.000000,0.853660,0.332602,0.205817,
1624990426.748844,0.000000,0.853990,0.332116,0.205825,
1624990426.753013,0.000000,0.854329,0.331623,0.205753,
1624990426.757188,0.000000,0.854647,0.331150,0.205707,
1624990426.819713,0.000000,0.859271,0.323587,0.205698,
1624990426.823844,0.000000,0.859504,0.323145,0.205709,
1624990426.828031,0.000000,0.859752,0.322674,0.205707,
1624990426.832187,0.000000,0.860016,0.322218,0.205693,
1624990426.836346,0.000000,0.860278,0.321743,0.205703,
1624990426.840517,0.000000,0.860556,0.321249,0.205743,
1624990426.844685,0.000000,0.860865,0.320759,0.205709,
1624990426.848851,0.000000,0.861165,0.320249,0.205663,
1624990426.853102,0.000000,0.861505,0.319737,0.205568,
1624990426.857181,0.000000,0.861861,0.319218,0.205521,
1624990426.919684,0.000000,0.865994,0.311726,0.205522,
1624990426.923942,0.000000,0.866238,0.311246,0.205538,
1624990426.928015,0.000000,0.866478,0.310766,0.205549,
1624990426.932181,0.000000,0.866738,0.310257,0.205541,
1624990426.936344,0.000000,0.866992,0.309745,0.205543,
1624990426.940514,0.000000,0.867279,0.309221,0.205526,
1624990426.944683,0.000000,0.867558,0.308707,0.205500,
1624990426.948847,0.000000,0.867843,0.308201,0.205460,
1624990426.952978,0.000000,0.868122,0.307711,0.205410,
1624990426.957158,0.000000,0.868426,0.307197,0.205381,
1624990427.019659,0.000000,0.872180,0.299439,0.205337,
1624990427.023826,0.000000,0.872394,0.298958,0.205370,
1624990427.027984,0.000000,0.872604,0.298503,0.205406,
1624990427.032152,0.000000,0.872823,0.298015,0.205435,
1624990427.036318,0.000000,0.873043,0.297518,0.205436,
1624990427.040484,0.000000,0.873309,0.297000,0.205397,
1624990427.044658,0.000000,0.873592,0.296470,0.205348,
1624990427.048812,0.000000,0.873876,0.295920,0.205296,
1624990427.052964,0.000000,0.874156,0.295394,0.205257,
1624990427.057131,0.000000,0.874445,0.294850,0.205177,
1624990427.119653,0.000000,0.877932,0.286875,0.205170,
1624990427.123818,0.000000,0.878115,0.286421,0.205167,
1624990427.127968,0.000000,0.878310,0.285952,0.205159,
1624990427.132220,0.000000,0.878502,0.285453,0.205221,
1624990427.136309,0.000000,0.878707,0.284937,0.205221,
1624990427.140480,0.000000,0.878954,0.284379,0.205177,
1624990427.144640,0.000000,0.879202,0.283807,0.205155,
1624990427.148897,0.000000,0.879463,0.283225,0.205064,
1624990427.153053,0.000000,0.879708,0.282691,0.205032,
1624990427.157169,0.000000,0.879975,0.282146,0.204981,
1624990427.219680,0.000000,0.883101,0.274223,0.204842,
1624990427.223831,0.000000,0.883266,0.273741,0.204843,
1624990427.228008,0.000000,0.883442,0.273253,0.204835,
1624990427.232173,0.000000,0.883618,0.272742,0.204806,
1624990427.236341,0.000000,0.883802,0.272220,0.204817,
1624990427.240503,0.000000,0.884001,0.271691,0.204814,
1624990427.244682,0.000000,0.884219,0.271144,0.204769,
1624990427.248839,0.000000,0.884450,0.270561,0.204687,
1624990427.253008,0.000000,0.884705,0.270007,0.204618,
1624990427.257166,0.000000,0.884944,0.269422,0.204607,
1624990427.319673,0.000000,0.887648,0.261464,0.204476,
1624990427.323837,0.000000,0.887777,0.260996,0.204519,
1624990427.328001,0.000000,0.887927,0.260513,0.204525,
1624990427.332162,0.000000,0.888060,0.260041,0.204654,
1624990427.336427,0.000000,0.888232,0.259513,0.204538,
1624990427.340498,0.000000,0.888400,0.258968,0.204531,
1624990427.344667,0.000000,0.888582,0.258410,0.204497,
1624990427.348838,0.000000,0.888772,0.257833,0.204440,
1624990427.353006,0.000000,0.889011,0.257250,0.204350,
1624990427.357137,0.000000,0.889233,0.256686,0.204274,
1624990427.419673,0.000000,0.891567,0.248659,0.204276,
1624990427.423798,0.000000,0.891675,0.248199,0.204257,
1624990427.427961,0.000000,0.891797,0.247716,0.204252,
1624990427.432135,0.000000,0.891929,0.247230,0.204256,
1624990427.436300,0.000000,0.892069,0.246720,0.204235,
1624990427.440462,0.000000,0.892216,0.246190,0.204236,
1624990427.444634,0.000000,0.892341,0.245635,0.204349,
1624990427.448806,0.000000,0.892533,0.245053,0.204190,
1624990427.452975,0.000000,0.892684,0.244497,0.204283,
1624990427.457136,0.000000,0.892873,0.243929,0.204103,
1624990427.519662,0.000000,0.894867,0.235802,0.204159,
1624990427.523840,0.000000,0.894963,0.235295,0.204076,
1624990427.528004,0.000000,0.895034,0.234811,0.204157,
1624990427.532170,0.000000,0.895127,0.234305,0.204186,
1624990427.536338,0.000000,0.895230,0.233789,0.204163,
1624990427.540495,0.000000,0.895362,0.233249,0.204018,
1624990427.544755,0.000000,0.895475,0.232702,0.204032,
1624990427.548829,0.000000,0.895612,0.232166,0.203997,
1624990427.553005,0.000000,0.895763,0.231614,0.203947,
1624990427.557170,0.000000,0.895890,0.231048,0.204047,
1624990427.619662,0.000000,0.897630,0.222750,0.203923,
1624990427.623860,0.000000,0.897702,0.222231,0.203950,
1624990427.628015,0.000000,0.897781,0.221719,0.203954,
1624990427.632189,0.000000,0.897824,0.221231,0.203976,
1624990427.636349,0.000000,0.897910,0.220715,0.203976,
1624990427.640508,0.000000,0.897982,0.220202,0.204032,
1624990427.644679,0.000000,0.898074,0.219646,0.204014,
1624990427.648882,0.000000,0.898176,0.219095,0.203984,
1624990427.653014,0.000000,0.898318,0.218524,0.203889,
1624990427.657180,0.000000,0.898446,0.217938,0.203824,
1624990427.719775,0.000000,0.899818,0.209531,0.203779,
1624990427.723831,0.000000,0.899862,0.209031,0.203812,
1624990427.727989,0.000000,0.899911,0.208530,0.203830,
1624990427.732166,0.000000,0.899943,0.208038,0.203847,
1624990427.736342,0.000000,0.899980,0.207555,0.203866,
1624990427.740499,0.000000,0.900035,0.207034,0.203844,
1624990427.744669,0.000000,0.900094,0.206506,0.203829,
1624990427.748846,0.000000,0.900175,0.205942,0.203791,
1624990427.753099,0.000000,0.900264,0.205367,0.203645,
1624990427.757211,0.000000,0.900352,0.204790,0.203685,
1624990427.778004,0.000000,0.900881,0.201892,0.203448,
1624990427.782167,0.000000,0.900982,0.201293,0.203395,
1624990427.786333,0.000000,0.901089,0.200683,0.203331,
1624990427.790502,0.000000,0.901168,0.200080,0.203282,
1624990427.794672,0.000000,0.901237,0.199504,0.203260,
1624990427.798842,0.000000,0.901284,0.198918,0.203295,
1624990427.803002,0.000000,0.901323,0.198370,0.203345,
1624990427.807169,0.000000,0.901332,0.197845,0.203423,
1624990427.811337,0.000000,0.901344,0.197346,0.203510,
1624990427.815508,0.000000,0.901352,0.196843,0.203591,
1624990427.919690,0.000000,0.902393,0.183013,0.203510,
1624990427.923821,0.000000,0.902387,0.182532,0.203554,
1624990427.927997,0.000000,0.902390,0.182015,0.203571,
1624990427.932155,0.000000,0.902387,0.181530,0.203559,
1624990427.936351,0.000000,0.902383,0.181013,0.203591,
1624990427.940488,0.000000,0.902391,0.180442,0.203619,
1624990427.944681,0.000000,0.902404,0.179892,0.203616,
1624990427.948821,0.000000,0.902422,0.179375,0.203580,
1624990427.952988,0.000000,0.902441,0.178827,0.203549,
1624990427.957161,0.000000,0.902474,0.178245,0.203527,
1624990428.019692,0.000000,0.902808,0.169700,0.203363,
1624990428.023864,0.000000,0.902794,0.169195,0.203376,
1624990428.028097,0.000000,0.902755,0.168685,0.203376,
1624990428.032184,0.000000,0.902704,0.168185,0.203417,
1624990428.036353,0.000000,0.902675,0.167699,0.203429,
1624990428.040542,0.000000,0.902664,0.167190,0.203432,
1624990428.044693,0.000000,0.902663,0.166672,0.203416,
1624990428.048869,0.000000,0.902667,0.166118,0.203412,
1624990428.053021,0.000000,0.902670,0.165558,0.203394,
1624990428.057194,0.000000,0.902676,0.164959,0.203382,
1624990428.119704,0.000000,0.902615,0.156350,0.203287,
1624990428.123875,0.000000,0.902561,0.155838,0.203322,
1624990428.128031,0.000000,0.902512,0.155351,0.203328,
1624990428.132204,0.000000,0.902463,0.154853,0.203341,
1624990428.136372,0.000000,0.902418,0.154333,0.203349,
1624990428.140528,0.000000,0.902377,0.153826,0.203352,
1624990428.144707,0.000000,0.902339,0.153318,0.203366,
1624990428.148875,0.000000,0.902310,0.152789,0.203371,
1624990428.153036,0.000000,0.902279,0.152271,0.203362,
1624990428.157201,0.000000,0.902231,0.151697,0.203349,
1624990428.219735,0.000000,0.901790,0.143009,0.203108,
1624990428.223852,0.000000,0.901733,0.142544,0.203150,
1624990428.228023,0.000000,0.901670,0.142056,0.203198,
1624990428.232194,0.000000,0.901600,0.141561,0.203222,
1624990428.236430,0.000000,0.901526,0.141077,0.203258,
1624990428.240523,0.000000,0.901448,0.140587,0.203289,
1624990428.244719,0.000000,0.901374,0.140071,0.203314,
1624990428.248864,0.000000,0.901330,0.139540,0.203323,
1624990428.253029,0.000000,0.901276,0.139023,0.203321,
1624990428.257192,0.000000,0.901211,0.138446,0.203307,
1624990428.319697,0.000000,0.900459,0.129617,0.203024,
1624990428.323872,0.000000,0.900371,0.129123,0.203048,
1624990428.328023,0.000000,0.900270,0.128622,0.203094,
1624990428.332203,0.000000,0.900168,0.128129,0.203124,
1624990428.336371,0.000000,0.900086,0.127642,0.203127,
1624990428.340532,0.000000,0.899995,0.127140,0.203157,
1624990428.344714,0.000000,0.899919,0.126642,0.203163,
1624990428.348875,0.000000,0.899832,0.126115,0.203149,
1624990428.353025,0.000000,0.899754,0.125556,0.203140,
1624990428.357191,0.000000,0.899701,0.124992,0.203126,
1624990428.419693,0.000000,0.898604,0.116231,0.202834,
1624990428.423867,0.000000,0.898469,0.115705,0.202917,
1624990428.428030,0.000000,0.898335,0.115208,0.202957,
1624990428.432190,0.000000,0.898211,0.114737,0.202988,
1624990428.436371,0.000000,0.898090,0.114267,0.203010,
1624990428.440533,0.000000,0.897995,0.113775,0.202985,
1624990428.444779,0.000000,0.897872,0.113255,0.203009,
1624990428.448866,0.000000,0.897776,0.112740,0.203023,
1624990428.453028,0.000000,0.897686,0.112241,0.202999,
1624990428.457205,0.000000,0.897596,0.111681,0.203014,
1624990428.519685,0.000000,0.896136,0.102894,0.202610,
1624990428.523845,0.000000,0.895998,0.102419,0.202660,
1624990428.528027,0.000000,0.895857,0.101917,0.202696,
1624990428.532197,0.000000,0.895718,0.101432,0.202750,
1624990428.536361,0.000000,0.895594,0.100950,0.202770,
1624990428.540545,0.000000,0.895454,0.100453,0.202798,
1624990428.544726,0.000000,0.895302,0.099938,0.202838,
1624990428.548868,0.000000,0.895168,0.099413,0.202843,
1624990428.553027,0.000000,0.894998,0.098816,0.202834,
1624990428.557194,0.000000,0.894857,0.098281,0.202823,
1624990428.619743,0.000000,0.892952,0.089550,0.202513,
1624990428.623865,0.000000,0.892780,0.089048,0.202632,
1624990428.628035,0.000000,0.892629,0.088555,0.202670,
1624990428.632190,0.000000,0.892465,0.088058,0.202696,
1624990428.636355,0.000000,0.892307,0.087587,0.202734,
1624990428.640528,0.000000,0.892139,0.087095,0.202756,
1624990428.644694,0.000000,0.891983,0.086614,0.202758,
1624990428.648938,0.000000,0.891834,0.086094,0.202764,
1624990428.653034,0.000000,0.891685,0.085576,0.202770,
1624990428.657207,0.000000,0.891531,0.085028,0.202768,
1624990428.719824,0.000000,0.889176,0.076215,0.202433,
1624990428.723868,0.000000,0.888996,0.075719,0.202487,
1624990428.728032,0.000000,0.888822,0.075225,0.202528,
1624990428.732223,0.000000,0.888663,0.074788,0.202538,
1624990428.736363,0.000000,0.888501,0.074308,0.202553,
1624990428.740530,0.000000,0.888303,0.073791,0.202572,
1624990428.744740,0.000000,0.888129,0.073310,0.202574,
1624990428.748879,0.000000,0.887960,0.072818,0.202598,
1624990428.753030,0.000000,0.887777,0.072272,0.202606,
1624990428.757193,0.000000,0.887589,0.071730,0.202630,
1624990428.819697,0.000000,0.884904,0.063126,0.202147,
1624990428.823850,0.000000,0.884701,0.062653,0.202172,
1624990428.828032,0.000000,0.884509,0.062181,0.202228,
1624990428.832203,0.000000,0.884312,0.061718,0.202276,
1624990428.836360,0.000000,0.884105,0.061252,0.202323,
1624990428.840540,0.000000,0.883924,0.060796,0.202347,
1624990428.844706,0.000000,0.883742,0.060371,0.202405,
1624990428.848875,0.000000,0.883542,0.059890,0.202410,
1624990428.853017,0.000000,0.883327,0.059371,0.202403,
1624990428.857388,0.000000,0.883125,0.058854,0.202384,
1624990428.919698,0.000000,0.880164,0.050480,0.201950,
1624990428.923878,0.000000,0.879937,0.050023,0.201991,
1624990428.928075,0.000000,0.879722,0.049581,0.202013,
1624990428.932186,0.000000,0.879502,0.049146,0.202057,
1624990428.936355,0.000000,0.879287,0.048677,0.202065,
1624990428.940513,0.000000,0.879017,0.048175,0.202136,
1624990428.944702,0.000000,0.878810,0.047725,0.202144,
1624990428.948854,0.000000,0.878597,0.047278,0.202179,
1624990428.953018,0.000000,0.878438,0.046839,0.202147,
1624990428.957201,0.000000,0.878218,0.046332,0.202146,
1624990429.019746,0.000000,0.874896,0.038209,0.201767,
1624990429.023923,0.000000,0.874656,0.037771,0.201833,
1624990429.028026,0.000000,0.874427,0.037330,0.201869,
1624990429.032180,0.000000,0.874224,0.036914,0.201858,
1624990429.036352,0.000000,0.873997,0.036487,0.201869,
1624990429.040499,0.000000,0.873767,0.036050,0.201884,
1624990429.044690,0.000000,0.873547,0.035611,0.201896,
1624990429.048836,0.000000,0.873340,0.035176,0.201863,
1624990429.053024,0.000000,0.873097,0.034683,0.201865,
1624990429.057189,0.000000,0.872869,0.034204,0.201861,
1624990429.119682,0.000000,0.869161,0.026175,0.201580,
1624990429.123882,0.000000,0.868872,0.025720,0.201683,
1624990429.128005,0.000000,0.868605,0.025295,0.201754,
1624990429.132256,0.000000,0.868343,0.024849,0.201807,
1624990429.136340,0.000000,0.868088,0.024430,0.201855,
1624990429.140515,0.000000,0.867846,0.024030,0.201872,
1624990429.144686,0.000000,0.867605,0.023625,0.201879,
1624990429.148853,0.000000,0.867350,0.023178,0.201884,
1624990429.153026,0.000000,0.867136,0.022741,0.201678,
1624990429.157174,0.000000,0.866871,0.022274,0.201698,
1624990429.219687,0.000000,0.862892,0.014402,0.201149,
1624990429.223849,0.000000,0.862605,0.013954,0.201223,
1624990429.228022,0.000000,0.862317,0.013515,0.201291,
1624990429.232191,0.000000,0.862062,0.013110,0.201330,
1624990429.236358,0.000000,0.861801,0.012734,0.201376,
1624990429.240523,0.000000,0.861546,0.012329,0.201392,
1624990429.244687,0.000000,0.861281,0.011925,0.201422,
1624990429.248855,0.000000,0.860999,0.011486,0.201425,
1624990429.253025,0.000000,0.860712,0.011048,0.201423,
1624990429.257217,0.000000,0.860445,0.010583,0.201415,
1624990429.319731,0.000000,0.856145,0.002975,0.200946,
1624990429.323818,0.000000,0.855821,0.002555,0.201032,
1624990429.327990,0.000000,0.855507,0.002120,0.201107,
1624990429.332164,0.000000,0.855221,0.001717,0.201174,
1624990429.336330,0.000000,0.854940,0.001338,0.201241,
1624990429.340615,0.000000,0.854672,0.000961,0.201258,
1624990429.344724,0.000000,0.854406,0.000583,0.201276,
1624990429.348860,0.000000,0.854135,0.000185,0.201275,
1624990429.353024,0.000000,0.853820,-0.000256,0.201305,
1624990429.357195,0.000000,0.853475,-0.000704,0.201448,
1624990429.419721,0.000000,0.848888,-0.008102,0.200858,
1624990429.423902,0.000000,0.848559,-0.008518,0.200909,
1624990429.428063,0.000000,0.848201,-0.008936,0.200979,
1624990429.432232,0.000000,0.847876,-0.009333,0.201055,
1624990429.436434,0.000000,0.847578,-0.009709,0.201095,
1624990429.440578,0.000000,0.847293,-0.010085,0.201107,
1624990429.444739,0.000000,0.846986,-0.010472,0.201136,
1624990429.448903,0.000000,0.846634,-0.010886,0.201197,
1624990429.453070,0.000000,0.846301,-0.011293,0.201234,
1624990429.457224,0.000000,0.845991,-0.011699,0.201246,
1624990429.519724,0.000000,0.841027,-0.018915,0.200848,
1624990429.523890,0.000000,0.840648,-0.019351,0.200954,
1624990429.528063,0.000000,0.840308,-0.019735,0.201012,
1624990429.532227,0.000000,0.839971,-0.020108,0.201065,
1624990429.536385,0.000000,0.839658,-0.020494,0.201085,
1624990429.540562,0.000000,0.839332,-0.020847,0.201147,
1624990429.544798,0.000000,0.839016,-0.021222,0.201170,
1624990429.548897,0.000000,0.838675,-0.021616,0.201200,
1624990429.553065,0.000000,0.838340,-0.022002,0.201214,
1624990429.557230,0.000000,0.837958,-0.022391,0.201370,
1624990429.619736,0.000000,0.832759,-0.029348,0.200921,
1624990429.623907,0.000000,0.832382,-0.029759,0.200960,
1624990429.628055,0.000000,0.832003,-0.030166,0.201039,
1624990429.632223,0.000000,0.831650,-0.030531,0.201102,
1624990429.636389,0.000000,0.831317,-0.030900,0.201135,
1624990429.640558,0.000000,0.830976,-0.031263,0.201153,
1624990429.644723,0.000000,0.830620,-0.031600,0.201198,
1624990429.648884,0.000000,0.830264,-0.031949,0.201225,
1624990429.653050,0.000000,0.829905,-0.032321,0.201268,
1624990429.657216,0.000000,0.829565,-0.032707,0.201275,
1624990429.719726,0.000000,0.824020,-0.039379,0.200904,
1624990429.723888,0.000000,0.823624,-0.039784,0.200943,
1624990429.728049,0.000000,0.823234,-0.040168,0.201020,
1624990429.732225,0.000000,0.822867,-0.040520,0.201106,
1624990429.736402,0.000000,0.822504,-0.040856,0.201188,
1624990429.740577,0.000000,0.822152,-0.041217,0.201216,
1624990429.744735,0.000000,0.821820,-0.041543,0.201218,
1624990429.748977,0.000000,0.821446,-0.041896,0.201241,
1624990429.753061,0.000000,0.821091,-0.042247,0.201242,
1624990429.757235,0.000000,0.820733,-0.042598,0.201243,
1624990429.819944,0.000000,0.814894,-0.049018,0.200831,
1624990429.823917,0.000000,0.814496,-0.049408,0.200842,
1624990429.828062,0.000000,0.814098,-0.049776,0.200907,
1624990429.832223,0.000000,0.813701,-0.050114,0.200990,
1624990429.836386,0.000000,0.813317,-0.050447,0.201061,
1624990429.840556,0.000000,0.812944,-0.050768,0.201115,
1624990429.844718,0.000000,0.812562,-0.051098,0.201164,
1624990429.848880,0.000000,0.812186,-0.051411,0.201212,
1624990429.853040,0.000000,0.811820,-0.051737,0.201226,
1624990429.857211,0.000000,0.811434,-0.052079,0.201247,
1624990429.919711,0.000000,0.805312,-0.058296,0.200871,
1624990429.923882,0.000000,0.804876,-0.058694,0.200881,
1624990429.928055,0.000000,0.804449,-0.059059,0.200927,
1624990429.932226,0.000000,0.804018,-0.059412,0.200979,
1624990429.936394,0.000000,0.803612,-0.059759,0.201039,
1624990429.940559,0.000000,0.803218,-0.060071,0.201092,
1624990429.944720,0.000000,0.802824,-0.060367,0.201125,
1624990429.948891,0.000000,0.802426,-0.060674,0.201163,
1624990429.953042,0.000000,0.802026,-0.060975,0.201197,
1624990429.957294,0.000000,0.801636,-0.061296,0.201225,
1624990430.019763,0.000000,0.795287,-0.067285,0.200717,
1624990430.023958,0.000000,0.794832,-0.067672,0.200722,
1624990430.028049,0.000000,0.794374,-0.068046,0.200735,
1624990430.032210,0.000000,0.793916,-0.068372,0.200813,
1624990430.036380,0.000000,0.793501,-0.068704,0.200858,
1624990430.040546,0.000000,0.793129,-0.068998,0.200894,
1624990430.044715,0.000000,0.792726,-0.069287,0.200942,
1624990430.048882,0.000000,0.792311,-0.069565,0.200996,
1624990430.053043,0.000000,0.791874,-0.069883,0.201053,
1624990430.057209,0.000000,0.791452,-0.070195,0.201103,
1624990430.119717,0.000000,0.784786,-0.075814,0.200704,
1624990430.123880,0.000000,0.784333,-0.076174,0.200688,
1624990430.128051,0.000000,0.783835,-0.076515,0.200736,
1624990430.132227,0.000000,0.783394,-0.076838,0.200799,
1624990430.136401,0.000000,0.782928,-0.077162,0.200839,
1624990430.140563,0.000000,0.782474,-0.077471,0.200880,
1624990430.144731,0.000000,0.782018,-0.077780,0.200925,
1624990430.148886,0.000000,0.781593,-0.078070,0.200970,
1624990430.153095,0.000000,0.781157,-0.078334,0.201043,
1624990430.157212,0.000000,0.780750,-0.078591,0.201066,
1624990430.219810,0.000000,0.773773,-0.084034,0.200599,
1624990430.223878,0.000000,0.773267,-0.084374,0.200627,
1624990430.228128,0.000000,0.772785,-0.084700,0.200669,
1624990430.232207,0.000000,0.772330,-0.084998,0.200727,
1624990430.236377,0.000000,0.771868,-0.085295,0.200781,
1624990430.240551,0.000000,0.771424,-0.085580,0.200804,
1624990430.244780,0.000000,0.770957,-0.085852,0.200845,
1624990430.248872,0.000000,0.770496,-0.086125,0.200893,
1624990430.253035,0.000000,0.770051,-0.086387,0.200938,
1624990430.257205,0.000000,0.769573,-0.086660,0.200971,
1624990430.319734,0.000000,0.762426,-0.091717,0.200598,
1624990430.323860,0.000000,0.761913,-0.092034,0.200592,
1624990430.328035,0.000000,0.761434,-0.092332,0.200627,
1624990430.332203,0.000000,0.760950,-0.092620,0.200662,
1624990430.336372,0.000000,0.760472,-0.092889,0.200721,
1624990430.340547,0.000000,0.760007,-0.093133,0.200771,
1624990430.344711,0.000000,0.759547,-0.093372,0.200819,
1624990430.348887,0.000000,0.759074,-0.093616,0.200896,
1624990430.353046,0.000000,0.758627,-0.093862,0.200929,
1624990430.357214,0.000000,0.758164,-0.094116,0.200955,
1624990430.419749,0.000000,0.750760,-0.098916,0.200394,
1624990430.423886,0.000000,0.750242,-0.099230,0.200398,
1624990430.428051,0.000000,0.749765,-0.099493,0.200447,
1624990430.432297,0.000000,0.749258,-0.099754,0.200513,
1624990430.436380,0.000000,0.748773,-0.100004,0.200581,
1624990430.440545,0.000000,0.748306,-0.100246,0.200625,
1624990430.444713,0.000000,0.747865,-0.100478,0.200665,
1624990430.448884,0.000000,0.747380,-0.100704,0.200691,
1624990430.453043,0.000000,0.746900,-0.100926,0.200739,
1624990430.457206,0.000000,0.746436,-0.101153,0.200777,
1624990430.519710,0.000000,0.738913,-0.105596,0.200316,
1624990430.523870,0.000000,0.738395,-0.105866,0.200311,
1624990430.528042,0.000000,0.737886,-0.106143,0.200319,
1624990430.532213,0.000000,0.737385,-0.106391,0.200349,
1624990430.536374,0.000000,0.736905,-0.106616,0.200405,
1624990430.540537,0.000000,0.736428,-0.106809,0.200477,
1624990430.544707,0.000000,0.735963,-0.107015,0.200534,
1624990430.548873,0.000000,0.735517,-0.107199,0.200604,
1624990430.553049,0.000000,0.735062,-0.107377,0.200651,
1624990430.557203,0.000000,0.734626,-0.107570,0.200666,
1624990430.619711,0.000000,0.726972,-0.111599,0.200181,
1624990430.623873,0.000000,0.726431,-0.111862,0.200188,
1624990430.628036,0.000000,0.725929,-0.112095,0.200226,
1624990430.632206,0.000000,0.725451,-0.112321,0.200247,
1624990430.636453,0.000000,0.724952,-0.112520,0.200312,
1624990430.640543,0.000000,0.724456,-0.112704,0.200367,
1624990430.644707,0.000000,0.723991,-0.112876,0.200434,
1624990430.648874,0.000000,0.723521,-0.113056,0.200461,
1624990430.653060,0.000000,0.723059,-0.113238,0.200513,
1624990430.657197,0.000000,0.722592,-0.113418,0.200536,
1624990430.719704,0.000000,0.714812,-0.117015,0.200252,
1624990430.723866,0.000000,0.714278,-0.117287,0.200114,
1624990430.728042,0.000000,0.713692,-0.117490,0.200265,
1624990430.732205,0.000000,0.713171,-0.117680,0.200293,
1624990430.736382,0.000000,0.712669,-0.117862,0.200339,
1624990430.740539,0.000000,0.712170,-0.118045,0.200393,
1624990430.744706,0.000000,0.711689,-0.118204,0.200464,
1624990430.748864,0.000000,0.711224,-0.118369,0.200514,
1624990430.753023,0.000000,0.710743,-0.118525,0.200567,
1624990430.757196,0.000000,0.710276,-0.118677,0.200590,
1624990430.819706,0.000000,0.702473,-0.121914,0.200092,
1624990430.823892,0.000000,0.701933,-0.122144,0.200018,
1624990430.828038,0.000000,0.701341,-0.122339,0.200117,
1624990430.832199,0.000000,0.700795,-0.122520,0.200145,
1624990430.836377,0.000000,0.700264,-0.122690,0.200202,
1624990430.840612,0.000000,0.699748,-0.122852,0.200271,
1624990430.844708,0.000000,0.699255,-0.123008,0.200324,
1624990430.848876,0.000000,0.698770,-0.123157,0.200366,
1624990430.853041,0.000000,0.698280,-0.123307,0.200416,
1624990430.857198,0.000000,0.697823,-0.123425,0.200438,
1624990430.919745,0.000000,0.689926,-0.126264,0.200069,
1624990430.923871,0.000000,0.689365,-0.126462,0.200037,
1624990430.928051,0.000000,0.688806,-0.126656,0.200055,
1624990430.932218,0.000000,0.688245,-0.126841,0.200088,
1624990430.936397,0.000000,0.687699,-0.127020,0.200154,
1624990430.940535,0.000000,0.687200,-0.127146,0.200198,
1624990430.944718,0.000000,0.686696,-0.127271,0.200255,
1624990430.948879,0.000000,0.686197,-0.127384,0.200318,
1624990430.953034,0.000000,0.685709,-0.127507,0.200402,
1624990430.957199,0.000000,0.685228,-0.127610,0.200442,
1624990431.019695,0.000000,0.677264,-0.130066,0.200105,
1624990431.023849,0.000000,0.676683,-0.130268,0.200047,
1624990431.027992,0.000000,0.676096,-0.130445,0.200029,
1624990431.032171,0.000000,0.675526,-0.130608,0.200021,
1624990431.036333,0.000000,0.674980,-0.130749,0.200036,
1624990431.040497,0.000000,0.674449,-0.130856,0.200098,
1624990431.044772,0.000000,0.673925,-0.130960,0.200161,
1624990431.048841,0.000000,0.673426,-0.131057,0.200248,
1624990431.053003,0.000000,0.672946,-0.131142,0.200311,
1624990431.057169,0.000000,0.672444,-0.131254,0.200351,
1624990431.119668,0.000000,0.664386,-0.133348,0.200152,
1624990431.123860,0.000000,0.663795,-0.133508,0.200116,
1624990431.128014,0.000000,0.663204,-0.133658,0.200093,
1624990431.132194,0.000000,0.662644,-0.133806,0.200060,
1624990431.136348,0.000000,0.662074,-0.133926,0.200094,
1624990431.140488,0.000000,0.661512,-0.134031,0.200128,
1624990431.144663,0.000000,0.660966,-0.134124,0.200193,
1624990431.148838,0.000000,0.660443,-0.134205,0.200272,
1624990431.153004,0.000000,0.659954,-0.134262,0.200340,
1624990431.157173,0.000000,0.659464,-0.134332,0.200362,
1624990431.219795,0.000000,0.651329,-0.136011,0.200185,
1624990431.223859,0.000000,0.650748,-0.136157,0.200149,
1624990431.228022,0.000000,0.650145,-0.136306,0.200098,
1624990431.232188,0.000000,0.649539,-0.136428,0.200093,
1624990431.236361,0.000000,0.648969,-0.136538,0.200111,
1624990431.240528,0.000000,0.648409,-0.136618,0.200164,
1624990431.244690,0.000000,0.647890,-0.136680,0.200208,
1624990431.248945,0.000000,0.647360,-0.136745,0.200289,
1624990431.253026,0.000000,0.646854,-0.136797,0.200339,
1624990431.257200,0.000000,0.646354,-0.136844,0.200386,
1624990431.319794,0.000000,0.638224,-0.138138,0.200353,
1624990431.323861,0.000000,0.637619,-0.138254,0.200327,
1624990431.328020,0.000000,0.637012,-0.138389,0.200256,
1624990431.332193,0.000000,0.636417,-0.138482,0.200242,
1624990431.336373,0.000000,0.635874,-0.138572,0.200175,
1624990431.340545,0.000000,0.635326,-0.138629,0.200203,
1624990431.344691,0.000000,0.634801,-0.138669,0.200254,
1624990431.348869,0.000000,0.634271,-0.138676,0.200430,
1624990431.353029,0.000000,0.633744,-0.138695,0.200481,
1624990431.357193,0.000000,0.633244,-0.138728,0.200537,
1624990431.419710,0.000000,0.625069,-0.139648,0.200495,
1624990431.423869,0.000000,0.624471,-0.139731,0.200421,
1624990431.428022,0.000000,0.623883,-0.139814,0.200372,
1624990431.432181,0.000000,0.623290,-0.139884,0.200370,
1624990431.436368,0.000000,0.622715,-0.139970,0.200342,
1624990431.440507,0.000000,0.622168,-0.140008,0.200359,
1624990431.444693,0.000000,0.621614,-0.140028,0.200423,
1624990431.448872,0.000000,0.621070,-0.140043,0.200490,
1624990431.453123,0.000000,0.620535,-0.140057,0.200565,
1624990431.457198,0.000000,0.620019,-0.140054,0.200640,
1624990431.519853,0.000000,0.611750,-0.140575,0.200663,
1624990431.523901,0.000000,0.611169,-0.140637,0.200630,
1624990431.528029,0.000000,0.610586,-0.140699,0.200589,
1624990431.532200,0.000000,0.609998,-0.140761,0.200530,
1624990431.536361,0.000000,0.609399,-0.140803,0.200526,
1624990431.540523,0.000000,0.608793,-0.140826,0.200529,
1624990431.544684,0.000000,0.608199,-0.140824,0.200579,
1624990431.548842,0.000000,0.607630,-0.140821,0.200635,
1624990431.553023,0.000000,0.607077,-0.140810,0.200691,
1624990431.557191,0.000000,0.606531,-0.140790,0.200742,
1624990431.619692,0.000000,0.598237,-0.140957,0.200756,
1624990431.623865,0.000000,0.597636,-0.140993,0.200707,
1624990431.628027,0.000000,0.597016,-0.141047,0.200651,
1624990431.632196,0.000000,0.596409,-0.141075,0.200615,
1624990431.636354,0.000000,0.595820,-0.141097,0.200581,
1624990431.640520,0.000000,0.595230,-0.141081,0.200587,
1624990431.644691,0.000000,0.594646,-0.141086,0.200612,
1624990431.648860,0.000000,0.594069,-0.141054,0.200678,
1624990431.653026,0.000000,0.593515,-0.141017,0.200743,
1624990431.657272,0.000000,0.592973,-0.140980,0.200834,
1624990431.719728,0.000000,0.584611,-0.140747,0.200862,
1624990431.723940,0.000000,0.583999,-0.140777,0.200796,
1624990431.728006,0.000000,0.583394,-0.140791,0.200710,
1624990431.732170,0.000000,0.582769,-0.140827,0.200638,
1624990431.736338,0.000000,0.582177,-0.140817,0.200604,
1624990431.740486,0.000000,0.581559,-0.140763,0.200634,
1624990431.744665,0.000000,0.580995,-0.140728,0.200683,
1624990431.748829,0.000000,0.580445,-0.140686,0.200732,
1624990431.752995,0.000000,0.579896,-0.140635,0.200794,
1624990431.757165,0.000000,0.579356,-0.140576,0.200878,
1624990431.819695,0.000000,0.571000,-0.140031,0.200852,
1624990431.823859,0.000000,0.570379,-0.140017,0.200801,
1624990431.828019,0.000000,0.569809,-0.139992,0.200736,
1624990431.832196,0.000000,0.569197,-0.139947,0.200716,
1624990431.836382,0.000000,0.568569,-0.139899,0.200693,
1624990431.840528,0.000000,0.567980,-0.139844,0.200685,
1624990431.844689,0.000000,0.567423,-0.139783,0.200704,
1624990431.848850,0.000000,0.566832,-0.139711,0.200742,
1624990431.853019,0.000000,0.566285,-0.139648,0.200786,
1624990431.857304,0.000000,0.565745,-0.139571,0.200864,
1624990431.919679,0.000000,0.557359,-0.138638,0.200851,
1624990431.923852,0.000000,0.556746,-0.138604,0.200790,
1624990431.928110,0.000000,0.556118,-0.138561,0.200753,
1624990431.932267,0.000000,0.555500,-0.138510,0.200727,
1624990431.936356,0.000000,0.554861,-0.138456,0.200650,
1624990431.940506,0.000000,0.554259,-0.138398,0.200641,
1624990431.944692,0.000000,0.553660,-0.138306,0.200648,
1624990431.948839,0.000000,0.553085,-0.138209,0.200701,
1624990431.953004,0.000000,0.552528,-0.138095,0.200779,
1624990431.957169,0.000000,0.552005,-0.137980,0.200874,
1624990432.019793,0.000000,0.543693,-0.136652,0.200874,
1624990432.023965,0.000000,0.543064,-0.136593,0.200811,
1624990432.028028,0.000000,0.542486,-0.136540,0.200772,
1624990432.032192,0.000000,0.541867,-0.136488,0.200669,
1624990432.036361,0.000000,0.541254,-0.136405,0.200623,
1624990432.040527,0.000000,0.540642,-0.136293,0.200621,
1624990432.044698,0.000000,0.540065,-0.136181,0.200642,
1624990432.048862,0.000000,0.539468,-0.136063,0.200694,
1624990432.053031,0.000000,0.538928,-0.135930,0.200770,
1624990432.057223,0.000000,0.538391,-0.135798,0.200828,
1624990432.119684,0.000000,0.530274,-0.134149,0.200828,
1624990432.123848,0.000000,0.529676,-0.134052,0.200785,
1624990432.128093,0.000000,0.529056,-0.133954,0.200764,
1624990432.132216,0.000000,0.528415,-0.133842,0.200695,
1624990432.136393,0.000000,0.527812,-0.133722,0.200678,
1624990432.140519,0.000000,0.527211,-0.133597,0.200625,
1624990432.144687,0.000000,0.526602,-0.133476,0.200617,
1624990432.148847,0.000000,0.526093,-0.133359,0.200646,
1624990432.153018,0.000000,0.525591,-0.133223,0.200708,
1624990432.157218,0.000000,0.525099,-0.133075,0.200800,
1624990432.219706,0.000000,0.517217,-0.131068,0.200900,
1624990432.223871,0.000000,0.516629,-0.130951,0.200865,
1624990432.228020,0.000000,0.516035,-0.130824,0.200813,
1624990432.232192,0.000000,0.515416,-0.130707,0.200727,
1624990432.236367,0.000000,0.514827,-0.130579,0.200677,
1624990432.240539,0.000000,0.514252,-0.130450,0.200630,
1624990432.244697,0.000000,0.513683,-0.130292,0.200642,
1624990432.248858,0.000000,0.513153,-0.130126,0.200668,
1624990432.253060,0.000000,0.512621,-0.129964,0.200733,
1624990432.257204,0.000000,0.512143,-0.129790,0.200796,
