1624840828.000000,124965021.000000,0.000000,0.000000,0.000000,0.000000,0.000000,-0.004131,0.999991,0.000000,0.000000,0.000000,0.000000,0.000000,0.000015,
1624840828.000000,157965021.000000,0.000000,0.000000,0.000000,0.000000,0.000000,-0.004130,0.999991,0.000000,0.000000,0.000000,0.000000,0.000000,0.000083,
1624840838.000000,557459033.000000,0.000025,-0.000000,0.000000,0.000000,0.000000,-0.004143,0.999991,0.000767,0.000000,0.000000,0.000000,0.000000,0.000004,
1624840838.000000,590459033.000000,0.000000,-0.000000,0.000000,0.000000,0.000000,-0.004143,0.999991,-0.000767,0.000000,0.000000,0.000000,0.000000,-0.000013,
1624840838.000000,623459033.000000,0.000000,-0.000000,0.000000,0.000000,0.000000,-0.004143,0.999991,0.000000,0.000000,0.000000,0.000000,0.000000,0.000001,
1624840838.000000,656459033.000000,0.000000,-0.000000,0.000000,0.000000,0.000000,-0.004143,0.999991,0.000000,0.000000,0.000000,0.000000,0.000000,0.000034,
1624840838.000000,689459033.000000,0.000025,-0.000000,0.000000,0.000000,0.000000,-0.004143,0.999991,0.000767,0.000000,0.000000,0.000000,0.000000,-0.000023,
1624840838.000000,727598073.000000,0.000000,-0.000000,0.000000,0.000000,0.000000,-0.004142,0.999991,-0.000767,0.000000,0.000000,0.000000,0.000000,0.000036,
1624840838.000000,760598073.000000,0.000000,-0.000000,0.000000,0.000000,0.000000,-0.004142,0.999991,0.000000,0.000000,0.000000,0.000000,0.000000,0.000055,
1624840838.000000,793598073.000000,0.000000,-0.000000,0.000000,0.000000,0.000000,-0.004141,0.999991,0.000000,0.000000,0.000000,0.000000,0.000000,0.000032,
1624840838.000000,826598073.000000,0.000025,-0.000000,0.000000,0.000000,0.000000,-0.004141,0.999991,0.000767,0.000000,0.000000,0.000000,0.000000,0.000029,
1624840838.000000,859598073.000000,-0.000000,-0.000000,0.000000,0.000000,0.000000,-0.004140,0.999991,-0.000767,0.000000,0.000000,0.000000,0.000000,0.000035,
1624840838.000000,892598073.000000,-0.000000,-0.000000,0.000000,0.000000,0.000000,-0.004139,0.999991,0.000000,0.000000,0.000000,0.000000,0.000000,0.000035,
1624840838.000000,925598073.000000,-0.000000,-0.000000,0.000000,0.000000,0.000000,-0.004140,0.999991,0.000000,0.000000,0.000000,0.000000,0.000000,-0.000043,
1624840838.000000,958598073.000000,0.000658,-0.000006,0.000000,0.000000,0.000000,-0.004822,0.999988,0.019942,0.000000,0.000000,0.000000,0.000000,-0.041303,
1624840838.000000,991598073.000000,0.002252,-0.000029,0.000000,0.000000,0.000000,-0.009657,0.999953,0.048320,0.000000,0.000000,0.000000,0.000000,-0.293079,
1624840839.000000,24598073.000000,0.004277,-0.000081,0.000000,0.000000,0.000000,-0.016100,0.999870,0.061359,0.000000,0.000000,0.000000,0.000000,-0.390517,
1624840839.000000,57598073.000000,0.006351,-0.000162,0.000000,0.000000,0.000000,-0.023099,0.999733,0.062893,0.000000,0.000000,0.000000,0.000000,-0.424259,
1624840839.000000,90598073.000000,0.008398,-0.000271,0.000000,0.000000,0.000000,-0.030057,0.999548,0.062126,0.000000,0.000000,0.000000,0.000000,-0.421867,
1624840839.000000,123598073.000000,0.010519,-0.000415,0.000000,0.000000,0.000000,-0.037299,0.999304,0.064427,0.000000,0.000000,0.000000,0.000000,-0.439129,
1624840839.000000,156598073.000000,0.012613,-0.000587,0.000000,0.000000,0.000000,-0.044636,0.999003,0.063660,0.000000,0.000000,0.000000,0.000000,-0.445034,
1624840839.000000,189598073.000000,0.014679,-0.000786,0.000000,0.000000,0.000000,-0.051616,0.998667,0.062893,0.000000,0.000000,0.000000,0.000000,-0.423527,
1624840839.000000,222598073.000000,0.016792,-0.001020,0.000000,0.000000,0.000000,-0.058793,0.998270,0.064427,0.000000,0.000000,0.000000,0.000000,-0.435648,
1624840839.000000,255598073.000000,0.018851,-0.001279,0.000000,0.000000,0.000000,-0.066211,0.997806,0.062893,0.000000,0.000000,0.000000,0.000000,-0.450458,
1624840839.000000,288598073.000000,0.020906,-0.001568,0.000000,0.000000,0.000000,-0.073197,0.997317,0.062893,0.000000,0.000000,0.000000,0.000000,-0.424445,
1624840839.000000,321598073.000000,0.023032,-0.001897,0.000000,0.000000,0.000000,-0.080266,0.996773,0.065194,0.000000,0.000000,0.000000,0.000000,-0.429653,
1624840839.000000,354598073.000000,0.025079,-0.002244,0.000000,0.000000,0.000000,-0.087601,0.996156,0.062893,0.000000,0.000000,0.000000,0.000000,-0.446153,
1624840839.000000,387598073.000000,0.027120,-0.002621,0.000000,0.000000,0.000000,-0.094545,0.995521,0.062893,0.000000,0.000000,0.000000,0.000000,-0.422556,
1624840839.000000,420598073.000000,0.029205,-0.003036,0.000000,0.000000,0.000000,-0.101593,0.994826,0.064427,0.000000,0.000000,0.000000,0.000000,-0.429249,
1624840839.000000,453598073.000000,0.031259,-0.003476,0.000000,0.000000,0.000000,-0.108918,0.994051,0.063660,0.000000,0.000000,0.000000,0.000000,-0.446448,
1624840839.000000,486598073.000000,0.033282,-0.003939,0.000000,0.000000,0.000000,-0.115823,0.993270,0.062893,0.000000,0.000000,0.000000,0.000000,-0.421124,
1624840839.000000,519598073.000000,0.035323,-0.004437,0.000000,0.000000,0.000000,-0.122807,0.992431,0.063660,0.000000,0.000000,0.000000,0.000000,-0.426317,
1624840839.000000,552598073.000000,0.037381,-0.004970,0.000000,0.000000,0.000000,-0.130060,0.991506,0.064427,0.000000,0.000000,0.000000,0.000000,-0.443146,
1624840839.000000,585598073.000000,0.039407,-0.005526,0.000000,0.000000,0.000000,-0.137000,0.990571,0.063660,0.000000,0.000000,0.000000,0.000000,-0.424421,
1624840839.000000,618598073.000000,0.041425,-0.006111,0.000000,0.000000,0.000000,-0.143935,0.989587,0.063660,0.000000,0.000000,0.000000,0.000000,-0.424502,
1624840839.000000,651598073.000000,0.043483,-0.006739,0.000000,0.000000,0.000000,-0.151198,0.988503,0.065194,0.000000,0.000000,0.000000,0.000000,-0.445062,
1624840839.000000,684598073.000000,0.045483,-0.007381,0.000000,0.000000,0.000000,-0.158183,0.987410,0.063660,0.000000,0.000000,0.000000,0.000000,-0.428447,
1624840839.000000,717598073.000000,0.047450,-0.008043,0.000000,0.000000,0.000000,-0.165076,0.986281,0.062893,0.000000,0.000000,0.000000,0.000000,-0.423331,
1624840839.000000,751598073.000000,0.049455,-0.008750,0.000000,0.000000,0.000000,-0.172251,0.985053,0.062532,0.000000,0.000000,0.000000,0.000000,-0.428238,
1624840839.000000,784598073.000000,0.051426,-0.009477,0.000000,0.000000,0.000000,-0.179236,0.983806,0.063660,0.000000,0.000000,0.000000,0.000000,-0.430032,
1624840839.000000,817598073.000000,0.053410,-0.010240,0.000000,0.000000,0.000000,-0.186113,0.982528,0.064427,0.000000,0.000000,0.000000,0.000000,-0.423879,
1624840839.000000,850598073.000000,0.055384,-0.011032,0.000000,0.000000,0.000000,-0.193263,0.981147,0.064427,0.000000,0.000000,0.000000,0.000000,-0.441336,
1624840839.000000,883598073.000000,0.057298,-0.011833,0.000000,0.000000,0.000000,-0.200221,0.979751,0.062893,0.000000,0.000000,0.000000,0.000000,-0.430128,
1624840839.000000,916598073.000000,0.059202,-0.012660,0.000000,0.000000,0.000000,-0.206985,0.978344,0.062893,0.000000,0.000000,0.000000,0.000000,-0.418738,
1624840839.000000,949598073.000000,0.061139,-0.013536,0.000000,0.000000,0.000000,-0.214085,0.976815,0.064427,0.000000,0.000000,0.000000,0.000000,-0.440167,
1624840839.000000,982598073.000000,0.063018,-0.014417,0.000000,0.000000,0.000000,-0.221060,0.975260,0.062893,0.000000,0.000000,0.000000,0.000000,-0.433086,
1624840840.000000,15598073.000000,0.064953,-0.015358,0.000000,0.000000,0.000000,-0.227866,0.973693,0.065194,0.000000,0.000000,0.000000,0.000000,-0.423280,
1624840840.000000,48598073.000000,0.066806,-0.016293,0.000000,0.000000,0.000000,-0.234994,0.971997,0.062893,0.000000,0.000000,0.000000,0.000000,-0.444052,
1624840840.000000,81598073.000000,0.068690,-0.017278,0.000000,0.000000,0.000000,-0.242071,0.970258,0.064427,0.000000,0.000000,0.000000,0.000000,-0.441685,
1624840840.000000,114598073.000000,0.070538,-0.018278,0.000000,0.000000,0.000000,-0.248919,0.968524,0.063660,0.000000,0.000000,0.000000,0.000000,-0.428092,
1624840840.000000,147598073.000000,0.072393,-0.019316,0.000000,0.000000,0.000000,-0.255980,0.966682,0.064427,0.000000,0.000000,0.000000,0.000000,-0.442262,
1624840840.000000,180598073.000000,0.074211,-0.020369,0.000000,0.000000,0.000000,-0.262948,0.964810,0.063660,0.000000,0.000000,0.000000,0.000000,-0.437311,
1624840840.000000,214598073.000000,0.076014,-0.021448,0.000000,0.000000,0.000000,-0.269720,0.962939,0.061788,0.000000,0.000000,0.000000,0.000000,-0.413300,
1624840840.000000,247598073.000000,0.077865,-0.022592,0.000000,0.000000,0.000000,-0.276842,0.960915,0.065961,0.000000,0.000000,0.000000,0.000000,-0.448707,
1624840840.000000,280598073.000000,0.079657,-0.023737,0.000000,0.000000,0.000000,-0.283872,0.958862,0.064427,0.000000,0.000000,0.000000,0.000000,-0.443874,
1624840840.000000,313598073.000000,0.081453,-0.024921,0.000000,0.000000,0.000000,-0.290679,0.956821,0.065194,0.000000,0.000000,0.000000,0.000000,-0.430696,
1624840840.000000,346598073.000000,0.083253,-0.026145,0.000000,0.000000,0.000000,-0.297834,0.954618,0.065961,0.000000,0.000000,0.000000,0.000000,-0.453703,
1624840840.000000,379598073.000000,0.084972,-0.027352,0.000000,0.000000,0.000000,-0.304837,0.952404,0.063660,0.000000,0.000000,0.000000,0.000000,-0.445120,
1624840840.000000,412598073.000000,0.086715,-0.028614,0.000000,0.000000,0.000000,-0.311649,0.950197,0.065194,0.000000,0.000000,0.000000,0.000000,-0.434004,
1624840840.000000,445598073.000000,0.088459,-0.029916,0.000000,0.000000,0.000000,-0.318752,0.947838,0.065961,0.000000,0.000000,0.000000,0.000000,-0.453592,
1624840840.000000,478598073.000000,0.090144,-0.031213,0.000000,0.000000,0.000000,-0.325756,0.945454,0.064427,0.000000,0.000000,0.000000,0.000000,-0.448394,
1624840840.000000,511598073.000000,0.091809,-0.032535,0.000000,0.000000,0.000000,-0.332551,0.943085,0.064427,0.000000,0.000000,0.000000,0.000000,-0.436127,
1624840840.000000,544598073.000000,0.093494,-0.033913,0.000000,0.000000,0.000000,-0.339595,0.940572,0.065961,0.000000,0.000000,0.000000,0.000000,-0.453286,
1624840840.000000,577598073.000000,0.095158,-0.035316,0.000000,0.000000,0.000000,-0.346549,0.938032,0.065961,0.000000,0.000000,0.000000,0.000000,-0.448660,
1624840840.000000,610598073.000000,0.096726,-0.036676,0.000000,0.000000,0.000000,-0.353176,0.935557,0.062893,0.000000,0.000000,0.000000,0.000000,-0.428723,
1624840840.000000,643598073.000000,0.098349,-0.038127,0.000000,0.000000,0.000000,-0.360150,0.932894,0.065961,0.000000,0.000000,0.000000,0.000000,-0.452435,
1624840840.000000,676598073.000000,0.099894,-0.039550,0.000000,0.000000,0.000000,-0.366968,0.930234,0.063660,0.000000,0.000000,0.000000,0.000000,-0.443584,
1624840840.000000,709598073.000000,0.101401,-0.040978,0.000000,0.000000,0.000000,-0.373446,0.927652,0.062893,0.000000,0.000000,0.000000,0.000000,-0.422628,
1624840840.000000,742598073.000000,0.102923,-0.042462,0.000000,0.000000,0.000000,-0.380197,0.924905,0.064427,0.000000,0.000000,0.000000,0.000000,-0.441733,
1624840840.000000,775598073.000000,0.104423,-0.043968,0.000000,0.000000,0.000000,-0.386947,0.922102,0.064427,0.000000,0.000000,0.000000,0.000000,-0.442971,
1624840840.000000,808598073.000000,0.105885,-0.045477,0.000000,0.000000,0.000000,-0.393324,0.919400,0.063660,0.000000,0.000000,0.000000,0.000000,-0.419763,
1624840840.000000,842598073.000000,0.107342,-0.047026,0.000000,0.000000,0.000000,-0.400004,0.916513,0.062532,0.000000,0.000000,0.000000,0.000000,-0.428046,
1624840840.000000,875598073.000000,0.108742,-0.048558,0.000000,0.000000,0.000000,-0.406741,0.913544,0.062893,0.000000,0.000000,0.000000,0.000000,-0.446176,
1624840840.000000,908598073.000000,0.110137,-0.050129,0.000000,0.000000,0.000000,-0.413026,0.910719,0.063660,0.000000,0.000000,0.000000,0.000000,-0.417623,
1624840840.000000,941598073.000000,0.111559,-0.051777,0.000000,0.000000,0.000000,-0.419565,0.907725,0.065961,0.000000,0.000000,0.000000,0.000000,-0.435851,
1624840840.000000,974598073.000000,0.112908,-0.053387,0.000000,0.000000,0.000000,-0.426238,0.904611,0.063660,0.000000,0.000000,0.000000,0.000000,-0.446296,
1624840841.000000,7598073.000000,0.114187,-0.054957,0.000000,0.000000,0.000000,-0.432521,0.901624,0.061359,0.000000,0.000000,0.000000,0.000000,-0.421656,
1624840841.000000,40598073.000000,0.115568,-0.056704,0.000000,0.000000,0.000000,-0.439009,0.898482,0.067495,0.000000,0.000000,0.000000,0.000000,-0.436907,
1624840841.000000,73598073.000000,0.116862,-0.058391,0.000000,0.000000,0.000000,-0.445862,0.895102,0.064427,0.000000,0.000000,0.000000,0.000000,-0.463119,
1624840841.000000,106598073.000000,0.118130,-0.060097,0.000000,0.000000,0.000000,-0.452153,0.891940,0.064427,0.000000,0.000000,0.000000,0.000000,-0.426719,
1624840841.000000,139598073.000000,0.119360,-0.061801,0.000000,0.000000,0.000000,-0.458491,0.888699,0.063660,0.000000,0.000000,0.000000,0.000000,-0.431404,
1624840841.000000,172598073.000000,0.120580,-0.063542,0.000000,0.000000,0.000000,-0.465002,0.885310,0.064427,0.000000,0.000000,0.000000,0.000000,-0.444862,
1624840841.000000,198490982.000000,0.121746,-0.065259,0.000000,0.000000,0.000000,-0.471149,0.882054,0.062893,0.000000,0.000000,0.000000,0.000000,-0.421611,
1624840841.000000,231490982.000000,0.122915,-0.067035,0.000000,0.000000,0.000000,-0.477371,0.878702,0.064427,0.000000,0.000000,0.000000,0.000000,-0.428330,
1624840841.000000,264490982.000000,0.124046,-0.068805,0.000000,0.000000,0.000000,-0.483790,0.875184,0.063660,0.000000,0.000000,0.000000,0.000000,-0.443614,
1624840841.000000,297490982.000000,0.125164,-0.070614,0.000000,0.000000,0.000000,-0.489881,0.871789,0.064427,0.000000,0.000000,0.000000,0.000000,-0.422615,
1624840841.000000,330490982.000000,0.126244,-0.072416,0.000000,0.000000,0.000000,-0.495995,0.868326,0.063660,0.000000,0.000000,0.000000,0.000000,-0.425854,
1624840841.000000,363490982.000000,0.127323,-0.074277,0.000000,0.000000,0.000000,-0.502313,0.864686,0.065194,0.000000,0.000000,0.000000,0.000000,-0.441891,
1624840841.000000,396490982.000000,0.128351,-0.076109,0.000000,0.000000,0.000000,-0.508347,0.861152,0.063660,0.000000,0.000000,0.000000,0.000000,-0.423818,
1624840841.000000,430490982.000000,0.129353,-0.077955,0.000000,0.000000,0.000000,-0.514423,0.857537,0.061788,0.000000,0.000000,0.000000,0.000000,-0.415891,
1624840841.000000,463490982.000000,0.130340,-0.079838,0.000000,0.000000,0.000000,-0.520700,0.853740,0.064427,0.000000,0.000000,0.000000,0.000000,-0.444607,
1624840841.000000,496490982.000000,0.131266,-0.081668,0.000000,0.000000,0.000000,-0.526657,0.850078,0.062126,0.000000,0.000000,0.000000,0.000000,-0.423784,
1624840841.000000,529490982.000000,0.132188,-0.083555,0.000000,0.000000,0.000000,-0.532597,0.846369,0.063660,0.000000,0.000000,0.000000,0.000000,-0.424414,
1624840841.000000,562490982.000000,0.133094,-0.085479,0.000000,0.000000,0.000000,-0.538762,0.842458,0.064427,0.000000,0.000000,0.000000,0.000000,-0.442507,
1624840841.000000,595490982.000000,0.133962,-0.087392,0.000000,0.000000,0.000000,-0.544662,0.838656,0.063660,0.000000,0.000000,0.000000,0.000000,-0.425366,
1624840841.000000,628490982.000000,0.134803,-0.089317,0.000000,0.000000,0.000000,-0.550550,0.834802,0.063660,0.000000,0.000000,0.000000,0.000000,-0.426531,
1624840841.000000,661490982.000000,0.135616,-0.091254,0.000000,0.000000,0.000000,-0.556678,0.830729,0.063660,0.000000,0.000000,0.000000,0.000000,-0.445920,
1624840841.000000,694490982.000000,0.136400,-0.093203,0.000000,0.000000,0.000000,-0.562591,0.826735,0.063660,0.000000,0.000000,0.000000,0.000000,-0.432466,
1624840841.000000,727490982.000000,0.137167,-0.095186,0.000000,0.000000,0.000000,-0.568372,0.822772,0.064427,0.000000,0.000000,0.000000,0.000000,-0.424815,
1624840841.000000,760490982.000000,0.137905,-0.097180,0.000000,0.000000,0.000000,-0.574423,0.818558,0.064427,0.000000,0.000000,0.000000,0.000000,-0.446869,
1624840841.000000,793490982.000000,0.138605,-0.099161,0.000000,0.000000,0.000000,-0.580336,0.814377,0.063660,0.000000,0.000000,0.000000,0.000000,-0.438885,
1624840841.000000,826490982.000000,0.139276,-0.101151,0.000000,0.000000,0.000000,-0.586117,0.810227,0.063660,0.000000,0.000000,0.000000,0.000000,-0.431328,
1624840841.000000,860490982.000000,0.139950,-0.103248,0.000000,0.000000,0.000000,-0.592133,0.805840,0.064766,0.000000,0.000000,0.000000,0.000000,-0.437970,
1624840841.000000,893490982.000000,0.140578,-0.105306,0.000000,0.000000,0.000000,-0.598000,0.801496,0.065194,0.000000,0.000000,0.000000,0.000000,-0.442422,
1624840841.000000,926490982.000000,0.141168,-0.107348,0.000000,0.000000,0.000000,-0.603732,0.797187,0.064427,0.000000,0.000000,0.000000,0.000000,-0.434596,
1624840841.000000,959490982.000000,0.141736,-0.109423,0.000000,0.000000,0.000000,-0.609685,0.792644,0.065194,0.000000,0.000000,0.000000,0.000000,-0.453882,
1624840841.000000,992490982.000000,0.142260,-0.111457,0.000000,0.000000,0.000000,-0.615473,0.788158,0.063660,0.000000,0.000000,0.000000,0.000000,-0.443807,
1624840842.000000,25490982.000000,0.142778,-0.113598,0.000000,0.000000,0.000000,-0.621143,0.783698,0.066728,0.000000,0.000000,0.000000,0.000000,-0.437202,
1624840842.000000,58490982.000000,0.143259,-0.115721,0.000000,0.000000,0.000000,-0.627026,0.778998,0.065961,0.000000,0.000000,0.000000,0.000000,-0.456358,
1624840842.000000,91490982.000000,0.143698,-0.117801,0.000000,0.000000,0.000000,-0.632799,0.774316,0.064427,0.000000,0.000000,0.000000,0.000000,-0.450477,
1624840842.000000,124490982.000000,0.144111,-0.119912,0.000000,0.000000,0.000000,-0.638408,0.769698,0.065194,0.000000,0.000000,0.000000,0.000000,-0.440370,
1624840842.000000,157490982.000000,0.144498,-0.122054,0.000000,0.000000,0.000000,-0.644190,0.764865,0.065961,0.000000,0.000000,0.000000,0.000000,-0.456702,
1624840842.000000,190490982.000000,0.144844,-0.124152,0.000000,0.000000,0.000000,-0.649854,0.760059,0.064427,0.000000,0.000000,0.000000,0.000000,-0.450181,
1624840842.000000,223490982.000000,0.145155,-0.126230,0.000000,0.000000,0.000000,-0.655241,0.755420,0.063660,0.000000,0.000000,0.000000,0.000000,-0.430848,
1624840842.000000,257490982.000000,0.145447,-0.128387,0.000000,0.000000,0.000000,-0.660857,0.750512,0.064021,0.000000,0.000000,0.000000,0.000000,-0.438718,
1624840842.000000,290490982.000000,0.145700,-0.130498,0.000000,0.000000,0.000000,-0.666322,0.745664,0.064427,0.000000,0.000000,0.000000,0.000000,-0.442779,
1624840842.000000,323490982.000000,0.145919,-0.132562,0.000000,0.000000,0.000000,-0.671492,0.741012,0.062893,0.000000,0.000000,0.000000,0.000000,-0.421506,
1624840842.000000,356490982.000000,0.146112,-0.134679,0.000000,0.000000,0.000000,-0.676916,0.736061,0.064427,0.000000,0.000000,0.000000,0.000000,-0.445077,
1624840842.000000,389490982.000000,0.146274,-0.136799,0.000000,0.000000,0.000000,-0.682302,0.731071,0.064427,0.000000,0.000000,0.000000,0.000000,-0.444990,
1624840842.000000,422490982.000000,0.146401,-0.138845,0.000000,0.000000,0.000000,-0.687320,0.726354,0.062126,0.000000,0.000000,0.000000,0.000000,-0.417395,
1624840842.000000,455490982.000000,0.146505,-0.141019,0.000000,0.000000,0.000000,-0.692629,0.721294,0.065961,0.000000,0.000000,0.000000,0.000000,-0.444466,
1624840842.000000,488490982.000000,0.146574,-0.143094,0.000000,0.000000,0.000000,-0.697932,0.716164,0.062893,0.000000,0.000000,0.000000,0.000000,-0.447158,
1624840842.000000,521490982.000000,0.146613,-0.145169,0.000000,0.000000,0.000000,-0.702842,0.711346,0.062893,0.000000,0.000000,0.000000,0.000000,-0.416940,
1624840842.000000,554490982.000000,0.146624,-0.147320,0.000000,0.000000,0.000000,-0.707961,0.706252,0.065194,0.000000,0.000000,0.000000,0.000000,-0.437675,
1624840842.000000,587490982.000000,0.146603,-0.149421,0.000000,0.000000,0.000000,-0.713103,0.701060,0.063660,0.000000,0.000000,0.000000,0.000000,-0.442899,
1624840842.000000,621490982.000000,0.146554,-0.151470,0.000000,0.000000,0.000000,-0.717933,0.696112,0.060299,0.000000,0.000000,0.000000,0.000000,-0.406700,
1624840842.000000,654490982.000000,0.146471,-0.153646,0.000000,0.000000,0.000000,-0.722919,0.690933,0.065961,0.000000,0.000000,0.000000,0.000000,-0.435728,
1624840842.000000,687490982.000000,0.146362,-0.155718,0.000000,0.000000,0.000000,-0.727985,0.685593,0.062893,0.000000,0.000000,0.000000,0.000000,-0.446070,
1624840842.000000,720490982.000000,0.146224,-0.157789,0.000000,0.000000,0.000000,-0.732689,0.680564,0.062893,0.000000,0.000000,0.000000,0.000000,-0.417395,
1624840842.000000,753490982.000000,0.146052,-0.159908,0.000000,0.000000,0.000000,-0.737544,0.675299,0.064427,0.000000,0.000000,0.000000,0.000000,-0.434059,
1624840842.000000,786490982.000000,0.145849,-0.162025,0.000000,0.000000,0.000000,-0.742491,0.669857,0.064427,0.000000,0.000000,0.000000,0.000000,-0.445702,
1624840842.000000,819490982.000000,0.145619,-0.164113,0.000000,0.000000,0.000000,-0.747157,0.664648,0.063660,0.000000,0.000000,0.000000,0.000000,-0.423854,
1624840842.000000,852490982.000000,0.145357,-0.166223,0.000000,0.000000,0.000000,-0.751857,0.659327,0.064427,0.000000,0.000000,0.000000,0.000000,-0.430255,
1624840842.000000,885490982.000000,0.145063,-0.168328,0.000000,0.000000,0.000000,-0.756667,0.653800,0.064427,0.000000,0.000000,0.000000,0.000000,-0.444037,
1624840842.000000,919490982.000000,0.144744,-0.170405,0.000000,0.000000,0.000000,-0.761197,0.648521,0.061788,0.000000,0.000000,0.000000,0.000000,-0.409217,
1624840842.000000,952490982.000000,0.144392,-0.172501,0.000000,0.000000,0.000000,-0.765802,0.643077,0.064427,0.000000,0.000000,0.000000,0.000000,-0.432141,
1624840842.000000,985490982.000000,0.144009,-0.174593,0.000000,0.000000,0.000000,-0.770515,0.637422,0.064427,0.000000,0.000000,0.000000,0.000000,-0.446106,
1624840843.000000,18490982.000000,0.143596,-0.176678,0.000000,0.000000,0.000000,-0.774964,0.632006,0.064427,0.000000,0.000000,0.000000,0.000000,-0.424847,
1624840843.000000,51490982.000000,0.143164,-0.178708,0.000000,0.000000,0.000000,-0.779409,0.626516,0.062893,0.000000,0.000000,0.000000,0.000000,-0.428091,
1624840843.000000,84490982.000000,0.142697,-0.180757,0.000000,0.000000,0.000000,-0.783911,0.620873,0.063660,0.000000,0.000000,0.000000,0.000000,-0.437520,
1624840843.000000,117490982.000000,0.142196,-0.182823,0.000000,0.000000,0.000000,-0.788287,0.615308,0.064427,0.000000,0.000000,0.000000,0.000000,-0.429038,
1624840843.000000,150490982.000000,0.141671,-0.184857,0.000000,0.000000,0.000000,-0.792563,0.609791,0.063660,0.000000,0.000000,0.000000,0.000000,-0.423056,
1624840843.000000,183490982.000000,0.141125,-0.186859,0.000000,0.000000,0.000000,-0.796969,0.604021,0.062893,0.000000,0.000000,0.000000,0.000000,-0.439980,
1624840843.000000,216490982.000000,0.140543,-0.188878,0.000000,0.000000,0.000000,-0.801204,0.598392,0.063660,0.000000,0.000000,0.000000,0.000000,-0.426914,
1624840843.000000,249490982.000000,0.139940,-0.190864,0.000000,0.000000,0.000000,-0.805381,0.592757,0.062893,0.000000,0.000000,0.000000,0.000000,-0.425111,
1624840843.000000,283490982.000000,0.139293,-0.192889,0.000000,0.000000,0.000000,-0.809714,0.586824,0.062532,0.000000,0.000000,0.000000,0.000000,-0.432162,
1624840843.000000,316490982.000000,0.138617,-0.194905,0.000000,0.000000,0.000000,-0.813913,0.580986,0.064427,0.000000,0.000000,0.000000,0.000000,-0.435840,
1624840843.000000,349490982.000000,0.137903,-0.196934,0.000000,0.000000,0.000000,-0.818005,0.575212,0.065194,0.000000,0.000000,0.000000,0.000000,-0.428929,
1624840843.000000,382490982.000000,0.137178,-0.198906,0.000000,0.000000,0.000000,-0.822242,0.569137,0.063660,0.000000,0.000000,0.000000,0.000000,-0.448866,
1624840843.000000,415490982.000000,0.136415,-0.200890,0.000000,0.000000,0.000000,-0.826342,0.563169,0.064427,0.000000,0.000000,0.000000,0.000000,-0.438827,
1624840843.000000,448490982.000000,0.135633,-0.202840,0.000000,0.000000,0.000000,-0.830296,0.557322,0.063660,0.000000,0.000000,0.000000,0.000000,-0.427781,
1624840843.000000,481490982.000000,0.134803,-0.204825,0.000000,0.000000,0.000000,-0.834426,0.551119,0.065194,0.000000,0.000000,0.000000,0.000000,-0.451651,
1624840843.000000,514490982.000000,0.133944,-0.206798,0.000000,0.000000,0.000000,-0.838437,0.544998,0.065194,0.000000,0.000000,0.000000,0.000000,-0.443506,
1624840843.000000,547490982.000000,0.133067,-0.208735,0.000000,0.000000,0.000000,-0.842285,0.539033,0.064427,0.000000,0.000000,0.000000,0.000000,-0.430255,
1624840843.000000,580490982.000000,0.132141,-0.210704,0.000000,0.000000,0.000000,-0.846300,0.532706,0.065961,0.000000,0.000000,0.000000,0.000000,-0.454155,
1624840843.000000,613490982.000000,0.131196,-0.212637,0.000000,0.000000,0.000000,-0.850201,0.526459,0.065194,0.000000,0.000000,0.000000,0.000000,-0.446345,
1624840843.000000,646490982.000000,0.130235,-0.214534,0.000000,0.000000,0.000000,-0.853929,0.520389,0.064427,0.000000,0.000000,0.000000,0.000000,-0.431718,
1624840843.000000,680490982.000000,0.129222,-0.216461,0.000000,0.000000,0.000000,-0.857852,0.513896,0.064021,0.000000,0.000000,0.000000,0.000000,-0.446235,
1624840843.000000,715083950.000000,0.128193,-0.218350,0.000000,0.000000,0.000000,-0.861655,0.507495,0.065194,0.000000,0.000000,0.000000,0.000000,-0.451254,
1624840843.000000,748083950.000000,0.127136,-0.220224,0.000000,0.000000,0.000000,-0.865295,0.501262,0.065194,0.000000,0.000000,0.000000,0.000000,-0.437433,
1624840843.000000,781083950.000000,0.126040,-0.222104,0.000000,0.000000,0.000000,-0.869033,0.494754,0.065961,0.000000,0.000000,0.000000,0.000000,-0.454888,
1624840843.000000,814083950.000000,0.124954,-0.223903,0.000000,0.000000,0.000000,-0.872632,0.488378,0.063660,0.000000,0.000000,0.000000,0.000000,-0.443701,
1624840843.000000,847083950.000000,0.123843,-0.225685,0.000000,0.000000,0.000000,-0.876100,0.482130,0.063660,0.000000,0.000000,0.000000,0.000000,-0.433098,
1624840843.000000,880083950.000000,0.122678,-0.227494,0.000000,0.000000,0.000000,-0.879670,0.475585,0.065194,0.000000,0.000000,0.000000,0.000000,-0.451861,
1624840843.000000,913083950.000000,0.121515,-0.229243,0.000000,0.000000,0.000000,-0.883095,0.469193,0.063660,0.000000,0.000000,0.000000,0.000000,-0.439474,
1624840843.000000,946083950.000000,0.120327,-0.230976,0.000000,0.000000,0.000000,-0.886322,0.463070,0.063660,0.000000,0.000000,0.000000,0.000000,-0.419476,
1624840843.000000,979083950.000000,0.119085,-0.232733,0.000000,0.000000,0.000000,-0.889693,0.456559,0.065194,0.000000,0.000000,0.000000,0.000000,-0.444398,
1624840844.000000,12083950.000000,0.117848,-0.234431,0.000000,0.000000,0.000000,-0.892986,0.450084,0.063660,0.000000,0.000000,0.000000,0.000000,-0.440229,
1624840844.000000,45083950.000000,0.116602,-0.236091,0.000000,0.000000,0.000000,-0.896086,0.443881,0.062893,0.000000,0.000000,0.000000,0.000000,-0.420292,
1624840844.000000,79083950.000000,0.115286,-0.237792,0.000000,0.000000,0.000000,-0.899315,0.437301,0.063277,0.000000,0.000000,0.000000,0.000000,-0.431134,
1624840844.000000,112083950.000000,0.113992,-0.239415,0.000000,0.000000,0.000000,-0.902494,0.430702,0.062893,0.000000,0.000000,0.000000,0.000000,-0.443972,
1624840844.000000,145083950.000000,0.112643,-0.241059,0.000000,0.000000,0.000000,-0.905475,0.424400,0.064427,0.000000,0.000000,0.000000,0.000000,-0.422499,
1624840844.000000,178083950.000000,0.111255,-0.242702,0.000000,0.000000,0.000000,-0.908516,0.417850,0.065194,0.000000,0.000000,0.000000,0.000000,-0.437617,
1624840844.000000,211083950.000000,0.109893,-0.244268,0.000000,0.000000,0.000000,-0.911529,0.411237,0.062893,0.000000,0.000000,0.000000,0.000000,-0.440464,
1624840844.000000,244083950.000000,0.108525,-0.245796,0.000000,0.000000,0.000000,-0.914333,0.404963,0.062126,0.000000,0.000000,0.000000,0.000000,-0.416496,
1624840844.000000,277083950.000000,0.107051,-0.247397,0.000000,0.000000,0.000000,-0.917238,0.398339,0.065961,0.000000,0.000000,0.000000,0.000000,-0.438383,
1624840844.000000,310083950.000000,0.105623,-0.248904,0.000000,0.000000,0.000000,-0.920138,0.391594,0.062893,0.000000,0.000000,0.000000,0.000000,-0.444900,
1624840844.000000,343083950.000000,0.104156,-0.250407,0.000000,0.000000,0.000000,-0.922803,0.385272,0.063660,0.000000,0.000000,0.000000,0.000000,-0.415824,
1624840844.000000,376083950.000000,0.102650,-0.251908,0.000000,0.000000,0.000000,-0.925557,0.378609,0.064427,0.000000,0.000000,0.000000,0.000000,-0.436963,
1624840844.000000,409083950.000000,0.101141,-0.253370,0.000000,0.000000,0.000000,-0.928296,0.371843,0.063660,0.000000,0.000000,0.000000,0.000000,-0.442404,
1624840844.000000,443083950.000000,0.099630,-0.254792,0.000000,0.000000,0.000000,-0.930847,0.365408,0.061043,0.000000,0.000000,0.000000,0.000000,-0.407163,
1624840844.000000,476083950.000000,0.098061,-0.256227,0.000000,0.000000,0.000000,-0.933439,0.358736,0.064427,0.000000,0.000000,0.000000,0.000000,-0.433850,
1624840844.000000,509083950.000000,0.096434,-0.257673,0.000000,0.000000,0.000000,-0.936060,0.351840,0.065961,0.000000,0.000000,0.000000,0.000000,-0.447085,
1624840844.000000,542083950.000000,0.094844,-0.259046,0.000000,0.000000,0.000000,-0.938480,0.345335,0.063660,0.000000,0.000000,0.000000,0.000000,-0.420643,
1624840844.000000,575083950.000000,0.093215,-0.260412,0.000000,0.000000,0.000000,-0.940925,0.338615,0.064427,0.000000,0.000000,0.000000,0.000000,-0.433358,
1624840844.000000,608083950.000000,0.091567,-0.261755,0.000000,0.000000,0.000000,-0.943386,0.331697,0.064427,0.000000,0.000000,0.000000,0.000000,-0.445048,
1624840844.000000,641083950.000000,0.089939,-0.263043,0.000000,0.000000,0.000000,-0.945654,0.325175,0.062893,0.000000,0.000000,0.000000,0.000000,-0.418504,
1624840844.000000,674083950.000000,0.088233,-0.264354,0.000000,0.000000,0.000000,-0.947954,0.318408,0.065194,0.000000,0.000000,0.000000,0.000000,-0.433127,
1624840844.000000,708083950.000000,0.086569,-0.265595,0.000000,0.000000,0.000000,-0.950252,0.311481,0.061043,0.000000,0.000000,0.000000,0.000000,-0.429322,
1624840844.000000,741083950.000000,0.084867,-0.266826,0.000000,0.000000,0.000000,-0.952391,0.304881,0.063660,0.000000,0.000000,0.000000,0.000000,-0.420491,
1624840844.000000,774083950.000000,0.083128,-0.268049,0.000000,0.000000,0.000000,-0.954510,0.298180,0.064427,0.000000,0.000000,0.000000,0.000000,-0.425924,
1624840844.000000,807083950.000000,0.081392,-0.269232,0.000000,0.000000,0.000000,-0.956649,0.291243,0.063660,0.000000,0.000000,0.000000,0.000000,-0.440005,
1624840844.000000,840083950.000000,0.079682,-0.270363,0.000000,0.000000,0.000000,-0.958650,0.284586,0.062126,0.000000,0.000000,0.000000,0.000000,-0.421250,
1624840844.000000,873083950.000000,0.077892,-0.271510,0.000000,0.000000,0.000000,-0.960653,0.277751,0.064427,0.000000,0.000000,0.000000,0.000000,-0.431653,
1624840844.000000,906083950.000000,0.076086,-0.272631,0.000000,0.000000,0.000000,-0.962666,0.270691,0.064427,0.000000,0.000000,0.000000,0.000000,-0.444983,
1624840844.000000,940083950.000000,0.074263,-0.273726,0.000000,0.000000,0.000000,-0.964583,0.263779,0.062532,0.000000,0.000000,0.000000,0.000000,-0.421931,
1624840844.000000,973083950.000000,0.072425,-0.274795,0.000000,0.000000,0.000000,-0.966440,0.256894,0.064427,0.000000,0.000000,0.000000,0.000000,-0.432152,
1624840845.000000,6083950.000000,0.070550,-0.275850,0.000000,0.000000,0.000000,-0.968308,0.249760,0.065194,0.000000,0.000000,0.000000,0.000000,-0.446948,
1624840845.000000,39083950.000000,0.068704,-0.276853,0.000000,0.000000,0.000000,-0.970068,0.242835,0.063660,0.000000,0.000000,0.000000,0.000000,-0.433040,
1624840845.000000,72083950.000000,0.066822,-0.277841,0.000000,0.000000,0.000000,-0.971794,0.235833,0.064427,0.000000,0.000000,0.000000,0.000000,-0.437043,
1624840845.000000,105083950.000000,0.064902,-0.278813,0.000000,0.000000,0.000000,-0.973525,0.228579,0.065194,0.000000,0.000000,0.000000,0.000000,-0.452006,
1624840845.000000,138083950.000000,0.062991,-0.279745,0.000000,0.000000,0.000000,-0.975149,0.221552,0.064427,0.000000,0.000000,0.000000,0.000000,-0.437115,
1624840845.000000,171083950.000000,0.061045,-0.280661,0.000000,0.000000,0.000000,-0.976725,0.214497,0.065194,0.000000,0.000000,0.000000,0.000000,-0.438098,
1624840845.000000,204083950.000000,0.059084,-0.281548,0.000000,0.000000,0.000000,-0.978303,0.207178,0.065194,0.000000,0.000000,0.000000,0.000000,-0.453776,
1624840845.000000,238083950.000000,0.057111,-0.282404,0.000000,0.000000,0.000000,-0.979915,0.199415,0.063277,0.000000,0.000000,0.000000,0.000000,-0.466368,
1624840845.000000,271083950.000000,0.055102,-0.283241,0.000000,0.000000,0.000000,-0.981248,0.192750,0.065961,0.000000,0.000000,0.000000,0.000000,-0.411966,
1624840845.000000,304083950.000000,0.053080,-0.284049,0.000000,0.000000,0.000000,-0.982674,0.185341,0.065961,0.000000,0.000000,0.000000,0.000000,-0.457258,
1624840845.000000,337083950.000000,0.051095,-0.284809,0.000000,0.000000,0.000000,-0.983999,0.178173,0.064427,0.000000,0.000000,0.000000,0.000000,-0.441775,
1624840845.000000,370083950.000000,0.049075,-0.285549,0.000000,0.000000,0.000000,-0.985272,0.170993,0.065194,0.000000,0.000000,0.000000,0.000000,-0.441992,
1624840845.000000,404083950.000000,0.046996,-0.286275,0.000000,0.000000,0.000000,-0.986536,0.163544,0.064766,0.000000,0.000000,0.000000,0.000000,-0.444405,
1624840845.000000,437083950.000000,0.044978,-0.286947,0.000000,0.000000,0.000000,-0.987697,0.156378,0.064427,0.000000,0.000000,0.000000,0.000000,-0.439962,
1624840845.000000,470083950.000000,0.042976,-0.287581,0.000000,0.000000,0.000000,-0.988787,0.149333,0.063660,0.000000,0.000000,0.000000,0.000000,-0.432036,
1624840845.000000,503083950.000000,0.040891,-0.288208,0.000000,0.000000,0.000000,-0.989880,0.141907,0.065961,0.000000,0.000000,0.000000,0.000000,-0.454932,
1624840845.000000,536083950.000000,0.038871,-0.288784,0.000000,0.000000,0.000000,-0.990872,0.134805,0.063660,0.000000,0.000000,0.000000,0.000000,-0.434594,
1624840845.000000,569083950.000000,0.036843,-0.289331,0.000000,0.000000,0.000000,-0.991800,0.127801,0.063660,0.000000,0.000000,0.000000,0.000000,-0.428193,
1624840845.000000,602083950.000000,0.034807,-0.289849,0.000000,0.000000,0.000000,-0.992711,0.120517,0.063660,0.000000,0.000000,0.000000,0.000000,-0.444918,
1624840845.000000,635083950.000000,0.032763,-0.290337,0.000000,0.000000,0.000000,-0.993551,0.113388,0.063660,0.000000,0.000000,0.000000,0.000000,-0.435027,
1624840845.000000,668083950.000000,0.030738,-0.290790,0.000000,0.000000,0.000000,-0.994314,0.106487,0.062893,0.000000,0.000000,0.000000,0.000000,-0.420823,
1624840845.000000,701083950.000000,0.028632,-0.291230,0.000000,0.000000,0.000000,-0.995069,0.099189,0.065194,0.000000,0.000000,0.000000,0.000000,-0.444643,
1624840845.000000,735083950.000000,0.026545,-0.291635,0.000000,0.000000,0.000000,-0.995764,0.091942,0.062532,0.000000,0.000000,0.000000,0.000000,-0.428235,
1624840845.000000,768083950.000000,0.024477,-0.292005,0.000000,0.000000,0.000000,-0.996378,0.085032,0.063660,0.000000,0.000000,0.000000,0.000000,-0.420462,
1624840845.000000,801083950.000000,0.022379,-0.292350,0.000000,0.000000,0.000000,-0.996971,0.077776,0.064427,0.000000,0.000000,0.000000,0.000000,-0.441233,
1624840845.000000,834083950.000000,0.020326,-0.292657,0.000000,0.000000,0.000000,-0.997509,0.070542,0.062893,0.000000,0.000000,0.000000,0.000000,-0.439622,
1624840845.000000,867083950.000000,0.018219,-0.292942,0.000000,0.000000,0.000000,-0.997975,0.063615,0.064427,0.000000,0.000000,0.000000,0.000000,-0.420794,
1624840845.000000,900083950.000000,0.016109,-0.293197,0.000000,0.000000,0.000000,-0.998409,0.056386,0.064427,0.000000,0.000000,0.000000,0.000000,-0.438878,
1624840845.000000,933083950.000000,0.014020,-0.293418,0.000000,0.000000,0.000000,-0.998791,0.049150,0.063660,0.000000,0.000000,0.000000,0.000000,-0.439153,
1624840845.000000,966083950.000000,0.011978,-0.293605,0.000000,0.000000,0.000000,-0.999102,0.042362,0.062126,0.000000,0.000000,0.000000,0.000000,-0.411850,
1624840845.000000,999083950.000000,0.009858,-0.293770,0.000000,0.000000,0.000000,-0.999383,0.035121,0.064427,0.000000,0.000000,0.000000,0.000000,-0.439153,
1624840846.000000,33083950.000000,0.007736,-0.293904,0.000000,0.000000,0.000000,-0.999612,0.027851,0.062532,0.000000,0.000000,0.000000,0.000000,-0.427884,
1624840846.000000,66083950.000000,0.005663,-0.294005,0.000000,0.000000,0.000000,-0.999778,0.021055,0.062893,0.000000,0.000000,0.000000,0.000000,-0.412016,
1624840846.000000,99083950.000000,0.003539,-0.294079,0.000000,0.000000,0.000000,-0.999905,0.013806,0.064427,0.000000,0.000000,0.000000,0.000000,-0.439391,
1624840846.000000,132083950.000000,0.001388,-0.294123,0.000000,0.000000,0.000000,-0.999979,0.006508,0.065194,0.000000,0.000000,0.000000,0.000000,-0.442331,
1624840846.000000,165083950.000000,-0.000713,-0.294136,0.000000,0.000000,0.000000,-1.000000,-0.000372,0.063660,0.000000,0.000000,0.000000,0.000000,-0.416972,
1624840846.000000,198083950.000000,-0.002839,-0.294119,0.000000,0.000000,0.000000,-0.999972,-0.007548,0.064427,0.000000,0.000000,0.000000,0.000000,-0.434897,
1624840846.000000,230083950.000000,-0.004914,-0.294073,0.000000,0.000000,0.000000,-0.999892,-0.014727,0.064859,0.000000,0.000000,0.000000,0.000000,-0.448704,
1624840846.000000,295010053.000000,-0.007013,-0.293997,0.000000,0.000000,0.000000,-0.999767,-0.021592,0.063660,0.000000,0.000000,0.000000,0.000000,-0.416134,
1624840846.000000,328010053.000000,-0.009137,-0.293890,0.000000,0.000000,0.000000,-0.999586,-0.028770,0.064427,0.000000,0.000000,0.000000,0.000000,-0.435179,
1624840846.000000,362010053.000000,-0.011208,-0.293755,0.000000,0.000000,0.000000,-0.999349,-0.036088,0.061043,0.000000,0.000000,0.000000,0.000000,-0.430717,
