1629335890.000000,201259899.000000,-0.011455,-0.297024,0.000000,0.000000,0.000000,0.007155,0.999974,0.000000,0.000000,0.000000,0.000000,0.000000,-0.000042,
1629335890.000000,234259899.000000,-0.011455,-0.297024,0.000000,0.000000,0.000000,0.007158,0.999974,0.000000,0.000000,0.000000,0.000000,0.000000,0.000159,
1629335890.000000,267259899.000000,-0.011455,-0.297024,0.000000,0.000000,0.000000,0.007157,0.999974,0.000000,0.000000,0.000000,0.000000,0.000000,-0.000029,
1629335900.000000,682548076.000000,-0.011455,-0.297024,0.000000,0.000000,0.000000,0.007155,0.999974,0.000000,0.000000,0.000000,0.000000,0.000000,0.000087,
1629335900.000000,715548076.000000,-0.011455,-0.297024,0.000000,0.000000,0.000000,0.007155,0.999974,0.000000,0.000000,0.000000,0.000000,0.000000,0.000043,
1629335900.000000,748548076.000000,-0.011455,-0.297024,0.000000,0.000000,0.000000,0.007156,0.999974,0.000000,0.000000,0.000000,0.000000,0.000000,0.000072,
1629335900.000000,781548076.000000,-0.011455,-0.297024,0.000000,0.000000,0.000000,0.007155,0.999974,0.000000,0.000000,0.000000,0.000000,0.000000,-0.000072,
1629335900.000000,815548076.000000,-0.011455,-0.297024,0.000000,0.000000,0.000000,0.007152,0.999974,0.000000,0.000000,0.000000,0.000000,0.000000,-0.000161,
1629335900.000000,848548076.000000,-0.011455,-0.297024,0.000000,0.000000,0.000000,0.007154,0.999974,0.000000,0.000000,0.000000,0.000000,0.000000,0.000065,
1629335900.000000,881548076.000000,-0.011455,-0.297024,0.000000,0.000000,0.000000,0.007150,0.999974,0.000000,0.000000,0.000000,0.000000,0.000000,-0.000202,
1629335900.000000,914548076.000000,-0.011455,-0.297024,0.000000,0.000000,0.000000,0.007152,0.999974,0.000000,0.000000,0.000000,0.000000,0.000000,0.000137,
1629335900.000000,947548076.000000,-0.011455,-0.297024,0.000000,0.000000,0.000000,0.007158,0.999974,0.000000,0.000000,0.000000,0.000000,0.000000,0.000311,
1629335900.000000,980548076.000000,-0.011455,-0.297024,0.000000,0.000000,0.000000,0.007159,0.999974,0.000000,0.000000,0.000000,0.000000,0.000000,0.000072,
1629335901.000000,13548076.000000,-0.011455,-0.297024,0.000000,0.000000,0.000000,0.007157,0.999974,0.000000,0.000000,0.000000,0.000000,0.000000,-0.000094,
1629335901.000000,46548076.000000,-0.011455,-0.297024,0.000000,0.000000,0.000000,0.007158,0.999974,0.000000,0.000000,0.000000,0.000000,0.000000,0.000043,
1629335901.000000,79548076.000000,-0.010696,-0.297014,0.000000,0.000000,0.000000,0.006236,0.999981,0.023010,0.000000,0.000000,0.000000,0.000000,-0.055898,
1629335901.000000,112548076.000000,-0.008924,-0.297001,0.000000,0.000000,0.000000,0.000817,1.000000,0.053689,0.000000,0.000000,0.000000,0.000000,-0.328404,
1629335901.000000,145548076.000000,-0.006824,-0.297012,0.000000,0.000000,0.000000,-0.006037,0.999982,0.063660,0.000000,0.000000,0.000000,0.000000,-0.415383,
1629335901.000000,178548076.000000,-0.004748,-0.297052,0.000000,0.000000,0.000000,-0.013275,0.999912,0.062893,0.000000,0.000000,0.000000,0.000000,-0.438705,
1629335901.000000,211548076.000000,-0.002649,-0.297123,0.000000,0.000000,0.000000,-0.020435,0.999791,0.063660,0.000000,0.000000,0.000000,0.000000,-0.434023,
1629335901.000000,244548076.000000,-0.000525,-0.297225,0.000000,0.000000,0.000000,-0.027633,0.999618,0.064427,0.000000,0.000000,0.000000,0.000000,-0.436364,
1629335901.000000,277548076.000000,0.001597,-0.297358,0.000000,0.000000,0.000000,-0.034824,0.999393,0.064427,0.000000,0.000000,0.000000,0.000000,-0.435995,
1629335901.000000,310548076.000000,0.003717,-0.297521,0.000000,0.000000,0.000000,-0.042027,0.999116,0.064427,0.000000,0.000000,0.000000,0.000000,-0.436870,
1629335901.000000,343548076.000000,0.005809,-0.297713,0.000000,0.000000,0.000000,-0.049107,0.998793,0.063660,0.000000,0.000000,0.000000,0.000000,-0.429587,
1629335901.000000,377548076.000000,0.007973,-0.297942,0.000000,0.000000,0.000000,-0.056373,0.998410,0.064021,0.000000,0.000000,0.000000,0.000000,-0.427965,
1629335901.000000,410548076.000000,0.010109,-0.298200,0.000000,0.000000,0.000000,-0.063676,0.997971,0.065194,0.000000,0.000000,0.000000,0.000000,-0.443408,
1629335901.000000,443548076.000000,0.012216,-0.298485,0.000000,0.000000,0.000000,-0.070802,0.997490,0.064427,0.000000,0.000000,0.000000,0.000000,-0.432885,
1629335901.000000,476548076.000000,0.014369,-0.298808,0.000000,0.000000,0.000000,-0.078059,0.996949,0.065961,0.000000,0.000000,0.000000,0.000000,-0.441020,
1629335901.000000,509548076.000000,0.016466,-0.299154,0.000000,0.000000,0.000000,-0.085314,0.996354,0.064427,0.000000,0.000000,0.000000,0.000000,-0.441168,
1629335901.000000,542548076.000000,0.018559,-0.299531,0.000000,0.000000,0.000000,-0.092497,0.995713,0.064427,0.000000,0.000000,0.000000,0.000000,-0.437101,
1629335901.000000,575548076.000000,0.020720,-0.299953,0.000000,0.000000,0.000000,-0.099877,0.995000,0.066728,0.000000,0.000000,0.000000,0.000000,-0.449358,
1629335901.000000,608548076.000000,0.022801,-0.300390,0.000000,0.000000,0.000000,-0.107202,0.994237,0.064427,0.000000,0.000000,0.000000,0.000000,-0.446327,
1629335901.000000,641548076.000000,0.024899,-0.300864,0.000000,0.000000,0.000000,-0.114431,0.993431,0.065194,0.000000,0.000000,0.000000,0.000000,-0.440825,
1629335901.000000,675548076.000000,0.027015,-0.301375,0.000000,0.000000,0.000000,-0.121727,0.992564,0.064021,0.000000,0.000000,0.000000,0.000000,-0.432204,
1629335901.000000,708548076.000000,0.029075,-0.301904,0.000000,0.000000,0.000000,-0.128923,0.991655,0.064427,0.000000,0.000000,0.000000,0.000000,-0.439572,
1629335901.000000,741548076.000000,0.031102,-0.302455,0.000000,0.000000,0.000000,-0.136026,0.990705,0.063660,0.000000,0.000000,0.000000,0.000000,-0.434348,
1629335901.000000,775548076.000000,0.033291,-0.303086,0.000000,0.000000,0.000000,-0.143541,0.989644,0.066999,0.000000,0.000000,0.000000,0.000000,-0.446442,
1629335901.000000,809548076.000000,0.035325,-0.303704,0.000000,0.000000,0.000000,-0.150627,0.988591,0.062532,0.000000,0.000000,0.000000,0.000000,-0.421408,
1629335901.000000,842548076.000000,0.037302,-0.304337,0.000000,0.000000,0.000000,-0.157602,0.987503,0.062893,0.000000,0.000000,0.000000,0.000000,-0.427842,
1629335901.000000,875548076.000000,0.039317,-0.305013,0.000000,0.000000,0.000000,-0.164673,0.986348,0.064427,0.000000,0.000000,0.000000,0.000000,-0.434182,
1629335901.000000,908548076.000000,0.041299,-0.305709,0.000000,0.000000,0.000000,-0.171726,0.985145,0.063660,0.000000,0.000000,0.000000,0.000000,-0.433636,
1629335901.000000,941548076.000000,0.043271,-0.306434,0.000000,0.000000,0.000000,-0.178626,0.983917,0.063660,0.000000,0.000000,0.000000,0.000000,-0.424786,
1629335901.000000,974548076.000000,0.045303,-0.307214,0.000000,0.000000,0.000000,-0.185708,0.982605,0.065961,0.000000,0.000000,0.000000,0.000000,-0.436483,
1629335902.000000,7548076.000000,0.047207,-0.307976,0.000000,0.000000,0.000000,-0.192781,0.981242,0.062126,0.000000,0.000000,0.000000,0.000000,-0.436552,
1629335902.000000,40548076.000000,0.049146,-0.308784,0.000000,0.000000,0.000000,-0.199598,0.979878,0.063660,0.000000,0.000000,0.000000,0.000000,-0.421380,
1629335902.000000,73548076.000000,0.051120,-0.309640,0.000000,0.000000,0.000000,-0.206583,0.978429,0.065194,0.000000,0.000000,0.000000,0.000000,-0.432347,
1629335902.000000,106548076.000000,0.053012,-0.310492,0.000000,0.000000,0.000000,-0.213608,0.976919,0.062893,0.000000,0.000000,0.000000,0.000000,-0.435464,
1629335902.000000,140548076.000000,0.054892,-0.311372,0.000000,0.000000,0.000000,-0.220389,0.975412,0.061043,0.000000,0.000000,0.000000,0.000000,-0.408642,
1629335902.000000,173548076.000000,0.056850,-0.312322,0.000000,0.000000,0.000000,-0.227351,0.973813,0.065961,0.000000,0.000000,0.000000,0.000000,-0.432921,
1629335902.000000,206548076.000000,0.058705,-0.313254,0.000000,0.000000,0.000000,-0.234419,0.972136,0.062893,0.000000,0.000000,0.000000,0.000000,-0.440240,
1629335902.000000,239548076.000000,0.060545,-0.314213,0.000000,0.000000,0.000000,-0.241143,0.970490,0.062893,0.000000,0.000000,0.000000,0.000000,-0.419555,
1629335902.000000,272548076.000000,0.062395,-0.315209,0.000000,0.000000,0.000000,-0.248005,0.968759,0.063660,0.000000,0.000000,0.000000,0.000000,-0.428904,
1629335902.000000,305548076.000000,0.064274,-0.316256,0.000000,0.000000,0.000000,-0.254939,0.966957,0.065194,0.000000,0.000000,0.000000,0.000000,-0.434186,
1629335902.000000,333075033.000000,0.066073,-0.317292,0.000000,0.000000,0.000000,-0.261693,0.965151,0.062893,0.000000,0.000000,0.000000,0.000000,-0.423720,
1629335902.000000,366075033.000000,0.067900,-0.318379,0.000000,0.000000,0.000000,-0.268518,0.963275,0.064427,0.000000,0.000000,0.000000,0.000000,-0.428984,
1629335902.000000,400075033.000000,0.069754,-0.319520,0.000000,0.000000,0.000000,-0.276124,0.961122,0.064021,0.000000,0.000000,0.000000,0.000000,-0.464962,
1629335902.000000,433075033.000000,0.071570,-0.320674,0.000000,0.000000,0.000000,-0.282383,0.959302,0.065194,0.000000,0.000000,0.000000,0.000000,-0.395060,
1629335902.000000,466075033.000000,0.073327,-0.321824,0.000000,0.000000,0.000000,-0.289185,0.957273,0.063660,0.000000,0.000000,0.000000,0.000000,-0.430234,
1629335902.000000,499075033.000000,0.075089,-0.323014,0.000000,0.000000,0.000000,-0.296082,0.955163,0.064427,0.000000,0.000000,0.000000,0.000000,-0.437112,
1629335902.000000,532075033.000000,0.076792,-0.324200,0.000000,0.000000,0.000000,-0.302803,0.953053,0.062893,0.000000,0.000000,0.000000,0.000000,-0.426888,
1629335902.000000,565075033.000000,0.078499,-0.325425,0.000000,0.000000,0.000000,-0.309452,0.950915,0.063660,0.000000,0.000000,0.000000,0.000000,-0.423312,
1629335902.000000,599075033.000000,0.080209,-0.326688,0.000000,0.000000,0.000000,-0.316214,0.948688,0.062532,0.000000,0.000000,0.000000,0.000000,-0.418779,
1629335902.000000,632075033.000000,0.081861,-0.327945,0.000000,0.000000,0.000000,-0.322891,0.946436,0.062893,0.000000,0.000000,0.000000,0.000000,-0.427073,
1629335902.000000,665075033.000000,0.083535,-0.329256,0.000000,0.000000,0.000000,-0.329453,0.944172,0.064427,0.000000,0.000000,0.000000,0.000000,-0.420686,
1629335902.000000,698075033.000000,0.085150,-0.330559,0.000000,0.000000,0.000000,-0.336182,0.941797,0.062893,0.000000,0.000000,0.000000,0.000000,-0.432506,
1629335902.000000,731075033.000000,0.086767,-0.331901,0.000000,0.000000,0.000000,-0.342827,0.939399,0.063660,0.000000,0.000000,0.000000,0.000000,-0.428160,
1629335902.000000,764075033.000000,0.088364,-0.333265,0.000000,0.000000,0.000000,-0.349381,0.936981,0.063660,0.000000,0.000000,0.000000,0.000000,-0.423345,
1629335902.000000,797075033.000000,0.089961,-0.334669,0.000000,0.000000,0.000000,-0.356147,0.934430,0.064427,0.000000,0.000000,0.000000,0.000000,-0.438231,
1629335902.000000,830075033.000000,0.091500,-0.336061,0.000000,0.000000,0.000000,-0.362827,0.931856,0.062893,0.000000,0.000000,0.000000,0.000000,-0.433904,
1629335902.000000,863075033.000000,0.093075,-0.337527,0.000000,0.000000,0.000000,-0.369384,0.929277,0.065194,0.000000,0.000000,0.000000,0.000000,-0.426993,
1629335902.000000,896075033.000000,0.094610,-0.338998,0.000000,0.000000,0.000000,-0.376155,0.926557,0.064427,0.000000,0.000000,0.000000,0.000000,-0.442263,
1629335902.000000,931075033.000000,0.096231,-0.340598,0.000000,0.000000,0.000000,-0.383268,0.923637,0.065085,0.000000,0.000000,0.000000,0.000000,-0.439385,
1629335902.000000,964075033.000000,0.097687,-0.342078,0.000000,0.000000,0.000000,-0.389796,0.920901,0.062893,0.000000,0.000000,0.000000,0.000000,-0.428998,
1629335902.000000,998075033.000000,0.099173,-0.343633,0.000000,0.000000,0.000000,-0.396517,0.918027,0.063277,0.000000,0.000000,0.000000,0.000000,-0.429977,
1629335903.000000,31075033.000000,0.100654,-0.345229,0.000000,0.000000,0.000000,-0.403117,0.915148,0.065961,0.000000,0.000000,0.000000,0.000000,-0.436382,
1629335903.000000,64075033.000000,0.102094,-0.346827,0.000000,0.000000,0.000000,-0.409671,0.912233,0.065194,0.000000,0.000000,0.000000,0.000000,-0.434727,
1629335903.000000,97075033.000000,0.103495,-0.348426,0.000000,0.000000,0.000000,-0.416346,0.909206,0.064427,0.000000,0.000000,0.000000,0.000000,-0.444167,
1629335903.000000,130075033.000000,0.104889,-0.350065,0.000000,0.000000,0.000000,-0.422877,0.906187,0.065194,0.000000,0.000000,0.000000,0.000000,-0.436086,
1629335903.000000,163075033.000000,0.106243,-0.351704,0.000000,0.000000,0.000000,-0.429359,0.903134,0.064427,0.000000,0.000000,0.000000,0.000000,-0.434272,
1629335903.000000,196075033.000000,0.107605,-0.353402,0.000000,0.000000,0.000000,-0.436044,0.899925,0.065961,0.000000,0.000000,0.000000,0.000000,-0.449390,
1629335903.000000,229075033.000000,0.108910,-0.355081,0.000000,0.000000,0.000000,-0.442567,0.896735,0.064427,0.000000,0.000000,0.000000,0.000000,-0.440063,
1629335903.000000,262075033.000000,0.110222,-0.356818,0.000000,0.000000,0.000000,-0.449054,0.893505,0.065961,0.000000,0.000000,0.000000,0.000000,-0.439196,
1629335903.000000,295075033.000000,0.111507,-0.358574,0.000000,0.000000,0.000000,-0.455636,0.890166,0.065961,0.000000,0.000000,0.000000,0.000000,-0.447280,
1629335903.000000,329075033.000000,0.112738,-0.360308,0.000000,0.000000,0.000000,-0.462065,0.886846,0.062532,0.000000,0.000000,0.000000,0.000000,-0.425654,
1629335903.000000,362075033.000000,0.113930,-0.362038,0.000000,0.000000,0.000000,-0.468379,0.883528,0.063660,0.000000,0.000000,0.000000,0.000000,-0.432322,
1629335903.000000,395075033.000000,0.115138,-0.363848,0.000000,0.000000,0.000000,-0.474868,0.880057,0.065961,0.000000,0.000000,0.000000,0.000000,-0.445973,
1629335903.000000,428075033.000000,0.116265,-0.365591,0.000000,0.000000,0.000000,-0.481103,0.876664,0.062893,0.000000,0.000000,0.000000,0.000000,-0.430219,
1629335903.000000,461075033.000000,0.117394,-0.367393,0.000000,0.000000,0.000000,-0.487260,0.873257,0.064427,0.000000,0.000000,0.000000,0.000000,-0.426459,
1629335903.000000,494075033.000000,0.118485,-0.369188,0.000000,0.000000,0.000000,-0.493528,0.869730,0.063660,0.000000,0.000000,0.000000,0.000000,-0.435898,
1629335903.000000,527075033.000000,0.119549,-0.370999,0.000000,0.000000,0.000000,-0.499692,0.866203,0.063660,0.000000,0.000000,0.000000,0.000000,-0.430371,
1629335903.000000,560075033.000000,0.120576,-0.372803,0.000000,0.000000,0.000000,-0.505686,0.862718,0.062893,0.000000,0.000000,0.000000,0.000000,-0.420274,
1629335903.000000,593075033.000000,0.121613,-0.374688,0.000000,0.000000,0.000000,-0.511923,0.859031,0.065194,0.000000,0.000000,0.000000,0.000000,-0.439073,
1629335903.000000,626075033.000000,0.122612,-0.376565,0.000000,0.000000,0.000000,-0.518101,0.855319,0.064427,0.000000,0.000000,0.000000,0.000000,-0.436830,
1629335903.000000,660075033.000000,0.123594,-0.378479,0.000000,0.000000,0.000000,-0.524528,0.851393,0.063277,0.000000,0.000000,0.000000,0.000000,-0.442994,
1629335903.000000,693075033.000000,0.124526,-0.380362,0.000000,0.000000,0.000000,-0.530153,0.847902,0.063660,0.000000,0.000000,0.000000,0.000000,-0.401253,
1629335903.000000,726075033.000000,0.125432,-0.382257,0.000000,0.000000,0.000000,-0.536298,0.844029,0.063660,0.000000,0.000000,0.000000,0.000000,-0.440202,
1629335903.000000,759075033.000000,0.126301,-0.384142,0.000000,0.000000,0.000000,-0.542127,0.840296,0.062893,0.000000,0.000000,0.000000,0.000000,-0.419543,
1629335903.000000,792075033.000000,0.127173,-0.386109,0.000000,0.000000,0.000000,-0.548103,0.836411,0.065194,0.000000,0.000000,0.000000,0.000000,-0.431987,
1629335903.000000,825075033.000000,0.128008,-0.388064,0.000000,0.000000,0.000000,-0.554203,0.832382,0.064427,0.000000,0.000000,0.000000,0.000000,-0.443045,
1629335903.000000,859075033.000000,0.128784,-0.389962,0.000000,0.000000,0.000000,-0.560435,0.828198,0.060299,0.000000,0.000000,0.000000,0.000000,-0.441539,
1629335903.000000,892075033.000000,0.129571,-0.391964,0.000000,0.000000,0.000000,-0.565858,0.824503,0.065194,0.000000,0.000000,0.000000,0.000000,-0.397693,
1629335903.000000,925075033.000000,0.130312,-0.393930,0.000000,0.000000,0.000000,-0.571836,0.820368,0.063660,0.000000,0.000000,0.000000,0.000000,-0.440567,
1629335903.000000,958075033.000000,0.131017,-0.395882,0.000000,0.000000,0.000000,-0.577492,0.816396,0.062893,0.000000,0.000000,0.000000,0.000000,-0.418880,
1629335903.000000,991075033.000000,0.131711,-0.397892,0.000000,0.000000,0.000000,-0.583267,0.812281,0.064427,0.000000,0.000000,0.000000,0.000000,-0.429737,
1629335904.000000,25075033.000000,0.132407,-0.400007,0.000000,0.000000,0.000000,-0.589321,0.807899,0.065510,0.000000,0.000000,0.000000,0.000000,-0.439611,
1629335904.000000,59075033.000000,0.133034,-0.402012,0.000000,0.000000,0.000000,-0.594976,0.803743,0.061788,0.000000,0.000000,0.000000,0.000000,-0.412845,
1629335904.000000,92075033.000000,0.133648,-0.404074,0.000000,0.000000,0.000000,-0.600681,0.799489,0.065194,0.000000,0.000000,0.000000,0.000000,-0.431308,
1629335904.000000,125075033.000000,0.134225,-0.406121,0.000000,0.000000,0.000000,-0.606510,0.795076,0.064427,0.000000,0.000000,0.000000,0.000000,-0.443074,
1629335904.000000,158075033.000000,0.134772,-0.408175,0.000000,0.000000,0.000000,-0.612065,0.790808,0.064427,0.000000,0.000000,0.000000,0.000000,-0.424587,
1629335904.000000,191075033.000000,0.135291,-0.410237,0.000000,0.000000,0.000000,-0.617674,0.786435,0.064427,0.000000,0.000000,0.000000,0.000000,-0.431021,
1629335904.000000,225075033.000000,0.135774,-0.412281,0.000000,0.000000,0.000000,-0.623368,0.781929,0.061788,0.000000,0.000000,0.000000,0.000000,-0.427157,
1629335904.000000,258075033.000000,0.136222,-0.414308,0.000000,0.000000,0.000000,-0.628759,0.777600,0.062893,0.000000,0.000000,0.000000,0.000000,-0.419003,
1629335904.000000,291075033.000000,0.136648,-0.416365,0.000000,0.000000,0.000000,-0.634198,0.773171,0.063660,0.000000,0.000000,0.000000,0.000000,-0.425122,
1629335904.000000,324075033.000000,0.137044,-0.418428,0.000000,0.000000,0.000000,-0.639759,0.768575,0.063660,0.000000,0.000000,0.000000,0.000000,-0.437234,
1629335904.000000,357075033.000000,0.137410,-0.420497,0.000000,0.000000,0.000000,-0.645082,0.764113,0.063660,0.000000,0.000000,0.000000,0.000000,-0.420979,
1629335904.000000,390075033.000000,0.137748,-0.422570,0.000000,0.000000,0.000000,-0.650440,0.759558,0.063660,0.000000,0.000000,0.000000,0.000000,-0.426211,
1629335904.000000,423075033.000000,0.138064,-0.424698,0.000000,0.000000,0.000000,-0.655984,0.754775,0.065194,0.000000,0.000000,0.000000,0.000000,-0.443708,
1629335904.000000,456075033.000000,0.138335,-0.426730,0.000000,0.000000,0.000000,-0.661274,0.750145,0.062126,0.000000,0.000000,0.000000,0.000000,-0.426106,
1629335904.000000,489075033.000000,0.138590,-0.428867,0.000000,0.000000,0.000000,-0.666580,0.745434,0.065194,0.000000,0.000000,0.000000,0.000000,-0.430008,
1629335904.000000,522075033.000000,0.138811,-0.430981,0.000000,0.000000,0.000000,-0.672035,0.740520,0.064427,0.000000,0.000000,0.000000,0.000000,-0.444978,
1629335904.000000,556075033.000000,0.139002,-0.433099,0.000000,0.000000,0.000000,-0.677265,0.735740,0.062532,0.000000,0.000000,0.000000,0.000000,-0.416785,
1629335904.000000,589075033.000000,0.139162,-0.435219,0.000000,0.000000,0.000000,-0.682538,0.730850,0.064427,0.000000,0.000000,0.000000,0.000000,-0.435818,
1629335904.000000,622075033.000000,0.139295,-0.437392,0.000000,0.000000,0.000000,-0.687915,0.725791,0.065961,0.000000,0.000000,0.000000,0.000000,-0.447456,
1629335904.000000,655075033.000000,0.139394,-0.439515,0.000000,0.000000,0.000000,-0.693043,0.720896,0.064427,0.000000,0.000000,0.000000,0.000000,-0.429695,
1629335904.000000,688075033.000000,0.139463,-0.441666,0.000000,0.000000,0.000000,-0.698210,0.715893,0.065194,0.000000,0.000000,0.000000,0.000000,-0.435863,
1629335904.000000,720075033.000000,0.139500,-0.443766,0.000000,0.000000,0.000000,-0.703309,0.710885,0.065650,0.000000,0.000000,0.000000,0.000000,-0.446701,
1629335904.000000,753075033.000000,0.139508,-0.445892,0.000000,0.000000,0.000000,-0.708376,0.705836,0.064427,0.000000,0.000000,0.000000,0.000000,-0.433501,
1629335904.000000,787075033.000000,0.139484,-0.448069,0.000000,0.000000,0.000000,-0.713499,0.700656,0.064021,0.000000,0.000000,0.000000,0.000000,-0.428561,
1629335904.000000,820075033.000000,0.139428,-0.450245,0.000000,0.000000,0.000000,-0.718708,0.695312,0.065961,0.000000,0.000000,0.000000,0.000000,-0.452305,
1629335904.000000,859241107.000000,0.139344,-0.452344,0.000000,0.000000,0.000000,-0.723669,0.690147,0.063660,0.000000,0.000000,0.000000,0.000000,-0.434029,
1629335904.000000,892241107.000000,0.139223,-0.454543,0.000000,0.000000,0.000000,-0.728722,0.684810,0.066728,0.000000,0.000000,0.000000,0.000000,-0.445407,
1629335904.000000,925241107.000000,0.139074,-0.456689,0.000000,0.000000,0.000000,-0.733763,0.679406,0.065194,0.000000,0.000000,0.000000,0.000000,-0.447910,
1629335904.000000,958241107.000000,0.138898,-0.458782,0.000000,0.000000,0.000000,-0.738561,0.674187,0.063660,0.000000,0.000000,0.000000,0.000000,-0.429685,
1629335904.000000,992241107.000000,0.138684,-0.460948,0.000000,0.000000,0.000000,-0.743439,0.668804,0.064021,0.000000,0.000000,0.000000,0.000000,-0.427299,
1629335905.000000,25241107.000000,0.138442,-0.463086,0.000000,0.000000,0.000000,-0.748343,0.663312,0.065194,0.000000,0.000000,0.000000,0.000000,-0.446235,
1629335905.000000,58241107.000000,0.138181,-0.465120,0.000000,0.000000,0.000000,-0.752996,0.658026,0.062126,0.000000,0.000000,0.000000,0.000000,-0.426792,
1629335905.000000,91241107.000000,0.137878,-0.467250,0.000000,0.000000,0.000000,-0.757617,0.652699,0.065194,0.000000,0.000000,0.000000,0.000000,-0.427404,
1629335905.000000,124241107.000000,0.137556,-0.469300,0.000000,0.000000,0.000000,-0.762335,0.647183,0.062893,0.000000,0.000000,0.000000,0.000000,-0.439898,
1629335905.000000,157241107.000000,0.137196,-0.471395,0.000000,0.000000,0.000000,-0.766863,0.641811,0.064427,0.000000,0.000000,0.000000,0.000000,-0.425828,
1629335905.000000,190241107.000000,0.136811,-0.473461,0.000000,0.000000,0.000000,-0.771344,0.636418,0.063660,0.000000,0.000000,0.000000,0.000000,-0.424923,
1629335905.000000,223241107.000000,0.136392,-0.475545,0.000000,0.000000,0.000000,-0.775954,0.630789,0.064427,0.000000,0.000000,0.000000,0.000000,-0.440976,
1629335905.000000,256241107.000000,0.135954,-0.477574,0.000000,0.000000,0.000000,-0.780368,0.625320,0.062893,0.000000,0.000000,0.000000,0.000000,-0.425928,
1629335905.000000,289241107.000000,0.135476,-0.479646,0.000000,0.000000,0.000000,-0.784724,0.619845,0.064427,0.000000,0.000000,0.000000,0.000000,-0.424019,
1629335905.000000,322241107.000000,0.134969,-0.481710,0.000000,0.000000,0.000000,-0.789159,0.614188,0.064427,0.000000,0.000000,0.000000,0.000000,-0.435663,
1629335905.000000,356241107.000000,0.134445,-0.483718,0.000000,0.000000,0.000000,-0.793523,0.608540,0.061043,0.000000,0.000000,0.000000,0.000000,-0.419897,
1629335905.000000,389241107.000000,0.133879,-0.485768,0.000000,0.000000,0.000000,-0.797775,0.602955,0.064427,0.000000,0.000000,0.000000,0.000000,-0.425368,
1629335905.000000,422241107.000000,0.133285,-0.487809,0.000000,0.000000,0.000000,-0.802063,0.597239,0.064427,0.000000,0.000000,0.000000,0.000000,-0.433060,
1629335905.000000,455241107.000000,0.132676,-0.489793,0.000000,0.000000,0.000000,-0.806333,0.591461,0.062893,0.000000,0.000000,0.000000,0.000000,-0.435455,
1629335905.000000,488241107.000000,0.132038,-0.491768,0.000000,0.000000,0.000000,-0.810433,0.585831,0.062893,0.000000,0.000000,0.000000,0.000000,-0.422075,
1629335905.000000,521241107.000000,0.131357,-0.493783,0.000000,0.000000,0.000000,-0.814574,0.580060,0.064427,0.000000,0.000000,0.000000,0.000000,-0.430509,
1629335905.000000,554241107.000000,0.130639,-0.495810,0.000000,0.000000,0.000000,-0.818743,0.574160,0.065194,0.000000,0.000000,0.000000,0.000000,-0.437812,
1629335905.000000,587241107.000000,0.129918,-0.497757,0.000000,0.000000,0.000000,-0.822742,0.568415,0.062893,0.000000,0.000000,0.000000,0.000000,-0.424274,
1629335905.000000,620241107.000000,0.129152,-0.499740,0.000000,0.000000,0.000000,-0.826724,0.562608,0.064427,0.000000,0.000000,0.000000,0.000000,-0.426720,
1629335905.000000,653241107.000000,0.128358,-0.501712,0.000000,0.000000,0.000000,-0.830766,0.556623,0.064427,0.000000,0.000000,0.000000,0.000000,-0.437713,
1629335905.000000,686241107.000000,0.127555,-0.503626,0.000000,0.000000,0.000000,-0.834660,0.550766,0.062893,0.000000,0.000000,0.000000,0.000000,-0.426219,
1629335905.000000,720241107.000000,0.126695,-0.505598,0.000000,0.000000,0.000000,-0.838540,0.544840,0.063277,0.000000,0.000000,0.000000,0.000000,-0.416681,
1629335905.000000,753241107.000000,0.125806,-0.507557,0.000000,0.000000,0.000000,-0.842468,0.538746,0.065194,0.000000,0.000000,0.000000,0.000000,-0.439437,
1629335905.000000,786241107.000000,0.124922,-0.509435,0.000000,0.000000,0.000000,-0.846215,0.532842,0.062893,0.000000,0.000000,0.000000,0.000000,-0.423797,
1629335905.000000,819241107.000000,0.123979,-0.511369,0.000000,0.000000,0.000000,-0.849928,0.526899,0.065194,0.000000,0.000000,0.000000,0.000000,-0.424678,
1629335905.000000,852241107.000000,0.123043,-0.513221,0.000000,0.000000,0.000000,-0.853711,0.520746,0.062893,0.000000,0.000000,0.000000,0.000000,-0.437750,
1629335905.000000,885241107.000000,0.122080,-0.515060,0.000000,0.000000,0.000000,-0.857294,0.514827,0.062893,0.000000,0.000000,0.000000,0.000000,-0.419345,
1629335905.000000,918241107.000000,0.121080,-0.516907,0.000000,0.000000,0.000000,-0.860869,0.508827,0.063660,0.000000,0.000000,0.000000,0.000000,-0.423289,
1629335905.000000,951241107.000000,0.120066,-0.518718,0.000000,0.000000,0.000000,-0.864481,0.502665,0.062893,0.000000,0.000000,0.000000,0.000000,-0.432898,
1629335905.000000,984241107.000000,0.119014,-0.520537,0.000000,0.000000,0.000000,-0.867930,0.496687,0.063660,0.000000,0.000000,0.000000,0.000000,-0.418273,
1629335906.000000,17241107.000000,0.117950,-0.522319,0.000000,0.000000,0.000000,-0.871421,0.490537,0.062893,0.000000,0.000000,0.000000,0.000000,-0.428581,
1629335906.000000,50241107.000000,0.116794,-0.524193,0.000000,0.000000,0.000000,-0.874962,0.484192,0.066728,0.000000,0.000000,0.000000,0.000000,-0.440354,
1629335906.000000,83241107.000000,0.115693,-0.525923,0.000000,0.000000,0.000000,-0.878337,0.478042,0.062126,0.000000,0.000000,0.000000,0.000000,-0.425175,
1629335906.000000,116241107.000000,0.114512,-0.527721,0.000000,0.000000,0.000000,-0.881723,0.471767,0.065194,0.000000,0.000000,0.000000,0.000000,-0.432153,
1629335906.000000,152241107.000000,0.113219,-0.529626,0.000000,0.000000,0.000000,-0.885632,0.464388,0.063980,0.000000,0.000000,0.000000,0.000000,-0.463890,
1629335906.000000,186241107.000000,0.111969,-0.531408,0.000000,0.000000,0.000000,-0.888757,0.458379,0.064021,0.000000,0.000000,0.000000,0.000000,-0.398438,
1629335906.000000,219241107.000000,0.110709,-0.533152,0.000000,0.000000,0.000000,-0.892041,0.451954,0.065194,0.000000,0.000000,0.000000,0.000000,-0.437311,
1629335906.000000,252241107.000000,0.109438,-0.534857,0.000000,0.000000,0.000000,-0.895343,0.445377,0.064427,0.000000,0.000000,0.000000,0.000000,-0.446020,
1629335906.000000,286241107.000000,0.108144,-0.536544,0.000000,0.000000,0.000000,-0.898492,0.438990,0.062532,0.000000,0.000000,0.000000,0.000000,-0.418933,
1629335906.000000,319241107.000000,0.106778,-0.538271,0.000000,0.000000,0.000000,-0.901657,0.432453,0.066728,0.000000,0.000000,0.000000,0.000000,-0.440146,
1629335906.000000,352241107.000000,0.105435,-0.539919,0.000000,0.000000,0.000000,-0.904807,0.425821,0.064427,0.000000,0.000000,0.000000,0.000000,-0.444989,
1629335906.000000,385241107.000000,0.104068,-0.541548,0.000000,0.000000,0.000000,-0.907799,0.419406,0.064427,0.000000,0.000000,0.000000,0.000000,-0.428991,
1629335906.000000,418241107.000000,0.102629,-0.543214,0.000000,0.000000,0.000000,-0.910835,0.412772,0.066728,0.000000,0.000000,0.000000,0.000000,-0.442166,
1629335906.000000,451241107.000000,0.101215,-0.544802,0.000000,0.000000,0.000000,-0.913882,0.405980,0.064427,0.000000,0.000000,0.000000,0.000000,-0.451171,
1629335906.000000,484241107.000000,0.099779,-0.546370,0.000000,0.000000,0.000000,-0.916763,0.399432,0.064427,0.000000,0.000000,0.000000,0.000000,-0.433550,
1629335906.000000,517241107.000000,0.098268,-0.547971,0.000000,0.000000,0.000000,-0.919653,0.392731,0.066728,0.000000,0.000000,0.000000,0.000000,-0.442251,
1629335906.000000,550241107.000000,0.096786,-0.549496,0.000000,0.000000,0.000000,-0.922527,0.385932,0.064427,0.000000,0.000000,0.000000,0.000000,-0.447363,
1629335906.000000,584241107.000000,0.095301,-0.550982,0.000000,0.000000,0.000000,-0.925218,0.379437,0.061788,0.000000,0.000000,0.000000,0.000000,-0.413583,
1629335906.000000,617241107.000000,0.093758,-0.552481,0.000000,0.000000,0.000000,-0.927961,0.372677,0.065194,0.000000,0.000000,0.000000,0.000000,-0.442119,
1629335906.000000,650241107.000000,0.092193,-0.553958,0.000000,0.000000,0.000000,-0.930686,0.365820,0.065194,0.000000,0.000000,0.000000,0.000000,-0.447202,
1629335906.000000,683241107.000000,0.090681,-0.555342,0.000000,0.000000,0.000000,-0.933391,0.358862,0.062126,0.000000,0.000000,0.000000,0.000000,-0.452469,
1629335906.000000,716241107.000000,0.089037,-0.556807,0.000000,0.000000,0.000000,-0.935743,0.352682,0.066728,0.000000,0.000000,0.000000,0.000000,-0.400736,
1629335906.000000,749241107.000000,0.087487,-0.558149,0.000000,0.000000,0.000000,-0.938267,0.345912,0.062126,0.000000,0.000000,0.000000,0.000000,-0.437866,
1629335906.000000,782241107.000000,0.085879,-0.559501,0.000000,0.000000,0.000000,-0.940639,0.339408,0.063660,0.000000,0.000000,0.000000,0.000000,-0.419610,
1629335906.000000,815241107.000000,0.084233,-0.560847,0.000000,0.000000,0.000000,-0.943022,0.332730,0.064427,0.000000,0.000000,0.000000,0.000000,-0.429733,
1629335906.000000,848241107.000000,0.082608,-0.562138,0.000000,0.000000,0.000000,-0.945444,0.325786,0.062893,0.000000,0.000000,0.000000,0.000000,-0.445681,
1629335906.000000,882241107.000000,0.080923,-0.563435,0.000000,0.000000,0.000000,-0.947875,0.318644,0.062532,0.000000,0.000000,0.000000,0.000000,-0.443807,
1629335906.000000,915241107.000000,0.079180,-0.564738,0.000000,0.000000,0.000000,-0.949945,0.312418,0.065961,0.000000,0.000000,0.000000,0.000000,-0.397629,
1629335906.000000,948241107.000000,0.077480,-0.565973,0.000000,0.000000,0.000000,-0.952180,0.305537,0.063660,0.000000,0.000000,0.000000,0.000000,-0.438462,
1629335906.000000,981241107.000000,0.075805,-0.567154,0.000000,0.000000,0.000000,-0.954302,0.298844,0.062126,0.000000,0.000000,0.000000,0.000000,-0.425573,
1629335907.000000,14241107.000000,0.074050,-0.568354,0.000000,0.000000,0.000000,-0.956383,0.292115,0.064427,0.000000,0.000000,0.000000,0.000000,-0.426864,
1629335907.000000,47241107.000000,0.072257,-0.569544,0.000000,0.000000,0.000000,-0.958480,0.285159,0.065194,0.000000,0.000000,0.000000,0.000000,-0.440346,
1629335907.000000,80241107.000000,0.070511,-0.570666,0.000000,0.000000,0.000000,-0.960456,0.278430,0.062893,0.000000,0.000000,0.000000,0.000000,-0.425015,
1629335907.000000,114241107.000000,0.068728,-0.571777,0.000000,0.000000,0.000000,-0.962399,0.271641,0.061788,0.000000,0.000000,0.000000,0.000000,-0.415380,
1629335907.000000,149241107.000000,0.066798,-0.572939,0.000000,0.000000,0.000000,-0.964577,0.263803,0.064361,0.000000,0.000000,0.000000,0.000000,-0.464855,
1629335907.000000,182241107.000000,0.064961,-0.574009,0.000000,0.000000,0.000000,-0.966272,0.257522,0.064427,0.000000,0.000000,0.000000,0.000000,-0.394265,
1629335907.000000,215241107.000000,0.063132,-0.575042,0.000000,0.000000,0.000000,-0.968059,0.250722,0.063660,0.000000,0.000000,0.000000,0.000000,-0.426128,
1629335907.000000,248241107.000000,0.061266,-0.576061,0.000000,0.000000,0.000000,-0.969824,0.243808,0.064427,0.000000,0.000000,0.000000,0.000000,-0.432508,
1629335907.000000,281241107.000000,0.059385,-0.577053,0.000000,0.000000,0.000000,-0.971543,0.236863,0.064427,0.000000,0.000000,0.000000,0.000000,-0.433588,
1629335907.000000,314241107.000000,0.057491,-0.578018,0.000000,0.000000,0.000000,-0.973190,0.230001,0.064427,0.000000,0.000000,0.000000,0.000000,-0.427714,
1629335907.000000,343417039.000000,0.055583,-0.578956,0.000000,0.000000,0.000000,-0.974802,0.223073,0.062532,0.000000,0.000000,0.000000,0.000000,-0.418412,
1629335907.000000,376417039.000000,0.053662,-0.579867,0.000000,0.000000,0.000000,-0.976361,0.216145,0.064427,0.000000,0.000000,0.000000,0.000000,-0.430360,
1629335907.000000,409417039.000000,0.051774,-0.580730,0.000000,0.000000,0.000000,-0.977852,0.209296,0.062893,0.000000,0.000000,0.000000,0.000000,-0.424849,
1629335907.000000,442417039.000000,0.049805,-0.581596,0.000000,0.000000,0.000000,-0.979340,0.202222,0.065194,0.000000,0.000000,0.000000,0.000000,-0.438085,
1629335907.000000,475417039.000000,0.047870,-0.582415,0.000000,0.000000,0.000000,-0.980756,0.195240,0.063660,0.000000,0.000000,0.000000,0.000000,-0.431783,
1629335907.000000,508417039.000000,0.045947,-0.583196,0.000000,0.000000,0.000000,-0.982079,0.188472,0.062893,0.000000,0.000000,0.000000,0.000000,-0.417921,
1629335907.000000,542417039.000000,0.043943,-0.583978,0.000000,0.000000,0.000000,-0.983386,0.181528,0.063277,0.000000,0.000000,0.000000,0.000000,-0.415665,
1629335907.000000,575417039.000000,0.041999,-0.584706,0.000000,0.000000,0.000000,-0.984664,0.174459,0.062893,0.000000,0.000000,0.000000,0.000000,-0.435376,
1629335907.000000,608417039.000000,0.040045,-0.585405,0.000000,0.000000,0.000000,-0.985847,0.167648,0.062893,0.000000,0.000000,0.000000,0.000000,-0.418929,
1629335907.000000,641417039.000000,0.038058,-0.586085,0.000000,0.000000,0.000000,-0.987019,0.160604,0.063660,0.000000,0.000000,0.000000,0.000000,-0.432798,
1629335907.000000,674417039.000000,0.036036,-0.586745,0.000000,0.000000,0.000000,-0.988155,0.153460,0.064427,0.000000,0.000000,0.000000,0.000000,-0.438434,
1629335907.000000,707417039.000000,0.034006,-0.587376,0.000000,0.000000,0.000000,-0.989200,0.146571,0.064427,0.000000,0.000000,0.000000,0.000000,-0.422265,
1629335907.000000,740417039.000000,0.031967,-0.587977,0.000000,0.000000,0.000000,-0.990232,0.139432,0.064427,0.000000,0.000000,0.000000,0.000000,-0.437171,
1629335907.000000,773417039.000000,0.029919,-0.588550,0.000000,0.000000,0.000000,-0.991211,0.132292,0.064427,0.000000,0.000000,0.000000,0.000000,-0.436763,
1629335907.000000,806417039.000000,0.027912,-0.589079,0.000000,0.000000,0.000000,-0.992174,0.124863,0.062893,0.000000,0.000000,0.000000,0.000000,-0.454023,
1629335907.000000,839417039.000000,0.025800,-0.589604,0.000000,0.000000,0.000000,-0.992990,0.118201,0.065961,0.000000,0.000000,0.000000,0.000000,-0.406802,
1629335907.000000,872417039.000000,0.023705,-0.590094,0.000000,0.000000,0.000000,-0.993827,0.110940,0.065194,0.000000,0.000000,0.000000,0.000000,-0.442965,
1629335907.000000,908417039.000000,0.021479,-0.590578,0.000000,0.000000,0.000000,-0.994685,0.102968,0.063277,0.000000,0.000000,0.000000,0.000000,-0.445439,
1629335907.000000,941417039.000000,0.019346,-0.591010,0.000000,0.000000,0.000000,-0.995359,0.096234,0.065961,0.000000,0.000000,0.000000,0.000000,-0.410194,
1629335907.000000,974417039.000000,0.017256,-0.591402,0.000000,0.000000,0.000000,-0.996037,0.088943,0.064427,0.000000,0.000000,0.000000,0.000000,-0.443784,
1629335908.000000,7417039.000000,0.015161,-0.591764,0.000000,0.000000,0.000000,-0.996642,0.081884,0.064427,0.000000,0.000000,0.000000,0.000000,-0.429354,
1629335908.000000,40417039.000000,0.012961,-0.592111,0.000000,0.000000,0.000000,-0.997217,0.074549,0.067495,0.000000,0.000000,0.000000,0.000000,-0.445940,
1629335908.000000,75417039.000000,0.010756,-0.592424,0.000000,0.000000,0.000000,-0.997796,0.066350,0.063638,0.000000,0.000000,0.000000,0.000000,-0.469668,
1629335908.000000,108417039.000000,0.008672,-0.592689,0.000000,0.000000,0.000000,-0.998210,0.059809,0.063660,0.000000,0.000000,0.000000,0.000000,-0.397229,
1629335908.000000,141417039.000000,0.006509,-0.592933,0.000000,0.000000,0.000000,-0.998623,0.052458,0.065961,0.000000,0.000000,0.000000,0.000000,-0.446180,
1629335908.000000,174417039.000000,0.004393,-0.593140,0.000000,0.000000,0.000000,-0.998982,0.045108,0.064427,0.000000,0.000000,0.000000,0.000000,-0.446018,
1629335908.000000,207417039.000000,0.002274,-0.593317,0.000000,0.000000,0.000000,-0.999273,0.038121,0.064427,0.000000,0.000000,0.000000,0.000000,-0.423823,
1629335908.000000,240417039.000000,0.000102,-0.593467,0.000000,0.000000,0.000000,-0.999525,0.030822,0.065961,0.000000,0.000000,0.000000,0.000000,-0.442646,
1629335908.000000,274417039.000000,-0.002071,-0.593585,0.000000,0.000000,0.000000,-0.999726,0.023394,0.064021,0.000000,0.000000,0.000000,0.000000,-0.437049,
1629335908.000000,307417039.000000,-0.004120,-0.593666,0.000000,0.000000,0.000000,-0.999863,0.016540,0.062126,0.000000,0.000000,0.000000,0.000000,-0.415497,
1629335908.000000,340417039.000000,-0.006270,-0.593722,0.000000,0.000000,0.000000,-0.999956,0.009352,0.065194,0.000000,0.000000,0.000000,0.000000,-0.435699,
1629335908.000000,374417039.000000,-0.008396,-0.593746,0.000000,0.000000,0.000000,-0.999998,0.002052,0.062532,0.000000,0.000000,0.000000,0.000000,-0.429423,
1629335908.000000,407417039.000000,-0.010472,-0.593741,0.000000,0.000000,0.000000,-0.999988,-0.004806,0.062893,0.000000,0.000000,0.000000,0.000000,-0.415636,
1629335908.000000,440417039.000000,-0.012623,-0.593705,0.000000,0.000000,0.000000,-0.999929,-0.011948,0.065194,0.000000,0.000000,0.000000,0.000000,-0.432853,
1629335908.000000,473417039.000000,-0.014697,-0.593640,0.000000,0.000000,0.000000,-0.999815,-0.019237,0.062893,0.000000,0.000000,0.000000,0.000000,-0.441808,
