1624992013.000000,175120946.000000,-0.000000,0.000000,0.000000,0.000000,0.000000,-0.000015,1.000000,0.000000,0.000000,0.000000,0.000000,0.000000,0.000164,
1624992013.000000,208120946.000000,-0.000000,0.000000,0.000000,0.000000,0.000000,-0.000016,1.000000,0.000000,0.000000,0.000000,0.000000,0.000000,-0.000012,
1624992013.000000,241120946.000000,-0.000000,0.000000,0.000000,0.000000,0.000000,-0.000017,1.000000,0.000000,0.000000,0.000000,0.000000,0.000000,-0.000105,
1624992013.000000,274120946.000000,-0.000000,0.000000,0.000000,0.000000,0.000000,-0.000015,1.000000,0.000000,0.000000,0.000000,0.000000,0.000000,0.000140,
1624992013.000000,307120946.000000,-0.000000,0.000000,0.000000,0.000000,0.000000,-0.000016,1.000000,0.000000,0.000000,0.000000,0.000000,0.000000,-0.000070,
1624992023.000000,663118927.000000,-0.000000,0.000000,0.000000,0.000000,0.000000,-0.000015,1.000000,0.000000,0.000000,0.000000,0.000000,0.000000,0.000059,
1624992023.000000,696118927.000000,-0.000000,0.000000,0.000000,0.000000,0.000000,-0.000018,1.000000,0.000000,0.000000,0.000000,0.000000,0.000000,-0.000171,
1624992023.000000,729118927.000000,-0.000000,0.000000,0.000000,0.000000,0.000000,-0.000016,1.000000,0.000000,0.000000,0.000000,0.000000,0.000000,0.000079,
1624992023.000000,762118927.000000,-0.000000,0.000000,0.000000,0.000000,0.000000,-0.000017,1.000000,0.000000,0.000000,0.000000,0.000000,0.000000,-0.000019,
1624992023.000000,795118927.000000,-0.000000,0.000000,0.000000,0.000000,0.000000,-0.000016,1.000000,0.000000,0.000000,0.000000,0.000000,0.000000,0.000031,
1624992023.000000,828118927.000000,-0.000000,0.000000,0.000000,0.000000,0.000000,-0.000017,1.000000,0.000000,0.000000,0.000000,0.000000,0.000000,-0.000081,
1624992023.000000,861118927.000000,-0.000000,0.000000,0.000000,0.000000,0.000000,-0.000012,1.000000,0.000000,0.000000,0.000000,0.000000,0.000000,0.000323,
1624992023.000000,894118927.000000,-0.000000,0.000000,0.000000,0.000000,0.000000,-0.000019,1.000000,0.000000,0.000000,0.000000,0.000000,0.000000,-0.000390,
1624992023.000000,927118927.000000,-0.000000,0.000000,0.000000,0.000000,0.000000,-0.000017,1.000000,0.000000,0.000000,0.000000,0.000000,0.000000,0.000089,
1624992023.000000,961118927.000000,0.000025,0.000000,0.000000,0.000000,0.000000,-0.000006,1.000000,0.000744,0.000000,0.000000,0.000000,0.000000,0.000631,
1624992023.000000,994118927.000000,-0.000000,0.000000,0.000000,0.000000,0.000000,-0.000017,1.000000,-0.000767,0.000000,0.000000,0.000000,0.000000,-0.000624,
1624992024.000000,27118927.000000,-0.000000,0.000000,0.000000,0.000000,0.000000,-0.000016,1.000000,0.000000,0.000000,0.000000,0.000000,0.000000,0.000027,
1624992024.000000,60118927.000000,0.000785,-0.000001,0.000000,0.000000,0.000000,-0.000781,1.000000,0.023777,0.000000,0.000000,0.000000,0.000000,-0.046347,
1624992024.000000,93118927.000000,0.002404,-0.000010,0.000000,0.000000,0.000000,-0.004965,0.999988,0.049087,0.000000,0.000000,0.000000,0.000000,-0.253599,
1624992024.000000,126118927.000000,0.004480,-0.000044,0.000000,0.000000,0.000000,-0.011583,0.999933,0.062893,0.000000,0.000000,0.000000,0.000000,-0.401099,
1624992024.000000,160118927.000000,0.006605,-0.000109,0.000000,0.000000,0.000000,-0.018676,0.999826,0.062532,0.000000,0.000000,0.000000,0.000000,-0.417275,
1624992024.000000,193118927.000000,0.008678,-0.000201,0.000000,0.000000,0.000000,-0.025901,0.999664,0.062893,0.000000,0.000000,0.000000,0.000000,-0.438001,
1624992024.000000,228118927.000000,0.010902,-0.000334,0.000000,0.000000,0.000000,-0.033882,0.999426,0.063638,0.000000,0.000000,0.000000,0.000000,-0.456237,
1624992024.000000,261118927.000000,0.013022,-0.000492,0.000000,0.000000,0.000000,-0.040500,0.999180,0.064427,0.000000,0.000000,0.000000,0.000000,-0.401358,
1624992024.000000,294118927.000000,0.015114,-0.000678,0.000000,0.000000,0.000000,-0.047878,0.998853,0.063660,0.000000,0.000000,0.000000,0.000000,-0.447633,
1624992024.000000,327118927.000000,0.017179,-0.000891,0.000000,0.000000,0.000000,-0.054784,0.998498,0.062893,0.000000,0.000000,0.000000,0.000000,-0.419095,
1624992024.000000,360118927.000000,0.019291,-0.001138,0.000000,0.000000,0.000000,-0.061871,0.998084,0.064427,0.000000,0.000000,0.000000,0.000000,-0.430226,
1624992024.000000,394118927.000000,0.021373,-0.001413,0.000000,0.000000,0.000000,-0.069326,0.997594,0.061788,0.000000,0.000000,0.000000,0.000000,-0.439500,
1624992024.000000,427118927.000000,0.023427,-0.001715,0.000000,0.000000,0.000000,-0.076286,0.997086,0.062893,0.000000,0.000000,0.000000,0.000000,-0.422948,
1624992024.000000,460118927.000000,0.025501,-0.002049,0.000000,0.000000,0.000000,-0.083438,0.996513,0.063660,0.000000,0.000000,0.000000,0.000000,-0.434844,
1624992024.000000,495118927.000000,0.027744,-0.002447,0.000000,0.000000,0.000000,-0.091862,0.995772,0.065085,0.000000,0.000000,0.000000,0.000000,-0.483195,
1624992024.000000,528118927.000000,0.029757,-0.002835,0.000000,0.000000,0.000000,-0.098361,0.995151,0.062126,0.000000,0.000000,0.000000,0.000000,-0.395696,
1624992024.000000,561118927.000000,0.031913,-0.003282,0.000000,0.000000,0.000000,-0.105574,0.994411,0.066728,0.000000,0.000000,0.000000,0.000000,-0.439450,
1624992024.000000,594118927.000000,0.033988,-0.003744,0.000000,0.000000,0.000000,-0.113018,0.993593,0.064427,0.000000,0.000000,0.000000,0.000000,-0.453828,
1624992024.000000,627118927.000000,0.036007,-0.004224,0.000000,0.000000,0.000000,-0.120118,0.992760,0.062893,0.000000,0.000000,0.000000,0.000000,-0.433293,
1624992024.000000,661118927.000000,0.038093,-0.004753,0.000000,0.000000,0.000000,-0.127330,0.991860,0.063277,0.000000,0.000000,0.000000,0.000000,-0.427486,
1624992024.000000,694118927.000000,0.040219,-0.005325,0.000000,0.000000,0.000000,-0.134822,0.990870,0.066728,0.000000,0.000000,0.000000,0.000000,-0.458045,
1624992024.000000,728118927.000000,0.042312,-0.005922,0.000000,0.000000,0.000000,-0.142334,0.989819,0.064021,0.000000,0.000000,0.000000,0.000000,-0.446181,
1624992024.000000,761118927.000000,0.044421,-0.006558,0.000000,0.000000,0.000000,-0.149539,0.988756,0.066728,0.000000,0.000000,0.000000,0.000000,-0.441416,
1624992024.000000,795118927.000000,0.046471,-0.007210,0.000000,0.000000,0.000000,-0.157077,0.987586,0.063277,0.000000,0.000000,0.000000,0.000000,-0.448707,
1624992024.000000,828118927.000000,0.048487,-0.007884,0.000000,0.000000,0.000000,-0.164232,0.986422,0.064427,0.000000,0.000000,0.000000,0.000000,-0.439368,
1624992024.000000,861118927.000000,0.050517,-0.008596,0.000000,0.000000,0.000000,-0.171449,0.985193,0.065194,0.000000,0.000000,0.000000,0.000000,-0.443630,
1624992024.000000,894118927.000000,0.052561,-0.009347,0.000000,0.000000,0.000000,-0.178946,0.983859,0.065961,0.000000,0.000000,0.000000,0.000000,-0.461517,
1624992024.000000,927118927.000000,0.054545,-0.010110,0.000000,0.000000,0.000000,-0.186140,0.982523,0.064427,0.000000,0.000000,0.000000,0.000000,-0.443491,
1624992024.000000,960118927.000000,0.056565,-0.010921,0.000000,0.000000,0.000000,-0.193326,0.981135,0.065961,0.000000,0.000000,0.000000,0.000000,-0.443524,
1624992024.000000,993118927.000000,0.058549,-0.011752,0.000000,0.000000,0.000000,-0.200669,0.979659,0.065194,0.000000,0.000000,0.000000,0.000000,-0.453947,
1624992025.000000,27118927.000000,0.060475,-0.012592,0.000000,0.000000,0.000000,-0.207697,0.978193,0.061788,0.000000,0.000000,0.000000,0.000000,-0.422309,
1624992025.000000,60118927.000000,0.062434,-0.013481,0.000000,0.000000,0.000000,-0.214774,0.976664,0.065194,0.000000,0.000000,0.000000,0.000000,-0.438808,
1624992025.000000,93118927.000000,0.064381,-0.014398,0.000000,0.000000,0.000000,-0.222039,0.975038,0.065194,0.000000,0.000000,0.000000,0.000000,-0.451204,
1624992025.000000,126118927.000000,0.066245,-0.015310,0.000000,0.000000,0.000000,-0.228932,0.973442,0.062893,0.000000,0.000000,0.000000,0.000000,-0.428798,
1624992025.000000,160118927.000000,0.068186,-0.016295,0.000000,0.000000,0.000000,-0.236483,0.971636,0.064021,0.000000,0.000000,0.000000,0.000000,-0.456719,
1624992025.000000,193118927.000000,0.070045,-0.017273,0.000000,0.000000,0.000000,-0.243100,0.970001,0.063660,0.000000,0.000000,0.000000,0.000000,-0.413102,
1624992025.000000,226118927.000000,0.071868,-0.018265,0.000000,0.000000,0.000000,-0.249942,0.968261,0.062893,0.000000,0.000000,0.000000,0.000000,-0.427831,
1624992025.000000,259118927.000000,0.073743,-0.019319,0.000000,0.000000,0.000000,-0.256808,0.966463,0.065194,0.000000,0.000000,0.000000,0.000000,-0.430158,
1624992025.000000,292118927.000000,0.075559,-0.020376,0.000000,0.000000,0.000000,-0.263912,0.964547,0.063660,0.000000,0.000000,0.000000,0.000000,-0.445964,
1624992025.000000,325118927.000000,0.077360,-0.021458,0.000000,0.000000,0.000000,-0.270744,0.962651,0.063660,0.000000,0.000000,0.000000,0.000000,-0.429670,
1624992025.000000,359118927.000000,0.079166,-0.022579,0.000000,0.000000,0.000000,-0.277575,0.960704,0.062532,0.000000,0.000000,0.000000,0.000000,-0.417848,
1624992025.000000,392118927.000000,0.080957,-0.023726,0.000000,0.000000,0.000000,-0.284622,0.958640,0.064427,0.000000,0.000000,0.000000,0.000000,-0.445070,
1624992025.000000,425118927.000000,0.082688,-0.024871,0.000000,0.000000,0.000000,-0.291382,0.956607,0.062893,0.000000,0.000000,0.000000,0.000000,-0.427806,
1624992025.000000,459118927.000000,0.084486,-0.026097,0.000000,0.000000,0.000000,-0.298250,0.954488,0.064021,0.000000,0.000000,0.000000,0.000000,-0.422781,
1624992025.000000,492118927.000000,0.086246,-0.027335,0.000000,0.000000,0.000000,-0.305223,0.952281,0.065194,0.000000,0.000000,0.000000,0.000000,-0.443269,
1624992025.000000,525118927.000000,0.087926,-0.028554,0.000000,0.000000,0.000000,-0.312005,0.950080,0.062893,0.000000,0.000000,0.000000,0.000000,-0.432135,
1624992025.000000,559118927.000000,0.089589,-0.029796,0.000000,0.000000,0.000000,-0.318646,0.947874,0.061043,0.000000,0.000000,0.000000,0.000000,-0.411663,
1624992025.000000,592118927.000000,0.091294,-0.031108,0.000000,0.000000,0.000000,-0.325564,0.945520,0.065194,0.000000,0.000000,0.000000,0.000000,-0.442881,
1624992025.000000,625118927.000000,0.092920,-0.032397,0.000000,0.000000,0.000000,-0.332189,0.943213,0.062893,0.000000,0.000000,0.000000,0.000000,-0.425127,
1624992025.000000,658118927.000000,0.094548,-0.033725,0.000000,0.000000,0.000000,-0.338722,0.940886,0.063660,0.000000,0.000000,0.000000,0.000000,-0.420318,
1624992025.000000,691118927.000000,0.096215,-0.035125,0.000000,0.000000,0.000000,-0.345730,0.938334,0.065961,0.000000,0.000000,0.000000,0.000000,-0.451991,
1624992025.000000,724118927.000000,0.097842,-0.036532,0.000000,0.000000,0.000000,-0.352507,0.935809,0.065194,0.000000,0.000000,0.000000,0.000000,-0.438354,
1624992025.000000,758118927.000000,0.099392,-0.037913,0.000000,0.000000,0.000000,-0.359032,0.933325,0.061043,0.000000,0.000000,0.000000,0.000000,-0.410671,
1624992025.000000,791118927.000000,0.100978,-0.039366,0.000000,0.000000,0.000000,-0.365905,0.930652,0.065194,0.000000,0.000000,0.000000,0.000000,-0.446937,
1624992025.000000,824118927.000000,0.102524,-0.040825,0.000000,0.000000,0.000000,-0.372557,0.928009,0.064427,0.000000,0.000000,0.000000,0.000000,-0.433828,
1624992025.000000,857118927.000000,0.103977,-0.042236,0.000000,0.000000,0.000000,-0.379377,0.925242,0.061359,0.000000,0.000000,0.000000,0.000000,-0.446023,
1624992025.000000,890118927.000000,0.105534,-0.043793,0.000000,0.000000,0.000000,-0.385685,0.922630,0.066728,0.000000,0.000000,0.000000,0.000000,-0.413804,
1624992025.000000,923118927.000000,0.106982,-0.045280,0.000000,0.000000,0.000000,-0.392353,0.919815,0.062893,0.000000,0.000000,0.000000,0.000000,-0.438661,
1624992025.000000,956118927.000000,0.108390,-0.046770,0.000000,0.000000,0.000000,-0.398743,0.917063,0.062126,0.000000,0.000000,0.000000,0.000000,-0.421676,
1624992025.000000,989118927.000000,0.109863,-0.048373,0.000000,0.000000,0.000000,-0.405397,0.914141,0.065961,0.000000,0.000000,0.000000,0.000000,-0.440460,
1624992026.000000,18736099.000000,0.111228,-0.049902,0.000000,0.000000,0.000000,-0.411995,0.911186,0.060299,0.000000,0.000000,0.000000,0.000000,-0.425205,
1624992026.000000,51736099.000000,0.112605,-0.051489,0.000000,0.000000,0.000000,-0.418365,0.908279,0.063660,0.000000,0.000000,0.000000,0.000000,-0.424425,
1624992026.000000,85736099.000000,0.114023,-0.053174,0.000000,0.000000,0.000000,-0.425713,0.904858,0.064766,0.000000,0.000000,0.000000,0.000000,-0.476725,
1624992026.000000,118736099.000000,0.115399,-0.054861,0.000000,0.000000,0.000000,-0.431927,0.901908,0.065961,0.000000,0.000000,0.000000,0.000000,-0.416933,
1624992026.000000,151736099.000000,0.116751,-0.056567,0.000000,0.000000,0.000000,-0.438572,0.898696,0.065961,0.000000,0.000000,0.000000,0.000000,-0.447291,
1624992026.000000,184736099.000000,0.118077,-0.058293,0.000000,0.000000,0.000000,-0.445394,0.895335,0.065961,0.000000,0.000000,0.000000,0.000000,-0.460921,
1624992026.000000,217736099.000000,0.119362,-0.060018,0.000000,0.000000,0.000000,-0.452081,0.891977,0.065194,0.000000,0.000000,0.000000,0.000000,-0.453508,
1624992026.000000,251736099.000000,0.120592,-0.061721,0.000000,0.000000,0.000000,-0.458479,0.888705,0.061788,0.000000,0.000000,0.000000,0.000000,-0.422720,
1624992026.000000,284736099.000000,0.121840,-0.063504,0.000000,0.000000,0.000000,-0.465032,0.885294,0.065961,0.000000,0.000000,0.000000,0.000000,-0.447692,
1624992026.000000,317736099.000000,0.123048,-0.065285,0.000000,0.000000,0.000000,-0.471676,0.881772,0.065194,0.000000,0.000000,0.000000,0.000000,-0.455777,
1624992026.000000,351736099.000000,0.124229,-0.067083,0.000000,0.000000,0.000000,-0.477976,0.878373,0.063277,0.000000,0.000000,0.000000,0.000000,-0.421100,
1624992026.000000,384736099.000000,0.125398,-0.068920,0.000000,0.000000,0.000000,-0.484493,0.874795,0.065961,0.000000,0.000000,0.000000,0.000000,-0.450550,
1624992026.000000,417736099.000000,0.126512,-0.070730,0.000000,0.000000,0.000000,-0.491061,0.871125,0.064427,0.000000,0.000000,0.000000,0.000000,-0.455976,
1624992026.000000,450736099.000000,0.127613,-0.072579,0.000000,0.000000,0.000000,-0.497303,0.867577,0.065194,0.000000,0.000000,0.000000,0.000000,-0.435197,
1624992026.000000,483736099.000000,0.128699,-0.074465,0.000000,0.000000,0.000000,-0.503760,0.863844,0.065961,0.000000,0.000000,0.000000,0.000000,-0.452002,
1624992026.000000,516736099.000000,0.129732,-0.076323,0.000000,0.000000,0.000000,-0.510228,0.860039,0.064427,0.000000,0.000000,0.000000,0.000000,-0.454791,
1624992026.000000,549736099.000000,0.130761,-0.078241,0.000000,0.000000,0.000000,-0.516391,0.856353,0.065961,0.000000,0.000000,0.000000,0.000000,-0.435248,
1624992026.000000,582736099.000000,0.131751,-0.080151,0.000000,0.000000,0.000000,-0.522743,0.852490,0.065194,0.000000,0.000000,0.000000,0.000000,-0.450539,
1624992026.000000,616736099.000000,0.132701,-0.082053,0.000000,0.000000,0.000000,-0.529111,0.848552,0.062532,0.000000,0.000000,0.000000,0.000000,-0.440464,
1624992026.000000,649736099.000000,0.133612,-0.083946,0.000000,0.000000,0.000000,-0.535034,0.844831,0.063660,0.000000,0.000000,0.000000,0.000000,-0.423897,
1624992026.000000,682736099.000000,0.134528,-0.085921,0.000000,0.000000,0.000000,-0.541264,0.840852,0.065961,0.000000,0.000000,0.000000,0.000000,-0.448043,
1624992026.000000,715736099.000000,0.135394,-0.087863,0.000000,0.000000,0.000000,-0.547517,0.836795,0.064427,0.000000,0.000000,0.000000,0.000000,-0.451753,
1624992026.000000,748736099.000000,0.136232,-0.089817,0.000000,0.000000,0.000000,-0.553365,0.832939,0.064427,0.000000,0.000000,0.000000,0.000000,-0.424551,
1624992026.000000,781736099.000000,0.137042,-0.091783,0.000000,0.000000,0.000000,-0.559428,0.828879,0.064427,0.000000,0.000000,0.000000,0.000000,-0.442205,
1624992026.000000,815736099.000000,0.137804,-0.093713,0.000000,0.000000,0.000000,-0.565497,0.824750,0.061043,0.000000,0.000000,0.000000,0.000000,-0.431811,
1624992026.000000,848736099.000000,0.138547,-0.095678,0.000000,0.000000,0.000000,-0.571211,0.820803,0.063660,0.000000,0.000000,0.000000,0.000000,-0.420859,
1624992026.000000,881736099.000000,0.139289,-0.097725,0.000000,0.000000,0.000000,-0.577170,0.816624,0.065961,0.000000,0.000000,0.000000,0.000000,-0.441125,
1624992026.000000,914736099.000000,0.139967,-0.099686,0.000000,0.000000,0.000000,-0.583107,0.812395,0.062893,0.000000,0.000000,0.000000,0.000000,-0.441775,
1624992026.000000,947736099.000000,0.140626,-0.101681,0.000000,0.000000,0.000000,-0.588632,0.808401,0.063660,0.000000,0.000000,0.000000,0.000000,-0.413132,
1624992026.000000,981736099.000000,0.141279,-0.103757,0.000000,0.000000,0.000000,-0.594446,0.804136,0.064021,0.000000,0.000000,0.000000,0.000000,-0.424203,
1624992027.000000,14736099.000000,0.141873,-0.105746,0.000000,0.000000,0.000000,-0.600319,0.799761,0.062893,0.000000,0.000000,0.000000,0.000000,-0.443823,
1624992027.000000,47736099.000000,0.142432,-0.107718,0.000000,0.000000,0.000000,-0.605853,0.795576,0.062126,0.000000,0.000000,0.000000,0.000000,-0.420505,
1624992027.000000,80736099.000000,0.143002,-0.109845,0.000000,0.000000,0.000000,-0.611580,0.791183,0.066728,0.000000,0.000000,0.000000,0.000000,-0.437429,
1624992027.000000,113736099.000000,0.143504,-0.111833,0.000000,0.000000,0.000000,-0.617392,0.786656,0.062126,0.000000,0.000000,0.000000,0.000000,-0.446529,
1624992027.000000,146736099.000000,0.143983,-0.113853,0.000000,0.000000,0.000000,-0.622859,0.782334,0.062893,0.000000,0.000000,0.000000,0.000000,-0.422351,
1624992027.000000,180736099.000000,0.144456,-0.115977,0.000000,0.000000,0.000000,-0.628483,0.777824,0.064021,0.000000,0.000000,0.000000,0.000000,-0.424059,
1624992027.000000,213736099.000000,0.144882,-0.118034,0.000000,0.000000,0.000000,-0.634209,0.773162,0.063660,0.000000,0.000000,0.000000,0.000000,-0.447501,
1624992027.000000,246736099.000000,0.145269,-0.120048,0.000000,0.000000,0.000000,-0.639567,0.768735,0.062126,0.000000,0.000000,0.000000,0.000000,-0.421224,
1624992027.000000,279736099.000000,0.145654,-0.122216,0.000000,0.000000,0.000000,-0.645052,0.764139,0.066728,0.000000,0.000000,0.000000,0.000000,-0.433694,
1624992027.000000,312736099.000000,0.145991,-0.124289,0.000000,0.000000,0.000000,-0.650721,0.759317,0.063660,0.000000,0.000000,0.000000,0.000000,-0.451110,
1624992027.000000,345736099.000000,0.146302,-0.126393,0.000000,0.000000,0.000000,-0.656050,0.754717,0.064427,0.000000,0.000000,0.000000,0.000000,-0.426628,
1624992027.000000,378736099.000000,0.146583,-0.128500,0.000000,0.000000,0.000000,-0.661404,0.750030,0.064427,0.000000,0.000000,0.000000,0.000000,-0.431267,
1624992027.000000,412736099.000000,0.146836,-0.130637,0.000000,0.000000,0.000000,-0.666979,0.745076,0.063277,0.000000,0.000000,0.000000,0.000000,-0.438687,
1624992027.000000,445736099.000000,0.147050,-0.132701,0.000000,0.000000,0.000000,-0.672169,0.740398,0.062893,0.000000,0.000000,0.000000,0.000000,-0.423435,
1624992027.000000,478736099.000000,0.147240,-0.134819,0.000000,0.000000,0.000000,-0.677410,0.735605,0.064427,0.000000,0.000000,0.000000,0.000000,-0.430454,
1624992027.000000,511736099.000000,0.147401,-0.136964,0.000000,0.000000,0.000000,-0.682876,0.730534,0.065194,0.000000,0.000000,0.000000,0.000000,-0.451908,
1624992027.000000,544736099.000000,0.147525,-0.139010,0.000000,0.000000,0.000000,-0.688036,0.725677,0.062126,0.000000,0.000000,0.000000,0.000000,-0.429439,
1624992027.000000,577736099.000000,0.147621,-0.141084,0.000000,0.000000,0.000000,-0.693122,0.720820,0.062893,0.000000,0.000000,0.000000,0.000000,-0.426217,
1624992027.000000,610736099.000000,0.147688,-0.143209,0.000000,0.000000,0.000000,-0.698410,0.715698,0.064427,0.000000,0.000000,0.000000,0.000000,-0.446171,
1624992027.000000,643736099.000000,0.147724,-0.145284,0.000000,0.000000,0.000000,-0.703475,0.710720,0.062893,0.000000,0.000000,0.000000,0.000000,-0.430414,
1624992027.000000,677736099.000000,0.147731,-0.147410,0.000000,0.000000,0.000000,-0.708517,0.705694,0.062532,0.000000,0.000000,0.000000,0.000000,-0.418772,
1624992027.000000,710736099.000000,0.147707,-0.149536,0.000000,0.000000,0.000000,-0.713730,0.700421,0.064427,0.000000,0.000000,0.000000,0.000000,-0.449415,
1624992027.000000,743736099.000000,0.147652,-0.151636,0.000000,0.000000,0.000000,-0.718832,0.695184,0.063660,0.000000,0.000000,0.000000,0.000000,-0.443101,
1624992027.000000,776736099.000000,0.147564,-0.153811,0.000000,0.000000,0.000000,-0.723757,0.690055,0.065961,0.000000,0.000000,0.000000,0.000000,-0.430949,
1624992027.000000,809736099.000000,0.147448,-0.155909,0.000000,0.000000,0.000000,-0.728841,0.684683,0.063660,0.000000,0.000000,0.000000,0.000000,-0.448288,
1624992027.000000,842736099.000000,0.147300,-0.158029,0.000000,0.000000,0.000000,-0.733842,0.679320,0.064427,0.000000,0.000000,0.000000,0.000000,-0.444441,
1624992027.000000,877736099.000000,0.147112,-0.160249,0.000000,0.000000,0.000000,-0.738875,0.673843,0.063638,0.000000,0.000000,0.000000,0.000000,-0.425002,
1624992027.000000,910736099.000000,0.146900,-0.162364,0.000000,0.000000,0.000000,-0.743867,0.668328,0.064427,0.000000,0.000000,0.000000,0.000000,-0.450875,
1624992027.000000,943736099.000000,0.146652,-0.164527,0.000000,0.000000,0.000000,-0.748773,0.662826,0.065961,0.000000,0.000000,0.000000,0.000000,-0.446753,
1624992027.000000,977736099.000000,0.146376,-0.166661,0.000000,0.000000,0.000000,-0.753521,0.657424,0.063277,0.000000,0.000000,0.000000,0.000000,-0.423046,
1624992028.000000,10736099.000000,0.146068,-0.168790,0.000000,0.000000,0.000000,-0.758425,0.651761,0.065194,0.000000,0.000000,0.000000,0.000000,-0.454007,
1624992028.000000,43736099.000000,0.145729,-0.170914,0.000000,0.000000,0.000000,-0.763250,0.646103,0.065194,0.000000,0.000000,0.000000,0.000000,-0.450687,
1624992028.000000,76736099.000000,0.145363,-0.173009,0.000000,0.000000,0.000000,-0.767902,0.640567,0.064427,0.000000,0.000000,0.000000,0.000000,-0.438221,
1624992028.000000,109736099.000000,0.144951,-0.175172,0.000000,0.000000,0.000000,-0.772706,0.634764,0.066728,0.000000,0.000000,0.000000,0.000000,-0.456593,
1624992028.000000,142736099.000000,0.144518,-0.177279,0.000000,0.000000,0.000000,-0.777435,0.628963,0.065194,0.000000,0.000000,0.000000,0.000000,-0.453624,
1624992028.000000,176736099.000000,0.144048,-0.179405,0.000000,0.000000,0.000000,-0.782000,0.623278,0.064021,0.000000,0.000000,0.000000,0.000000,-0.428866,
1624992028.000000,209736099.000000,0.143558,-0.181474,0.000000,0.000000,0.000000,-0.786635,0.617418,0.064427,0.000000,0.000000,0.000000,0.000000,-0.452786,
1624992028.000000,242736099.000000,0.143032,-0.183560,0.000000,0.000000,0.000000,-0.791158,0.611611,0.065194,0.000000,0.000000,0.000000,0.000000,-0.446110,
1624992028.000000,276736099.000000,0.142475,-0.185638,0.000000,0.000000,0.000000,-0.795607,0.605813,0.063277,0.000000,0.000000,0.000000,0.000000,-0.429939,
1624992028.000000,309736099.000000,0.141873,-0.187756,0.000000,0.000000,0.000000,-0.800101,0.599865,0.066728,0.000000,0.000000,0.000000,0.000000,-0.451810,
1624992028.000000,342736099.000000,0.141277,-0.189744,0.000000,0.000000,0.000000,-0.804447,0.594024,0.062893,0.000000,0.000000,0.000000,0.000000,-0.441190,
1624992028.000000,376736099.000000,0.140644,-0.191747,0.000000,0.000000,0.000000,-0.808618,0.588334,0.061788,0.000000,0.000000,0.000000,0.000000,-0.415003,
1624992028.000000,409736099.000000,0.139968,-0.193789,0.000000,0.000000,0.000000,-0.812886,0.582422,0.065194,0.000000,0.000000,0.000000,0.000000,-0.441927,
1624992028.000000,442736099.000000,0.139268,-0.195797,0.000000,0.000000,0.000000,-0.817441,0.576012,0.064427,0.000000,0.000000,0.000000,0.000000,-0.476606,
1624992028.000000,476736099.000000,0.138548,-0.197771,0.000000,0.000000,0.000000,-0.821150,0.570712,0.061788,0.000000,0.000000,0.000000,0.000000,-0.380502,
1624992028.000000,507095064.000000,0.137784,-0.199782,0.000000,0.000000,0.000000,-0.825304,0.564689,0.065194,0.000000,0.000000,0.000000,0.000000,-0.443415,
1624992028.000000,540095064.000000,0.137028,-0.201687,0.000000,0.000000,0.000000,-0.829228,0.558911,0.062126,0.000000,0.000000,0.000000,0.000000,-0.423345,
1624992028.000000,573095064.000000,0.136207,-0.203676,0.000000,0.000000,0.000000,-0.832969,0.553320,0.065194,0.000000,0.000000,0.000000,0.000000,-0.407667,
1624992028.000000,606095064.000000,0.135349,-0.205676,0.000000,0.000000,0.000000,-0.837026,0.547162,0.065961,0.000000,0.000000,0.000000,0.000000,-0.446941,
1624992028.000000,640095064.000000,0.134502,-0.207571,0.000000,0.000000,0.000000,-0.841016,0.541010,0.061043,0.000000,0.000000,0.000000,0.000000,-0.431334,
1624992028.000000,673095064.000000,0.133628,-0.209454,0.000000,0.000000,0.000000,-0.844721,0.535207,0.062893,0.000000,0.000000,0.000000,0.000000,-0.417276,
1624992028.000000,706095064.000000,0.132706,-0.211369,0.000000,0.000000,0.000000,-0.848817,0.528687,0.064427,0.000000,0.000000,0.000000,0.000000,-0.466679,
1624992028.000000,739095064.000000,0.131766,-0.213249,0.000000,0.000000,0.000000,-0.852363,0.522951,0.063660,0.000000,0.000000,0.000000,0.000000,-0.408678,
1624992028.000000,772095064.000000,0.130813,-0.215092,0.000000,0.000000,0.000000,-0.855929,0.517093,0.062893,0.000000,0.000000,0.000000,0.000000,-0.415636,
1624992028.000000,805095064.000000,0.129811,-0.216967,0.000000,0.000000,0.000000,-0.859664,0.510859,0.064427,0.000000,0.000000,0.000000,0.000000,-0.440446,
1624992028.000000,838095064.000000,0.128805,-0.218783,0.000000,0.000000,0.000000,-0.863377,0.504560,0.062893,0.000000,0.000000,0.000000,0.000000,-0.443155,
1624992028.000000,871095064.000000,0.127749,-0.220628,0.000000,0.000000,0.000000,-0.866843,0.498581,0.064427,0.000000,0.000000,0.000000,0.000000,-0.418808,
1624992028.000000,904095064.000000,0.126654,-0.222480,0.000000,0.000000,0.000000,-0.870457,0.492244,0.065194,0.000000,0.000000,0.000000,0.000000,-0.442136,
1624992028.000000,939095064.000000,0.125490,-0.224379,0.000000,0.000000,0.000000,-0.874520,0.484989,0.063638,0.000000,0.000000,0.000000,0.000000,-0.475155,
1624992028.000000,973095064.000000,0.124352,-0.226175,0.000000,0.000000,0.000000,-0.877606,0.479383,0.062532,0.000000,0.000000,0.000000,0.000000,-0.376414,
1624992029.000000,6095064.000000,0.123163,-0.227998,0.000000,0.000000,0.000000,-0.881106,0.472920,0.065961,0.000000,0.000000,0.000000,0.000000,-0.445496,
1624992029.000000,39095064.000000,0.121974,-0.229761,0.000000,0.000000,0.000000,-0.884589,0.466371,0.064427,0.000000,0.000000,0.000000,0.000000,-0.449513,
1624992029.000000,72095064.000000,0.120790,-0.231465,0.000000,0.000000,0.000000,-0.887792,0.460245,0.062893,0.000000,0.000000,0.000000,0.000000,-0.418988,
1624992029.000000,105095064.000000,0.119523,-0.233235,0.000000,0.000000,0.000000,-0.891107,0.453793,0.065961,0.000000,0.000000,0.000000,0.000000,-0.439593,
1624992029.000000,138095064.000000,0.118305,-0.234884,0.000000,0.000000,0.000000,-0.894430,0.447208,0.062126,0.000000,0.000000,0.000000,0.000000,-0.447071,
1624992029.000000,172095064.000000,0.117048,-0.236536,0.000000,0.000000,0.000000,-0.897488,0.441038,0.061043,0.000000,0.000000,0.000000,0.000000,-0.405045,
1624992029.000000,205095064.000000,0.115721,-0.238229,0.000000,0.000000,0.000000,-0.900629,0.434589,0.065194,0.000000,0.000000,0.000000,0.000000,-0.434731,
1624992029.000000,238095064.000000,0.114418,-0.239845,0.000000,0.000000,0.000000,-0.903787,0.427982,0.062893,0.000000,0.000000,0.000000,0.000000,-0.443878,
1624992029.000000,272095064.000000,0.113042,-0.241498,0.000000,0.000000,0.000000,-0.907109,0.420896,0.063277,0.000000,0.000000,0.000000,0.000000,-0.460316,
1624992029.000000,306095064.000000,0.111625,-0.243151,0.000000,0.000000,0.000000,-0.909929,0.414765,0.064021,0.000000,0.000000,0.000000,0.000000,-0.396988,
1624992029.000000,339095064.000000,0.110218,-0.244745,0.000000,0.000000,0.000000,-0.913009,0.407940,0.064427,0.000000,0.000000,0.000000,0.000000,-0.453768,
1624992029.000000,372095064.000000,0.108840,-0.246263,0.000000,0.000000,0.000000,-0.915864,0.401489,0.062126,0.000000,0.000000,0.000000,0.000000,-0.427593,
1624992029.000000,405095064.000000,0.107336,-0.247871,0.000000,0.000000,0.000000,-0.918784,0.394760,0.066728,0.000000,0.000000,0.000000,0.000000,-0.444550,
1624992029.000000,438095064.000000,0.105861,-0.249402,0.000000,0.000000,0.000000,-0.921704,0.387894,0.064427,0.000000,0.000000,0.000000,0.000000,-0.452193,
1624992029.000000,472095064.000000,0.104382,-0.250894,0.000000,0.000000,0.000000,-0.924447,0.381311,0.061788,0.000000,0.000000,0.000000,0.000000,-0.419519,
1624992029.000000,505095064.000000,0.102845,-0.252400,0.000000,0.000000,0.000000,-0.927190,0.374591,0.065194,0.000000,0.000000,0.000000,0.000000,-0.439875,
1624992029.000000,538095064.000000,0.101268,-0.253900,0.000000,0.000000,0.000000,-0.929985,0.367597,0.065961,0.000000,0.000000,0.000000,0.000000,-0.456485,
1624992029.000000,571095064.000000,0.099724,-0.255325,0.000000,0.000000,0.000000,-0.932599,0.360914,0.063660,0.000000,0.000000,0.000000,0.000000,-0.434926,
1624992029.000000,604095064.000000,0.098085,-0.256796,0.000000,0.000000,0.000000,-0.935212,0.354089,0.066728,0.000000,0.000000,0.000000,0.000000,-0.442859,
1624992029.000000,637095064.000000,0.096463,-0.258208,0.000000,0.000000,0.000000,-0.937867,0.346996,0.065194,0.000000,0.000000,0.000000,0.000000,-0.459057,
1624992029.000000,671095064.000000,0.094858,-0.259564,0.000000,0.000000,0.000000,-0.940337,0.340244,0.061788,0.000000,0.000000,0.000000,0.000000,-0.422927,
1624992029.000000,705095064.000000,0.093116,-0.260992,0.000000,0.000000,0.000000,-0.942898,0.333083,0.066254,0.000000,0.000000,0.000000,0.000000,-0.447350,
1624992029.000000,738095064.000000,0.091412,-0.262347,0.000000,0.000000,0.000000,-0.945394,0.325929,0.065961,0.000000,0.000000,0.000000,0.000000,-0.459230,
1624992029.000000,771095064.000000,0.089748,-0.263629,0.000000,0.000000,0.000000,-0.947747,0.319023,0.063660,0.000000,0.000000,0.000000,0.000000,-0.442165,
1624992029.000000,804095064.000000,0.087984,-0.264948,0.000000,0.000000,0.000000,-0.950082,0.312001,0.066728,0.000000,0.000000,0.000000,0.000000,-0.448451,
1624992029.000000,837095064.000000,0.086222,-0.266225,0.000000,0.000000,0.000000,-0.952410,0.304821,0.065961,0.000000,0.000000,0.000000,0.000000,-0.457446,
1624992029.000000,871095064.000000,0.084503,-0.267432,0.000000,0.000000,0.000000,-0.954570,0.297987,0.061788,0.000000,0.000000,0.000000,0.000000,-0.421643,
1624992029.000000,904095064.000000,0.082745,-0.268629,0.000000,0.000000,0.000000,-0.956702,0.291069,0.064427,0.000000,0.000000,0.000000,0.000000,-0.438712,
1624992029.000000,937095064.000000,0.080950,-0.269814,0.000000,0.000000,0.000000,-0.958851,0.283910,0.065194,0.000000,0.000000,0.000000,0.000000,-0.452995,
1624992029.000000,970095064.000000,0.079201,-0.270932,0.000000,0.000000,0.000000,-0.960815,0.277191,0.062893,0.000000,0.000000,0.000000,0.000000,-0.424284,
1624992030.000000,3095064.000000,0.077372,-0.272065,0.000000,0.000000,0.000000,-0.962783,0.270275,0.065194,0.000000,0.000000,0.000000,0.000000,-0.435786,
1624992030.000000,36095064.000000,0.075570,-0.273145,0.000000,0.000000,0.000000,-0.964744,0.263191,0.063660,0.000000,0.000000,0.000000,0.000000,-0.445460,
1624992030.000000,69095064.000000,0.073753,-0.274199,0.000000,0.000000,0.000000,-0.966550,0.256480,0.063660,0.000000,0.000000,0.000000,0.000000,-0.421206,
1624992030.000000,103095064.000000,0.071921,-0.275228,0.000000,0.000000,0.000000,-0.968349,0.249600,0.061788,0.000000,0.000000,0.000000,0.000000,-0.418298,
1624992030.000000,136095064.000000,0.070052,-0.276242,0.000000,0.000000,0.000000,-0.970167,0.242439,0.064427,0.000000,0.000000,0.000000,0.000000,-0.447808,
1624992030.000000,169095064.000000,0.068192,-0.277217,0.000000,0.000000,0.000000,-0.971838,0.235651,0.063660,0.000000,0.000000,0.000000,0.000000,-0.423663,
1624992030.000000,202095064.000000,0.066272,-0.278189,0.000000,0.000000,0.000000,-0.973484,0.228756,0.065194,0.000000,0.000000,0.000000,0.000000,-0.429616,
1624992030.000000,235095064.000000,0.064362,-0.279122,0.000000,0.000000,0.000000,-0.975147,0.221559,0.064427,0.000000,0.000000,0.000000,0.000000,-0.447642,
1624992030.000000,269095064.000000,0.062460,-0.280015,0.000000,0.000000,0.000000,-0.976836,0.213988,0.061788,0.000000,0.000000,0.000000,0.000000,-0.456354,
1624992030.000000,303095064.000000,0.060500,-0.280901,0.000000,0.000000,0.000000,-0.978218,0.207579,0.063277,0.000000,0.000000,0.000000,0.000000,-0.385635,
1624992030.000000,336095064.000000,0.058528,-0.281760,0.000000,0.000000,0.000000,-0.979719,0.200377,0.065194,0.000000,0.000000,0.000000,0.000000,-0.445843,
1624992030.000000,369095064.000000,0.056637,-0.282552,0.000000,0.000000,0.000000,-0.981093,0.193536,0.062126,0.000000,0.000000,0.000000,0.000000,-0.422890,
1624992030.000000,402095064.000000,0.054688,-0.283336,0.000000,0.000000,0.000000,-0.982427,0.186646,0.063660,0.000000,0.000000,0.000000,0.000000,-0.425389,
1624992030.000000,435095064.000000,0.052704,-0.284101,0.000000,0.000000,0.000000,-0.983770,0.179432,0.064427,0.000000,0.000000,0.000000,0.000000,-0.444694,
1624992030.000000,468095064.000000,0.050710,-0.284838,0.000000,0.000000,0.000000,-0.985007,0.172514,0.064427,0.000000,0.000000,0.000000,0.000000,-0.425938,
1624992030.000000,501095064.000000,0.048729,-0.285538,0.000000,0.000000,0.000000,-0.986179,0.165682,0.063660,0.000000,0.000000,0.000000,0.000000,-0.420072,
1624992030.000000,535095064.000000,0.046714,-0.286218,0.000000,0.000000,0.000000,-0.987371,0.158425,0.062532,0.000000,0.000000,0.000000,0.000000,-0.432625,
1624992030.000000,568095064.000000,0.044714,-0.286861,0.000000,0.000000,0.000000,-0.988492,0.151274,0.063660,0.000000,0.000000,0.000000,0.000000,-0.438705,
1624992030.000000,602095064.000000,0.042584,-0.287510,0.000000,0.000000,0.000000,-0.989651,0.143498,0.065510,0.000000,0.000000,0.000000,0.000000,-0.462434,
1624992030.000000,635095064.000000,0.040493,-0.288114,0.000000,0.000000,0.000000,-0.990608,0.136730,0.065961,0.000000,0.000000,0.000000,0.000000,-0.414270,
1624992030.000000,669095064.000000,0.042519,-0.287560,0.000000,0.000000,0.000000,0.991562,-0.129634,0.061788,0.000000,0.000000,0.000000,0.000000,184.378387,
1624992030.000000,702095064.000000,0.040485,-0.288084,0.000000,0.000000,0.000000,0.992522,-0.122062,0.063660,0.000000,0.000000,0.000000,0.000000,-0.462568,
1624992030.000000,736095064.000000,0.038345,-0.288603,0.000000,0.000000,0.000000,0.993335,-0.115266,0.064766,0.000000,0.000000,0.000000,0.000000,-0.402654,
1624992030.000000,769095064.000000,0.036346,-0.289059,0.000000,0.000000,0.000000,0.994134,-0.108156,0.062126,0.000000,0.000000,0.000000,0.000000,-0.433575,
1624992030.000000,802095064.000000,0.034316,-0.289491,0.000000,0.000000,0.000000,0.994861,-0.101245,0.062893,0.000000,0.000000,0.000000,0.000000,-0.421163,
1624992030.000000,835095064.000000,0.032180,-0.289914,0.000000,0.000000,0.000000,0.995570,-0.094023,0.065961,0.000000,0.000000,0.000000,0.000000,-0.439810,
1624992030.000000,868095064.000000,0.030164,-0.290283,0.000000,0.000000,0.000000,0.996222,-0.086841,0.062126,0.000000,0.000000,0.000000,0.000000,-0.437050,
1624992030.000000,901095064.000000,0.028117,-0.290628,0.000000,0.000000,0.000000,0.996804,-0.079881,0.062893,0.000000,0.000000,0.000000,0.000000,-0.423301,
1624992030.000000,934095064.000000,0.026016,-0.290951,0.000000,0.000000,0.000000,0.997362,-0.072584,0.064427,0.000000,0.000000,0.000000,0.000000,-0.443567,
1624992030.000000,967095064.000000,0.023885,-0.291247,0.000000,0.000000,0.000000,0.997871,-0.065223,0.065194,0.000000,0.000000,0.000000,0.000000,-0.447150,
1624992031.000000,95064.000000,0.021800,-0.291506,0.000000,0.000000,0.000000,0.998305,-0.058202,0.063660,0.000000,0.000000,0.000000,0.000000,-0.426321,
1624992031.000000,43820966.000000,0.019661,-0.291740,0.000000,0.000000,0.000000,0.998704,-0.050894,0.063277,0.000000,0.000000,0.000000,0.000000,-0.430563,
1624992031.000000,76820966.000000,0.017519,-0.291941,0.000000,0.000000,0.000000,0.999083,-0.042823,0.065194,0.000000,0.000000,0.000000,0.000000,-0.489676,
1624992031.000000,109820966.000000,0.015425,-0.292107,0.000000,0.000000,0.000000,0.999341,-0.036288,0.063660,0.000000,0.000000,0.000000,0.000000,-0.396360,
1624992031.000000,143820966.000000,0.013253,-0.292249,0.000000,0.000000,0.000000,0.999582,-0.028914,0.064021,0.000000,0.000000,0.000000,0.000000,-0.434034,
1624992031.000000,176820966.000000,0.011104,-0.292358,0.000000,0.000000,0.000000,0.999771,-0.021422,0.065194,0.000000,0.000000,0.000000,0.000000,-0.454151,
1624992031.000000,209820966.000000,0.009005,-0.292433,0.000000,0.000000,0.000000,0.999897,-0.014322,0.063660,0.000000,0.000000,0.000000,0.000000,-0.430411,
1624992031.000000,242820966.000000,0.006778,-0.292480,0.000000,0.000000,0.000000,0.999976,-0.006929,0.067495,0.000000,0.000000,0.000000,0.000000,-0.448104,
1624992031.000000,276820966.000000,0.004652,-0.292493,0.000000,0.000000,0.000000,1.000000,0.000621,0.062532,0.000000,0.000000,0.000000,0.000000,-0.444083,
1624992031.000000,309820966.000000,0.002501,-0.292475,0.000000,0.000000,0.000000,0.999970,0.007775,0.065194,0.000000,0.000000,0.000000,0.000000,-0.433568,
1624992031.000000,342820966.000000,0.000299,-0.292425,0.000000,0.000000,0.000000,0.999884,0.015242,0.066728,0.000000,0.000000,0.000000,0.000000,-0.452583,
1624992031.000000,375820966.000000,-0.001825,-0.292344,0.000000,0.000000,0.000000,0.999740,0.022797,0.064427,0.000000,0.000000,0.000000,0.000000,-0.458002,
1624992031.000000,408820966.000000,-0.003923,-0.292233,0.000000,0.000000,0.000000,0.999551,0.029971,0.063660,0.000000,0.000000,0.000000,0.000000,-0.434919,
1624992031.000000,442820966.000000,-0.006171,-0.292081,0.000000,0.000000,0.000000,0.999300,0.037410,0.066254,0.000000,0.000000,0.000000,0.000000,-0.437828,
1624992031.000000,475820966.000000,-0.008264,-0.291909,0.000000,0.000000,0.000000,0.998994,0.044851,0.063660,0.000000,0.000000,0.000000,0.000000,-0.451362,
