1625014131.000000,243580041.000000,-0.073762,-1.169768,0.000000,0.000000,0.000000,0.000431,1.000000,0.000000,0.000000,0.000000,0.000000,0.000000,-0.000007,
1625014141.000000,726265945.000000,-0.073762,-1.169768,0.000000,0.000000,0.000000,0.000396,1.000000,0.000000,0.000000,0.000000,0.000000,0.000000,0.000029,
1625014141.000000,759265945.000000,-0.073762,-1.169768,0.000000,0.000000,0.000000,0.000396,1.000000,0.000000,0.000000,0.000000,0.000000,0.000000,-0.000007,
1625014141.000000,792265945.000000,-0.073762,-1.169768,0.000000,0.000000,0.000000,0.000396,1.000000,0.000000,0.000000,0.000000,0.000000,0.000000,0.000036,
1625014141.000000,826265945.000000,-0.073762,-1.169768,0.000000,0.000000,0.000000,0.000398,1.000000,0.000000,0.000000,0.000000,0.000000,0.000000,0.000077,
1625014141.000000,859265945.000000,-0.073762,-1.169768,0.000000,0.000000,0.000000,0.000398,1.000000,0.000000,0.000000,0.000000,0.000000,0.000000,-0.000007,
1625014141.000000,892265945.000000,-0.073762,-1.169768,0.000000,0.000000,0.000000,0.000398,1.000000,0.000000,0.000000,0.000000,0.000000,0.000000,0.000029,
1625014141.000000,925265945.000000,-0.073762,-1.169768,0.000000,0.000000,0.000000,0.000398,1.000000,0.000000,0.000000,0.000000,0.000000,0.000000,0.000014,
1625014141.000000,958265945.000000,-0.073762,-1.169768,0.000000,0.000000,0.000000,0.000398,1.000000,0.000000,0.000000,0.000000,0.000000,0.000000,-0.000029,
1625014141.000000,991265945.000000,-0.073762,-1.169768,0.000000,0.000000,0.000000,0.000397,1.000000,0.000000,0.000000,0.000000,0.000000,0.000000,-0.000036,
1625014142.000000,24265945.000000,-0.073762,-1.169768,0.000000,0.000000,0.000000,0.000398,1.000000,0.000000,0.000000,0.000000,0.000000,0.000000,0.000029,
1625014142.000000,57265945.000000,-0.073762,-1.169768,0.000000,0.000000,0.000000,0.000397,1.000000,0.000000,0.000000,0.000000,0.000000,0.000000,-0.000043,
1625014142.000000,90265945.000000,-0.073787,-1.169768,0.000000,0.000000,0.000000,0.000397,1.000000,-0.000767,0.000000,0.000000,0.000000,0.000000,0.000022,
1625014142.000000,123265945.000000,-0.073002,-1.169768,0.000000,0.000000,0.000000,-0.000261,1.000000,0.023777,0.000000,0.000000,0.000000,0.000000,-0.039874,
1625014142.000000,156265945.000000,-0.071357,-1.169777,0.000000,0.000000,0.000000,-0.005170,0.999987,0.049854,0.000000,0.000000,0.000000,0.000000,-0.297532,
1625014142.000000,189265945.000000,-0.069282,-1.169812,0.000000,0.000000,0.000000,-0.012079,0.999927,0.062893,0.000000,0.000000,0.000000,0.000000,-0.418779,
1625014142.000000,222265945.000000,-0.067182,-1.169878,0.000000,0.000000,0.000000,-0.019272,0.999814,0.063660,0.000000,0.000000,0.000000,0.000000,-0.435981,
1625014142.000000,255265945.000000,-0.065058,-1.169976,0.000000,0.000000,0.000000,-0.026660,0.999645,0.064427,0.000000,0.000000,0.000000,0.000000,-0.447851,
1625014142.000000,288265945.000000,-0.062962,-1.170103,0.000000,0.000000,0.000000,-0.033863,0.999426,0.063660,0.000000,0.000000,0.000000,0.000000,-0.436761,
1625014142.000000,321265945.000000,-0.060766,-1.170268,0.000000,0.000000,0.000000,-0.041328,0.999146,0.066728,0.000000,0.000000,0.000000,0.000000,-0.452721,
1625014142.000000,354265945.000000,-0.058648,-1.170460,0.000000,0.000000,0.000000,-0.048759,0.998811,0.064427,0.000000,0.000000,0.000000,0.000000,-0.450864,
1625014142.000000,387265945.000000,-0.056584,-1.170676,0.000000,0.000000,0.000000,-0.055852,0.998439,0.062893,0.000000,0.000000,0.000000,0.000000,-0.430454,
1625014142.000000,420265945.000000,-0.054448,-1.170932,0.000000,0.000000,0.000000,-0.063173,0.998003,0.065194,0.000000,0.000000,0.000000,0.000000,-0.444484,
1625014142.000000,456265945.000000,-0.052216,-1.171234,0.000000,0.000000,0.000000,-0.070984,0.997477,0.062574,0.000000,0.000000,0.000000,0.000000,-0.434948,
1625014142.000000,489265945.000000,-0.050138,-1.171546,0.000000,0.000000,0.000000,-0.077966,0.996956,0.063660,0.000000,0.000000,0.000000,0.000000,-0.424284,
1625014142.000000,523265945.000000,-0.047990,-1.171900,0.000000,0.000000,0.000000,-0.085487,0.996339,0.064021,0.000000,0.000000,0.000000,0.000000,-0.443893,
1625014142.000000,556265945.000000,-0.045898,-1.172276,0.000000,0.000000,0.000000,-0.092177,0.995743,0.064427,0.000000,0.000000,0.000000,0.000000,-0.407060,
1625014142.000000,589265945.000000,-0.043861,-1.172673,0.000000,0.000000,0.000000,-0.099585,0.995029,0.062893,0.000000,0.000000,0.000000,0.000000,-0.451081,
1625014142.000000,622265945.000000,-0.041755,-1.173114,0.000000,0.000000,0.000000,-0.106798,0.994281,0.065194,0.000000,0.000000,0.000000,0.000000,-0.439507,
1625014142.000000,655265945.000000,-0.039730,-1.173570,0.000000,0.000000,0.000000,-0.114015,0.993479,0.062893,0.000000,0.000000,0.000000,0.000000,-0.440056,
1625014142.000000,690265945.000000,-0.037613,-1.174077,0.000000,0.000000,0.000000,-0.120622,0.992698,0.062192,0.000000,0.000000,0.000000,0.000000,-0.380196,
1625014142.000000,723265945.000000,-0.035504,-1.174613,0.000000,0.000000,0.000000,-0.127745,0.991807,0.065961,0.000000,0.000000,0.000000,0.000000,-0.435034,
1625014142.000000,756265945.000000,-0.033500,-1.175154,0.000000,0.000000,0.000000,-0.134988,0.990847,0.062893,0.000000,0.000000,0.000000,0.000000,-0.442816,
1625014142.000000,789265945.000000,-0.031528,-1.175716,0.000000,0.000000,0.000000,-0.141836,0.989890,0.062126,0.000000,0.000000,0.000000,0.000000,-0.419053,
1625014142.000000,822265945.000000,-0.029468,-1.176335,0.000000,0.000000,0.000000,-0.148856,0.988859,0.065194,0.000000,0.000000,0.000000,0.000000,-0.430020,
1625014142.000000,855265945.000000,-0.027489,-1.176960,0.000000,0.000000,0.000000,-0.156042,0.987750,0.062893,0.000000,0.000000,0.000000,0.000000,-0.440691,
1625014142.000000,890265945.000000,-0.025423,-1.177646,0.000000,0.000000,0.000000,-0.163138,0.986603,0.062192,0.000000,0.000000,0.000000,0.000000,-0.410768,
1625014142.000000,922265945.000000,-0.023415,-1.178345,0.000000,0.000000,0.000000,-0.170136,0.985421,0.066441,0.000000,0.000000,0.000000,0.000000,-0.443563,
1625014142.000000,955265945.000000,-0.021441,-1.179065,0.000000,0.000000,0.000000,-0.177856,0.984057,0.063660,0.000000,0.000000,0.000000,0.000000,-0.475132,
1625014142.000000,988265945.000000,-0.019502,-1.179805,0.000000,0.000000,0.000000,-0.184643,0.982806,0.062893,0.000000,0.000000,0.000000,0.000000,-0.418280,
1625014143.000000,21265945.000000,-0.017527,-1.180591,0.000000,0.000000,0.000000,-0.191687,0.981456,0.064427,0.000000,0.000000,0.000000,0.000000,-0.434623,
1625014143.000000,54265945.000000,-0.015539,-1.181415,0.000000,0.000000,0.000000,-0.198916,0.980016,0.065194,0.000000,0.000000,0.000000,0.000000,-0.446775,
1625014143.000000,87265945.000000,-0.013611,-1.182247,0.000000,0.000000,0.000000,-0.205690,0.978617,0.063660,0.000000,0.000000,0.000000,0.000000,-0.419198,
1625014143.000000,120265945.000000,-0.011671,-1.183117,0.000000,0.000000,0.000000,-0.212723,0.977113,0.064427,0.000000,0.000000,0.000000,0.000000,-0.435873,
1625014143.000000,153265945.000000,-0.009766,-1.184003,0.000000,0.000000,0.000000,-0.219358,0.975644,0.063660,0.000000,0.000000,0.000000,0.000000,-0.411886,
1625014143.000000,186265945.000000,-0.007874,-1.184917,0.000000,0.000000,0.000000,-0.226611,0.973985,0.063660,0.000000,0.000000,0.000000,0.000000,-0.450878,
1625014143.000000,219265945.000000,-0.006018,-1.185845,0.000000,0.000000,0.000000,-0.233046,0.972466,0.062893,0.000000,0.000000,0.000000,0.000000,-0.400724,
1625014143.000000,252265945.000000,-0.004130,-1.186824,0.000000,0.000000,0.000000,-0.240716,0.970596,0.064427,0.000000,0.000000,0.000000,0.000000,-0.478470,
1625014143.000000,285265945.000000,-0.002301,-1.187804,0.000000,0.000000,0.000000,-0.246345,0.969182,0.062893,0.000000,0.000000,0.000000,0.000000,-0.351769,
1625014143.000000,318265945.000000,-0.000441,-1.188835,0.000000,0.000000,0.000000,-0.254249,0.967139,0.064427,0.000000,0.000000,0.000000,0.000000,-0.494798,
1625014143.000000,353265945.000000,0.001446,-1.189919,0.000000,0.000000,0.000000,-0.261087,0.965315,0.062192,0.000000,0.000000,0.000000,0.000000,-0.404378,
1625014143.000000,386265945.000000,0.003209,-1.190965,0.000000,0.000000,0.000000,-0.268260,0.963346,0.062126,0.000000,0.000000,0.000000,0.000000,-0.450835,
1625014143.000000,419265945.000000,0.005021,-1.192077,0.000000,0.000000,0.000000,-0.275146,0.961403,0.064427,0.000000,0.000000,0.000000,0.000000,-0.433604,
1625014143.000000,452265945.000000,0.006817,-1.193215,0.000000,0.000000,0.000000,-0.282295,0.959328,0.064427,0.000000,0.000000,0.000000,0.000000,-0.451182,
1625014143.000000,476674936.000000,0.008533,-1.194338,0.000000,0.000000,0.000000,-0.288999,0.957329,0.062126,0.000000,0.000000,0.000000,0.000000,-0.423944,
1625014143.000000,509674936.000000,0.010318,-1.195539,0.000000,0.000000,0.000000,-0.294822,0.955552,0.065194,0.000000,0.000000,0.000000,0.000000,-0.368964,
1625014143.000000,542674936.000000,0.012085,-1.196766,0.000000,0.000000,0.000000,-0.302531,0.953140,0.065194,0.000000,0.000000,0.000000,0.000000,-0.489596,
1625014143.000000,575674936.000000,0.013792,-1.197990,0.000000,0.000000,0.000000,-0.309786,0.950806,0.063660,0.000000,0.000000,0.000000,0.000000,-0.461889,
1625014143.000000,609674936.000000,0.015624,-1.199344,0.000000,0.000000,0.000000,-0.315971,0.948769,0.066999,0.000000,0.000000,0.000000,0.000000,-0.383033,
1625014143.000000,642674936.000000,0.017395,-1.200695,0.000000,0.000000,0.000000,-0.323996,0.946058,0.067495,0.000000,0.000000,0.000000,0.000000,-0.513387,
1625014143.000000,675674936.000000,0.019065,-1.202011,0.000000,0.000000,0.000000,-0.331398,0.943491,0.064427,0.000000,0.000000,0.000000,0.000000,-0.474771,
1625014143.000000,708674936.000000,0.020734,-1.203369,0.000000,0.000000,0.000000,-0.338350,0.941020,0.065194,0.000000,0.000000,0.000000,0.000000,-0.447179,
1625014143.000000,741674936.000000,0.022363,-1.204735,0.000000,0.000000,0.000000,-0.345504,0.938417,0.064427,0.000000,0.000000,0.000000,0.000000,-0.461419,
1625014143.000000,774674936.000000,0.023971,-1.206125,0.000000,0.000000,0.000000,-0.352227,0.935915,0.064427,0.000000,0.000000,0.000000,0.000000,-0.434738,
1625014143.000000,807674936.000000,0.025597,-1.207572,0.000000,0.000000,0.000000,-0.359071,0.933310,0.065961,0.000000,0.000000,0.000000,0.000000,-0.443798,
1625014143.000000,840674936.000000,0.027201,-1.209044,0.000000,0.000000,0.000000,-0.366179,0.930544,0.065961,0.000000,0.000000,0.000000,0.000000,-0.462250,
1625014143.000000,873674936.000000,0.028710,-1.210469,0.000000,0.000000,0.000000,-0.372898,0.927872,0.062893,0.000000,0.000000,0.000000,0.000000,-0.438228,
1625014143.000000,906674936.000000,0.030270,-1.211987,0.000000,0.000000,0.000000,-0.379716,0.925103,0.065961,0.000000,0.000000,0.000000,0.000000,-0.446002,
1625014143.000000,939674936.000000,0.031808,-1.213528,0.000000,0.000000,0.000000,-0.386714,0.922200,0.065961,0.000000,0.000000,0.000000,0.000000,-0.459180,
1625014143.000000,972674936.000000,0.033269,-1.215037,0.000000,0.000000,0.000000,-0.393416,0.919361,0.063660,0.000000,0.000000,0.000000,0.000000,-0.441132,
1625014144.000000,5674936.000000,0.034726,-1.216585,0.000000,0.000000,0.000000,-0.400074,0.916483,0.064427,0.000000,0.000000,0.000000,0.000000,-0.439593,
1625014144.000000,38674936.000000,0.036177,-1.218174,0.000000,0.000000,0.000000,-0.406942,0.913454,0.065194,0.000000,0.000000,0.000000,0.000000,-0.454960,
1625014144.000000,71674936.000000,0.037537,-1.219708,0.000000,0.000000,0.000000,-0.413420,0.910540,0.062126,0.000000,0.000000,0.000000,0.000000,-0.430461,
1625014144.000000,104674936.000000,0.038925,-1.221318,0.000000,0.000000,0.000000,-0.419835,0.907601,0.064427,0.000000,0.000000,0.000000,0.000000,-0.427643,
1625014144.000000,137674936.000000,0.040274,-1.222928,0.000000,0.000000,0.000000,-0.426010,0.904718,0.063660,0.000000,0.000000,0.000000,0.000000,-0.413035,
1625014144.000000,170674936.000000,0.041600,-1.224558,0.000000,0.000000,0.000000,-0.432962,0.901412,0.063660,0.000000,0.000000,0.000000,0.000000,-0.466578,
1625014144.000000,203674936.000000,0.042886,-1.226187,0.000000,0.000000,0.000000,-0.439270,0.898355,0.062893,0.000000,0.000000,0.000000,0.000000,-0.424811,
1625014144.000000,236674936.000000,0.044195,-1.227895,0.000000,0.000000,0.000000,-0.445881,0.895092,0.065194,0.000000,0.000000,0.000000,0.000000,-0.446775,
1625014144.000000,269674936.000000,0.045433,-1.229560,0.000000,0.000000,0.000000,-0.452327,0.891852,0.062893,0.000000,0.000000,0.000000,0.000000,-0.437245,
1625014144.000000,302674936.000000,0.046662,-1.231264,0.000000,0.000000,0.000000,-0.458558,0.888664,0.063660,0.000000,0.000000,0.000000,0.000000,-0.424241,
1625014144.000000,335674936.000000,0.047896,-1.233027,0.000000,0.000000,0.000000,-0.465029,0.885295,0.065194,0.000000,0.000000,0.000000,0.000000,-0.442144,
1625014144.000000,368674936.000000,0.049047,-1.234723,0.000000,0.000000,0.000000,-0.471432,0.881902,0.062126,0.000000,0.000000,0.000000,0.000000,-0.439167,
1625014144.000000,401674936.000000,0.050174,-1.236436,0.000000,0.000000,0.000000,-0.477553,0.878603,0.062126,0.000000,0.000000,0.000000,0.000000,-0.421459,
1625014144.000000,434674936.000000,0.051345,-1.238271,0.000000,0.000000,0.000000,-0.483857,0.875147,0.065961,0.000000,0.000000,0.000000,0.000000,-0.435663,
1625014144.000000,466674936.000000,0.052410,-1.239993,0.000000,0.000000,0.000000,-0.489596,0.871949,0.063277,0.000000,0.000000,0.000000,0.000000,-0.410639,
1625014144.000000,500674936.000000,0.053492,-1.241794,0.000000,0.000000,0.000000,-0.495616,0.868542,0.061788,0.000000,0.000000,0.000000,0.000000,-0.406921,
1625014144.000000,533674936.000000,0.054560,-1.243632,0.000000,0.000000,0.000000,-0.501813,0.864976,0.064427,0.000000,0.000000,0.000000,0.000000,-0.433261,
1625014144.000000,566674936.000000,0.055589,-1.245464,0.000000,0.000000,0.000000,-0.508530,0.861044,0.063660,0.000000,0.000000,0.000000,0.000000,-0.471765,
1625014144.000000,599674936.000000,0.056567,-1.247265,0.000000,0.000000,0.000000,-0.514003,0.857789,0.062126,0.000000,0.000000,0.000000,0.000000,-0.385888,
1625014144.000000,632674936.000000,0.057568,-1.249170,0.000000,0.000000,0.000000,-0.520139,0.854082,0.065194,0.000000,0.000000,0.000000,0.000000,-0.434496,
1625014144.000000,665674936.000000,0.058518,-1.251043,0.000000,0.000000,0.000000,-0.526378,0.850251,0.063660,0.000000,0.000000,0.000000,0.000000,-0.443690,
1625014144.000000,698674936.000000,0.059452,-1.252953,0.000000,0.000000,0.000000,-0.532637,0.846344,0.064427,0.000000,0.000000,0.000000,0.000000,-0.447176,
1625014144.000000,730674936.000000,0.060338,-1.254830,0.000000,0.000000,0.000000,-0.538155,0.842846,0.064859,0.000000,0.000000,0.000000,0.000000,-0.408359,
1625014144.000000,764674936.000000,0.061229,-1.256788,0.000000,0.000000,0.000000,-0.544340,0.838865,0.063277,0.000000,0.000000,0.000000,0.000000,-0.432688,
1625014144.000000,797674936.000000,0.062071,-1.258713,0.000000,0.000000,0.000000,-0.550072,0.835117,0.063660,0.000000,0.000000,0.000000,0.000000,-0.415022,
1625014144.000000,830674936.000000,0.062897,-1.260672,0.000000,0.000000,0.000000,-0.556040,0.831156,0.064427,0.000000,0.000000,0.000000,0.000000,-0.434117,
1625014144.000000,863674936.000000,0.063675,-1.262596,0.000000,0.000000,0.000000,-0.562155,0.827032,0.062893,0.000000,0.000000,0.000000,0.000000,-0.447020,
1625014144.000000,896674936.000000,0.064425,-1.264531,0.000000,0.000000,0.000000,-0.567769,0.823188,0.062893,0.000000,0.000000,0.000000,0.000000,-0.412392,
1625014144.000000,929674936.000000,0.065165,-1.266524,0.000000,0.000000,0.000000,-0.574031,0.818833,0.064427,0.000000,0.000000,0.000000,0.000000,-0.462239,
1625014144.000000,963674936.000000,0.065884,-1.268552,0.000000,0.000000,0.000000,-0.579923,0.814671,0.063277,0.000000,0.000000,0.000000,0.000000,-0.424354,
1625014144.000000,997674936.000000,0.066565,-1.270566,0.000000,0.000000,0.000000,-0.585957,0.810342,0.062532,0.000000,0.000000,0.000000,0.000000,-0.436821,
1625014145.000000,30674936.000000,0.067226,-1.272614,0.000000,0.000000,0.000000,-0.591411,0.806370,0.065194,0.000000,0.000000,0.000000,0.000000,-0.408956,
1625014145.000000,63674936.000000,0.067849,-1.274646,0.000000,0.000000,0.000000,-0.597374,0.801962,0.064427,0.000000,0.000000,0.000000,0.000000,-0.449401,
1625014145.000000,96674936.000000,0.068409,-1.276566,0.000000,0.000000,0.000000,-0.602952,0.797777,0.060592,0.000000,0.000000,0.000000,0.000000,-0.422611,
1625014145.000000,129674936.000000,0.068994,-1.278689,0.000000,0.000000,0.000000,-0.608697,0.793403,0.066728,0.000000,0.000000,0.000000,0.000000,-0.437606,
1625014145.000000,162674936.000000,0.069536,-1.280771,0.000000,0.000000,0.000000,-0.614641,0.788807,0.065194,0.000000,0.000000,0.000000,0.000000,-0.455387,
1625014145.000000,195674936.000000,0.070023,-1.282762,0.000000,0.000000,0.000000,-0.620153,0.784481,0.062126,0.000000,0.000000,0.000000,0.000000,-0.424656,
1625014145.000000,228674936.000000,0.070497,-1.284835,0.000000,0.000000,0.000000,-0.626266,0.779609,0.064427,0.000000,0.000000,0.000000,0.000000,-0.473759,
1625014145.000000,261674936.000000,0.070957,-1.286988,0.000000,0.000000,0.000000,-0.631734,0.775185,0.066728,0.000000,0.000000,0.000000,0.000000,-0.426285,
1625014145.000000,294674936.000000,0.071366,-1.289049,0.000000,0.000000,0.000000,-0.637274,0.770637,0.063660,0.000000,0.000000,0.000000,0.000000,-0.434406,
1625014145.000000,327674936.000000,0.071755,-1.291165,0.000000,0.000000,0.000000,-0.642910,0.765942,0.065194,0.000000,0.000000,0.000000,0.000000,-0.444557,
1625014145.000000,360674936.000000,0.072116,-1.293311,0.000000,0.000000,0.000000,-0.648678,0.761063,0.065961,0.000000,0.000000,0.000000,0.000000,-0.457912,
1625014145.000000,393674936.000000,0.072433,-1.295388,0.000000,0.000000,0.000000,-0.654322,0.756216,0.063660,0.000000,0.000000,0.000000,0.000000,-0.450857,
1625014145.000000,429674936.000000,0.072752,-1.297720,0.000000,0.000000,0.000000,-0.660688,0.750661,0.065386,0.000000,0.000000,0.000000,0.000000,-0.469370,
1625014145.000000,462674936.000000,0.073012,-1.299881,0.000000,0.000000,0.000000,-0.666382,0.745610,0.065961,0.000000,0.000000,0.000000,0.000000,-0.461325,
1625014145.000000,495674936.000000,0.073229,-1.301945,0.000000,0.000000,0.000000,-0.671705,0.740819,0.062893,0.000000,0.000000,0.000000,0.000000,-0.434001,
1625014145.000000,528674936.000000,0.073426,-1.304113,0.000000,0.000000,0.000000,-0.677116,0.735876,0.065961,0.000000,0.000000,0.000000,0.000000,-0.444192,
1625014145.000000,561674936.000000,0.073588,-1.306259,0.000000,0.000000,0.000000,-0.682627,0.730767,0.065194,0.000000,0.000000,0.000000,0.000000,-0.455441,
1625014145.000000,596674936.000000,0.073727,-1.308507,0.000000,0.000000,0.000000,-0.687409,0.726270,0.064361,0.000000,0.000000,0.000000,0.000000,-0.375121,
1625014145.000000,629674936.000000,0.073826,-1.310631,0.000000,0.000000,0.000000,-0.693462,0.720493,0.064427,0.000000,0.000000,0.000000,0.000000,-0.507077,
1625014145.000000,662674936.000000,0.073891,-1.312756,0.000000,0.000000,0.000000,-0.698862,0.715256,0.064427,0.000000,0.000000,0.000000,0.000000,-0.455947,
1625014145.000000,695674936.000000,0.073926,-1.314856,0.000000,0.000000,0.000000,-0.703464,0.710731,0.063660,0.000000,0.000000,0.000000,0.000000,-0.391169,
1625014145.000000,728674936.000000,0.073932,-1.316983,0.000000,0.000000,0.000000,-0.708881,0.705328,0.064427,0.000000,0.000000,0.000000,0.000000,-0.463641,
1625014145.000000,761674936.000000,0.073907,-1.319108,0.000000,0.000000,0.000000,-0.713738,0.700413,0.064427,0.000000,0.000000,0.000000,0.000000,-0.418779,
1625014145.000000,797674936.000000,0.073847,-1.321335,0.000000,0.000000,0.000000,-0.719326,0.694673,0.061871,0.000000,0.000000,0.000000,0.000000,-0.445081,
1625014145.000000,830674936.000000,0.073757,-1.323459,0.000000,0.000000,0.000000,-0.724275,0.689511,0.064427,0.000000,0.000000,0.000000,0.000000,-0.433376,
1625014145.000000,863674936.000000,0.073641,-1.325557,0.000000,0.000000,0.000000,-0.728587,0.684954,0.063660,0.000000,0.000000,0.000000,0.000000,-0.380238,
1625014145.000000,896674936.000000,0.073495,-1.327653,0.000000,0.000000,0.000000,-0.733764,0.679405,0.063660,0.000000,0.000000,0.000000,0.000000,-0.459946,
1625014145.000000,929674936.000000,0.073319,-1.329746,0.000000,0.000000,0.000000,-0.738541,0.674209,0.063660,0.000000,0.000000,0.000000,0.000000,-0.427748,
1625014145.000000,962674936.000000,0.073113,-1.331837,0.000000,0.000000,0.000000,-0.743440,0.668802,0.063660,0.000000,0.000000,0.000000,0.000000,-0.442227,
1625014146.000000,4574884.000000,0.072880,-1.333899,0.000000,0.000000,0.000000,-0.748138,0.663544,0.062893,0.000000,0.000000,0.000000,0.000000,-0.427333,
1625014146.000000,38574884.000000,0.072604,-1.336058,0.000000,0.000000,0.000000,-0.752909,0.658124,0.064021,0.000000,0.000000,0.000000,0.000000,-0.424739,
1625014146.000000,71574884.000000,0.072305,-1.338163,0.000000,0.000000,0.000000,-0.757686,0.652620,0.064427,0.000000,0.000000,0.000000,0.000000,-0.441707,
1625014146.000000,104574884.000000,0.071983,-1.340214,0.000000,0.000000,0.000000,-0.762277,0.647251,0.062893,0.000000,0.000000,0.000000,0.000000,-0.428135,
1625014146.000000,137574884.000000,0.071627,-1.342284,0.000000,0.000000,0.000000,-0.766808,0.641877,0.063660,0.000000,0.000000,0.000000,0.000000,-0.426021,
1625014146.000000,170574884.000000,0.071237,-1.344374,0.000000,0.000000,0.000000,-0.771790,0.635877,0.064427,0.000000,0.000000,0.000000,0.000000,-0.472629,
1625014146.000000,205574884.000000,0.070799,-1.346532,0.000000,0.000000,0.000000,-0.776553,0.630052,0.062915,0.000000,0.000000,0.000000,0.000000,-0.429961,
1625014146.000000,238574884.000000,0.070347,-1.348610,0.000000,0.000000,0.000000,-0.780980,0.624556,0.064427,0.000000,0.000000,0.000000,0.000000,-0.427727,
1625014146.000000,271574884.000000,0.069864,-1.350680,0.000000,0.000000,0.000000,-0.785549,0.618800,0.064427,0.000000,0.000000,0.000000,0.000000,-0.445388,
1625014146.000000,304574884.000000,0.069358,-1.352719,0.000000,0.000000,0.000000,-0.789864,0.613282,0.063660,0.000000,0.000000,0.000000,0.000000,-0.424584,
1625014146.000000,337574884.000000,0.068823,-1.354751,0.000000,0.000000,0.000000,-0.794162,0.607706,0.063660,0.000000,0.000000,0.000000,0.000000,-0.426668,
1625014146.000000,370574884.000000,0.068252,-1.356799,0.000000,0.000000,0.000000,-0.798601,0.601861,0.064427,0.000000,0.000000,0.000000,0.000000,-0.444781,
1625014146.000000,403574884.000000,0.067653,-1.358838,0.000000,0.000000,0.000000,-0.802567,0.596562,0.064427,0.000000,0.000000,0.000000,0.000000,-0.401150,
1625014146.000000,436574884.000000,0.067033,-1.360846,0.000000,0.000000,0.000000,-0.806755,0.590886,0.063660,0.000000,0.000000,0.000000,0.000000,-0.427503,
1625014146.000000,469574884.000000,0.066368,-1.362892,0.000000,0.000000,0.000000,-0.811387,0.584509,0.065194,0.000000,0.000000,0.000000,0.000000,-0.477715,
1625014146.000000,502574884.000000,0.065707,-1.364833,0.000000,0.000000,0.000000,-0.814892,0.579613,0.062126,0.000000,0.000000,0.000000,0.000000,-0.364867,
1625014146.000000,535574884.000000,0.065002,-1.366811,0.000000,0.000000,0.000000,-0.819498,0.573082,0.063660,0.000000,0.000000,0.000000,0.000000,-0.484423,
1625014146.000000,570574884.000000,0.064221,-1.368898,0.000000,0.000000,0.000000,-0.823861,0.566792,0.063638,0.000000,0.000000,0.000000,0.000000,-0.437382,
1625014146.000000,603574884.000000,0.063476,-1.370807,0.000000,0.000000,0.000000,-0.827573,0.561358,0.062126,0.000000,0.000000,0.000000,0.000000,-0.398874,
1625014146.000000,636574884.000000,0.062685,-1.372754,0.000000,0.000000,0.000000,-0.831736,0.555172,0.063660,0.000000,0.000000,0.000000,0.000000,-0.451875,
1625014146.000000,669574884.000000,0.061856,-1.374711,0.000000,0.000000,0.000000,-0.835477,0.549525,0.064427,0.000000,0.000000,0.000000,0.000000,-0.410539,
1625014146.000000,702574884.000000,0.061009,-1.376634,0.000000,0.000000,0.000000,-0.839752,0.542971,0.063660,0.000000,0.000000,0.000000,0.000000,-0.474236,
1625014146.000000,735574884.000000,0.060133,-1.378543,0.000000,0.000000,0.000000,-0.843531,0.537080,0.063660,0.000000,0.000000,0.000000,0.000000,-0.424204,
1625014146.000000,768574884.000000,0.059210,-1.380487,0.000000,0.000000,0.000000,-0.847197,0.531279,0.065194,0.000000,0.000000,0.000000,0.000000,-0.415910,
1625014146.000000,800574884.000000,0.058292,-1.382348,0.000000,0.000000,0.000000,-0.850989,0.525183,0.064859,0.000000,0.000000,0.000000,0.000000,-0.448670,
1625014146.000000,833574884.000000,0.057348,-1.384197,0.000000,0.000000,0.000000,-0.854933,0.518739,0.062893,0.000000,0.000000,0.000000,0.000000,-0.457874,
1625014146.000000,866574884.000000,0.056341,-1.386098,0.000000,0.000000,0.000000,-0.858458,0.512884,0.065194,0.000000,0.000000,0.000000,0.000000,-0.414214,
1625014146.000000,899574884.000000,0.055308,-1.387985,0.000000,0.000000,0.000000,-0.862247,0.506488,0.065194,0.000000,0.000000,0.000000,0.000000,-0.450559,
1625014146.000000,932574884.000000,0.054272,-1.389812,0.000000,0.000000,0.000000,-0.865819,0.500358,0.063660,0.000000,0.000000,0.000000,0.000000,-0.429966,
1625014146.000000,965574884.000000,0.053145,-1.391734,0.000000,0.000000,0.000000,-0.869505,0.493924,0.067495,0.000000,0.000000,0.000000,0.000000,-0.449439,
1625014146.000000,998574884.000000,0.052056,-1.393530,0.000000,0.000000,0.000000,-0.873181,0.487397,0.063660,0.000000,0.000000,0.000000,0.000000,-0.453985,
1625014147.000000,31574884.000000,0.050941,-1.395310,0.000000,0.000000,0.000000,-0.876639,0.481149,0.063660,0.000000,0.000000,0.000000,0.000000,-0.432795,
1625014147.000000,64574884.000000,0.049744,-1.397159,0.000000,0.000000,0.000000,-0.880200,0.474603,0.066728,0.000000,0.000000,0.000000,0.000000,-0.451610,
1625014147.000000,97574884.000000,0.048549,-1.398948,0.000000,0.000000,0.000000,-0.883749,0.467962,0.065194,0.000000,0.000000,0.000000,0.000000,-0.456362,
1625014147.000000,130574884.000000,0.047356,-1.400677,0.000000,0.000000,0.000000,-0.887090,0.461597,0.063660,0.000000,0.000000,0.000000,0.000000,-0.435636,
1625014147.000000,163574884.000000,0.046079,-1.402471,0.000000,0.000000,0.000000,-0.890481,0.455020,0.066728,0.000000,0.000000,0.000000,0.000000,-0.448509,
1625014147.000000,196574884.000000,0.044820,-1.404184,0.000000,0.000000,0.000000,-0.893884,0.448298,0.064427,0.000000,0.000000,0.000000,0.000000,-0.456599,
1625014147.000000,229574884.000000,0.043552,-1.405859,0.000000,0.000000,0.000000,-0.897013,0.442004,0.063660,0.000000,0.000000,0.000000,0.000000,-0.425994,
1625014147.000000,262574884.000000,0.042243,-1.407535,0.000000,0.000000,0.000000,-0.900485,0.434888,0.064427,0.000000,0.000000,0.000000,0.000000,-0.479886,
1625014147.000000,295574884.000000,0.040894,-1.409210,0.000000,0.000000,0.000000,-0.903460,0.428672,0.065194,0.000000,0.000000,0.000000,0.000000,-0.417659,
1625014147.000000,328574884.000000,0.039602,-1.410769,0.000000,0.000000,0.000000,-0.906645,0.421894,0.061359,0.000000,0.000000,0.000000,0.000000,-0.453868,
1625014147.000000,361574884.000000,0.038205,-1.412406,0.000000,0.000000,0.000000,-0.909440,0.415834,0.065194,0.000000,0.000000,0.000000,0.000000,-0.404461,
1625014147.000000,394574884.000000,0.036802,-1.414003,0.000000,0.000000,0.000000,-0.912485,0.409111,0.064427,0.000000,0.000000,0.000000,0.000000,-0.447286,
1625014147.000000,427574884.000000,0.035394,-1.415562,0.000000,0.000000,0.000000,-0.915304,0.402763,0.063660,0.000000,0.000000,0.000000,0.000000,-0.420970,
1625014147.000000,460574884.000000,0.033964,-1.417101,0.000000,0.000000,0.000000,-0.918179,0.396166,0.063660,0.000000,0.000000,0.000000,0.000000,-0.436154,
1625014147.000000,493574884.000000,0.032511,-1.418619,0.000000,0.000000,0.000000,-0.921044,0.389457,0.063660,0.000000,0.000000,0.000000,0.000000,-0.442098,
1625014147.000000,526574884.000000,0.031055,-1.420098,0.000000,0.000000,0.000000,-0.923731,0.383041,0.062893,0.000000,0.000000,0.000000,0.000000,-0.421609,
1625014147.000000,559574884.000000,0.029524,-1.421609,0.000000,0.000000,0.000000,-0.926446,0.376427,0.065194,0.000000,0.000000,0.000000,0.000000,-0.433310,
1625014147.000000,593574884.000000,0.028025,-1.423045,0.000000,0.000000,0.000000,-0.929371,0.369147,0.061043,0.000000,0.000000,0.000000,0.000000,-0.461515,
1625014147.000000,627574884.000000,0.026450,-1.424511,0.000000,0.000000,0.000000,-0.931859,0.362821,0.063277,0.000000,0.000000,0.000000,0.000000,-0.399865,
1625014147.000000,660574884.000000,0.024836,-1.425971,0.000000,0.000000,0.000000,-0.934445,0.356108,0.065961,0.000000,0.000000,0.000000,0.000000,-0.435992,
1625014147.000000,694574884.000000,0.023258,-1.427358,0.000000,0.000000,0.000000,-0.937028,0.349255,0.061788,0.000000,0.000000,0.000000,0.000000,-0.430745,
1625014147.000000,727574884.000000,0.021679,-1.428705,0.000000,0.000000,0.000000,-0.939435,0.342727,0.062893,0.000000,0.000000,0.000000,0.000000,-0.421737,
1625014147.000000,759574884.000000,0.020044,-1.430063,0.000000,0.000000,0.000000,-0.941659,0.336567,0.066441,0.000000,0.000000,0.000000,0.000000,-0.409298,
1625014147.000000,793574884.000000,0.018428,-1.431366,0.000000,0.000000,0.000000,-0.944268,0.329179,0.061043,0.000000,0.000000,0.000000,0.000000,-0.460886,
1625014147.000000,826574884.000000,0.016774,-1.432661,0.000000,0.000000,0.000000,-0.946537,0.322594,0.063660,0.000000,0.000000,0.000000,0.000000,-0.422127,
1625014147.000000,859574884.000000,0.015081,-1.433947,0.000000,0.000000,0.000000,-0.948798,0.315884,0.064427,0.000000,0.000000,0.000000,0.000000,-0.429121,
1625014147.000000,892574884.000000,0.013349,-1.435224,0.000000,0.000000,0.000000,-0.951136,0.308772,0.065194,0.000000,0.000000,0.000000,0.000000,-0.453745,
1625014147.000000,925574884.000000,0.011599,-1.436475,0.000000,0.000000,0.000000,-0.953294,0.302044,0.065194,0.000000,0.000000,0.000000,0.000000,-0.428225,
1625014147.000000,959574884.000000,0.009853,-1.437687,0.000000,0.000000,0.000000,-0.955410,0.295281,0.062532,0.000000,0.000000,0.000000,0.000000,-0.416842,
1625014147.000000,992574884.000000,0.008088,-1.438874,0.000000,0.000000,0.000000,-0.957556,0.288247,0.064427,0.000000,0.000000,0.000000,0.000000,-0.445652,
1625014148.000000,25574884.000000,0.006349,-1.440007,0.000000,0.000000,0.000000,-0.959696,0.281039,0.062893,0.000000,0.000000,0.000000,0.000000,-0.455743,
1625014148.000000,58574884.000000,0.004594,-1.441114,0.000000,0.000000,0.000000,-0.961655,0.274263,0.062893,0.000000,0.000000,0.000000,0.000000,-0.427460,
1625014148.000000,91574884.000000,0.002758,-1.442235,0.000000,0.000000,0.000000,-0.963653,0.267158,0.065194,0.000000,0.000000,0.000000,0.000000,-0.447284,
1625014148.000000,124574884.000000,0.000972,-1.443293,0.000000,0.000000,0.000000,-0.965223,0.261429,0.062893,0.000000,0.000000,0.000000,0.000000,-0.360014,
1625014148.000000,157574884.000000,-0.000827,-1.444327,0.000000,0.000000,0.000000,-0.967142,0.254236,0.062893,0.000000,0.000000,0.000000,0.000000,-0.451225,
1625014148.000000,190574884.000000,-0.002708,-1.445372,0.000000,0.000000,0.000000,-0.968974,0.247165,0.065194,0.000000,0.000000,0.000000,0.000000,-0.442710,
1625014148.000000,223574884.000000,-0.004516,-1.446340,0.000000,0.000000,0.000000,-0.970857,0.239661,0.062126,0.000000,0.000000,0.000000,0.000000,-0.468885,
1625014148.000000,256574884.000000,-0.006404,-1.447316,0.000000,0.000000,0.000000,-0.972521,0.232815,0.064427,0.000000,0.000000,0.000000,0.000000,-0.426972,
1625014148.000000,289574884.000000,-0.008306,-1.448266,0.000000,0.000000,0.000000,-0.974081,0.226201,0.064427,0.000000,0.000000,0.000000,0.000000,-0.411861,
1625014148.000000,322574884.000000,-0.010177,-1.449166,0.000000,0.000000,0.000000,-0.975811,0.218616,0.062893,0.000000,0.000000,0.000000,0.000000,-0.471514,
1625014148.000000,355574884.000000,-0.012106,-1.450059,0.000000,0.000000,0.000000,-0.977320,0.211768,0.064427,0.000000,0.000000,0.000000,0.000000,-0.424983,
1625014148.000000,389574884.000000,-0.014117,-1.450956,0.000000,0.000000,0.000000,-0.978897,0.204355,0.064766,0.000000,0.000000,0.000000,0.000000,-0.445788,
1625014148.000000,422574884.000000,-0.016048,-1.451784,0.000000,0.000000,0.000000,-0.980141,0.198303,0.063660,0.000000,0.000000,0.000000,0.000000,-0.374504,
1625014148.000000,455574884.000000,-0.017990,-1.452585,0.000000,0.000000,0.000000,-0.981712,0.190372,0.063660,0.000000,0.000000,0.000000,0.000000,-0.489970,
1625014148.000000,478616949.000000,-0.020015,-1.453384,0.000000,0.000000,0.000000,-0.983098,0.183080,0.065961,0.000000,0.000000,0.000000,0.000000,-0.449841,
1625014148.000000,511616949.000000,-0.022004,-1.454134,0.000000,0.000000,0.000000,-0.984416,0.175853,0.064427,0.000000,0.000000,0.000000,0.000000,-0.445258,
1625014148.000000,544616949.000000,-0.024003,-1.454858,0.000000,0.000000,0.000000,-0.985541,0.169436,0.064427,0.000000,0.000000,0.000000,0.000000,-0.394824,
1625014148.000000,577616949.000000,-0.026061,-1.455568,0.000000,0.000000,0.000000,-0.986866,0.161542,0.065961,0.000000,0.000000,0.000000,0.000000,-0.485106,
1625014148.000000,610616949.000000,-0.028081,-1.456231,0.000000,0.000000,0.000000,-0.988038,0.154210,0.064427,0.000000,0.000000,0.000000,0.000000,-0.450057,
1625014148.000000,643616949.000000,-0.030110,-1.456866,0.000000,0.000000,0.000000,-0.989030,0.147713,0.064427,0.000000,0.000000,0.000000,0.000000,-0.398309,
1625014148.000000,676616949.000000,-0.032197,-1.457485,0.000000,0.000000,0.000000,-0.990190,0.139728,0.065961,0.000000,0.000000,0.000000,0.000000,-0.489025,
1625014148.000000,709616949.000000,-0.034244,-1.458058,0.000000,0.000000,0.000000,-0.991212,0.132287,0.064427,0.000000,0.000000,0.000000,0.000000,-0.455204,
1625014148.000000,742616949.000000,-0.036300,-1.458602,0.000000,0.000000,0.000000,-0.992067,0.125714,0.064427,0.000000,0.000000,0.000000,0.000000,-0.401687,
1625014148.000000,776616949.000000,-0.038436,-1.459134,0.000000,0.000000,0.000000,-0.993054,0.117658,0.064766,0.000000,0.000000,0.000000,0.000000,-0.477421,
1625014148.000000,809616949.000000,-0.040531,-1.459623,0.000000,0.000000,0.000000,-0.993786,0.111305,0.065194,0.000000,0.000000,0.000000,0.000000,-0.387574,
1625014148.000000,842616949.000000,-0.042559,-1.460065,0.000000,0.000000,0.000000,-0.994658,0.103223,0.062893,0.000000,0.000000,0.000000,0.000000,-0.492692,
1625014148.000000,875616949.000000,-0.044693,-1.460497,0.000000,0.000000,0.000000,-0.995392,0.095893,0.065961,0.000000,0.000000,0.000000,0.000000,-0.446466,
1625014148.000000,908616949.000000,-0.046782,-1.460890,0.000000,0.000000,0.000000,-0.995972,0.089670,0.064427,0.000000,0.000000,0.000000,0.000000,-0.378783,
1625014148.000000,941616949.000000,-0.048802,-1.461241,0.000000,0.000000,0.000000,-0.996613,0.082240,0.062126,0.000000,0.000000,0.000000,0.000000,-0.451973,
1625014148.000000,974616949.000000,-0.050902,-1.461573,0.000000,0.000000,0.000000,-0.997224,0.074458,0.064427,0.000000,0.000000,0.000000,0.000000,-0.473120,
1625014149.000000,7616949.000000,-0.052956,-1.461867,0.000000,0.000000,0.000000,-0.997701,0.067774,0.062893,0.000000,0.000000,0.000000,0.000000,-0.406095,
1625014149.000000,40616949.000000,-0.055065,-1.462139,0.000000,0.000000,0.000000,-0.998180,0.060304,0.064427,0.000000,0.000000,0.000000,0.000000,-0.453678,
1625014149.000000,73616949.000000,-0.057178,-1.462380,0.000000,0.000000,0.000000,-0.998588,0.053119,0.064427,0.000000,0.000000,0.000000,0.000000,-0.436164,
1625014149.000000,106616949.000000,-0.059268,-1.462589,0.000000,0.000000,0.000000,-0.998926,0.046334,0.063660,0.000000,0.000000,0.000000,0.000000,-0.411719,
1625014149.000000,139616949.000000,-0.061336,-1.462765,0.000000,0.000000,0.000000,-0.999246,0.038829,0.062893,0.000000,0.000000,0.000000,0.000000,-0.455233,
1625014149.000000,172616949.000000,-0.063482,-1.462917,0.000000,0.000000,0.000000,-0.999498,0.031695,0.065194,0.000000,0.000000,0.000000,0.000000,-0.432617,
1625014149.000000,205616949.000000,-0.065554,-1.463034,0.000000,0.000000,0.000000,-0.999687,0.024998,0.062893,0.000000,0.000000,0.000000,0.000000,-0.406076,
1625014149.000000,238616949.000000,-0.067577,-1.463122,0.000000,0.000000,0.000000,-0.999837,0.018083,0.061359,0.000000,0.000000,0.000000,0.000000,-0.419186,
1625014149.000000,271616949.000000,-0.069753,-1.463184,0.000000,0.000000,0.000000,-0.999946,0.010433,0.065961,0.000000,0.000000,0.000000,0.000000,-0.463680,
1625014149.000000,304616949.000000,-0.071853,-1.463213,0.000000,0.000000,0.000000,-0.999994,0.003554,0.063660,0.000000,0.000000,0.000000,0.000000,-0.416946,
1625014149.000000,337616949.000000,-0.073954,-1.463214,0.000000,0.000000,0.000000,-0.999994,-0.003336,0.063660,0.000000,0.000000,0.000000,0.000000,-0.417559,
1625014149.000000,370616949.000000,-0.076055,-1.463183,0.000000,0.000000,0.000000,-0.999939,-0.011011,0.063660,0.000000,0.000000,0.000000,0.000000,-0.465183,
1625014149.000000,403616949.000000,-0.078155,-1.463123,0.000000,0.000000,0.000000,-0.999843,-0.017694,0.063660,0.000000,0.000000,0.000000,0.000000,-0.405032,
1625014149.000000,436616949.000000,-0.080203,-1.463036,0.000000,0.000000,0.000000,-0.999697,-0.024609,0.062126,0.000000,0.000000,0.000000,0.000000,-0.419213,
1625014149.000000,469616949.000000,-0.082376,-1.462913,0.000000,0.000000,0.000000,-0.999480,-0.032249,0.065961,0.000000,0.000000,0.000000,0.000000,-0.463232,
